sample_id,gold_summary,t5_summary,t5_metrics,lora_summary_before,lora_metrics_before,lora_summary_after,lora_metrics_after,model_tag
1,"Conventional RGB-based high dynamic range (HDR) imaging faces a fundamental trade-off between motion artifacts in multi-exposure captures and irreversible information loss in single-shot techniques. Modulo sensors offer a promising alternative by encoding theoretically unbounded dynamic range into wrapped measurements. However, existing modulo solutions remain bottlenecked by iterative unwrapping overhead and hardware constraints limiting them to low-speed, grayscale capture. In this work, we present a complete modulo-based HDR imaging system that enables high-speed, full-color HDR acquisition by synergistically advancing both the sensing formulation and the unwrapping algorithm. At the core of our approach is an exposure-decoupled formulation of modulo imaging that allows multiple measurements to be interleaved in time, preserving a clean, observation-wise measurement model. Building upon this, we introduce an iteration-free unwrapping algorithm that integrates diffusion-based generative priors with the physical least absolute remainder property of modulo images, supporting highly efficient, physics-consistent HDR reconstruction. Finally, to validate the practical viability of our system, we demonstrate a proof-of-concept hardware implementation based on modulo-encoded spike streams. This setup preserves the native high temporal resolution of spike cameras, achieving 1000 FPS full-color imaging while reducing output data bandwidth from approximately 20 Gbps to 6 Gbps. Extensive evaluations indicate that our coordinated approach successfully overcomes key systemic bottlenecks, demonstrating the feasibility of deploying modulo imaging in dynamic scenarios.",high dynamic range (HDR) imaging has become an essential area of study . we introduce a cyclic encoding that embeds into a sinusoidal space . it can operate robustly for FPS HDR imaging with a s unwrapping time per frame .,"{""R1_F1"": 0.15613382899628253, ""R1_P"": 0.5526315789473685, ""R1_R"": 0.09090909090909091, ""R2_F1"": 0.0449438202247191, ""R2_P"": 0.16216216216216217, ""R2_R"": 0.02608695652173913, ""R3_F1"": 0.022641509433962263, ""R3_P"": 0.08333333333333333, ""R3_R"": 0.013100436681222707, ""RL_F1"": 0.09665427509293681, ""RL_P"": 0.34210526315789475, ""RL_R"": 0.05627705627705628, ""BS_F1"": 0.8384864926338196, ""BS_P"": 0.8616694808006287, ""BS_R"": 0.8165181875228882, ""FAITH"": 0.9865121046702067}","High dynamic range (HDR) imaging has become an essential area of study for preserving perceptual visual quality and ensuring the robustness of downstream computer vision tasks. To achieve HDR imaging, we propose a modulo-based unwrapping algorithm that focuses on the modulo imaging formulation and does not explicitly address the demosaicing problem. We propose a non-Bayer chromatic sampling pattern, which favors direct full-color acquisition at the cost of reduced spatial resolution. The proposed algorithm is based on cyclic encoding, which embeds into a sinusoidal space, enabling the refiner to explicitly reason about modulo periodicity. Extensive experiments on synthetic benchmarks, downstream application scenarios, and real-captured data collectively demonstrate the viability of our system.","{""R1_F1"": 0.3526011560693641, ""R1_P"": 0.5304347826086957, ""R1_R"": 0.26406926406926406, ""R2_F1"": 0.09883720930232559, ""R2_P"": 0.14912280701754385, ""R2_R"": 0.07391304347826087, ""R3_F1"": 0.035087719298245605, ""R3_P"": 0.05309734513274336, ""R3_R"": 0.026200873362445413, ""RL_F1"": 0.17341040462427745, ""RL_P"": 0.2608695652173913, ""RL_R"": 0.12987012987012986, ""BS_F1"": 0.8533272743225098, ""BS_P"": 0.8600786328315735, ""BS_R"": 0.8466812372207642, ""FAITH"": 0.9449052929878234}","High dynamic range (HDR) imaging has become an essential area of study for preserving perceptual visual quality and ensuring the robustness of downstream computer vision tasks. To achieve HDR imaging, we propose a modulo-based unwrapping algorithm that focuses on the modulo imaging formulation and does not explicitly address the demosaicing problem. The proposed algorithm is based on cyclic encoding, which embeds into a sinusoidal space, enabling the refiner to explicitly reason about modulo periodicity. Extensive experiments on synthetic benchmarks, downstream application scenarios, and real-captured data collectively demonstrate the viability of our system.","{""R1_F1"": 0.31384615384615383, ""R1_P"": 0.5425531914893617, ""R1_R"": 0.22077922077922077, ""R2_F1"": 0.09287925696594428, ""R2_P"": 0.16129032258064516, ""R2_R"": 0.06521739130434782, ""R3_F1"": 0.03738317757009346, ""R3_P"": 0.06521739130434782, ""R3_R"": 0.026200873362445413, ""RL_F1"": 0.16615384615384615, ""RL_P"": 0.2872340425531915, ""RL_R"": 0.11688311688311688, ""BS_F1"": 0.8516175746917725, ""BS_P"": 0.862774670124054, ""BS_R"": 0.840745210647583, ""FAITH"": 0.9409105181694031}",lora_t5_r8_alpha16
2,"The rapid progress of Artificial Intelligence Generated Content (AIGC) tools enables images, videos, and visualizations to be created on demand for webpage design, offering a flexible and increasingly adopted paradigm for modern UI/UX. However, directly integrating such tools into automated webpage generation often leads to style inconsistency and poor global coherence, as elements are generated in isolation. We propose MM-WebAgent, a hierarchical agentic framework for multimodal webpage generation that coordinates AIGC-based element generation through hierarchical planning and iterative self-reflection. MM-WebAgent jointly optimizes global layout, local multimodal content, and their integration, producing coherent and visually consistent webpages. We further introduce MM-WebGEN-Bench and a multi-level evaluation protocol for systematic assessment. Experiments demonstrate that MM-WebAgent outperforms code-generation and agent-based baselines, especially on multimodal element generation and integration.","webpage generation is a practical and high-impact application of large language models . real-world webpages contain heterogeneous multimodal elements such as images, videos, and charts . most existing pipelines populate these elements via retrieval or placeholders .","{""R1_F1"": 0.16374269005847952, ""R1_P"": 0.3888888888888889, ""R1_R"": 0.1037037037037037, ""R2_F1"": 0.04733727810650888, ""R2_P"": 0.11428571428571428, ""R2_R"": 0.029850746268656716, ""R3_F1"": 0.011976047904191616, ""R3_P"": 0.029411764705882353, ""R3_R"": 0.007518796992481203, ""RL_F1"": 0.09356725146198831, ""RL_P"": 0.2222222222222222, ""RL_R"": 0.05925925925925926, ""BS_F1"": 0.8453391790390015, ""BS_P"": 0.8628673553466797, ""BS_R"": 0.8285089731216431, ""FAITH"": 0.9229950110117594}","Webpage generation is a practical and high-impact application of large language models (LLMs):real-world webpages contain heterogeneous multimodal elements such as images, videos, and charts, whose content, style, and geometry must cohere with the global layout and the semantic intent. Existing pipelines typically populate these elements via retrieval or placeholders, and then generate or insert assets independently. This often leads to (i) across elements, (ii) between generated media and reserved slots, and (iii) after assets are composed into the page, and (iii) after assets are composed into the page, and (iii) after they are created, and (iii) after they are assembled into the page. We evaluate under different webpage generation paradigms, where layout, style, and aesthetics measure global page-level quality, while image, video, and chart assess the integration of local multimodal elements. The system achieves the best performance on both global and local metrics, with an average score of 0.75. These results demonstrate the advantage of treating multimodal content generation as a first-class action within the agent loop.","{""R1_F1"": 0.3506493506493506, ""R1_P"": 0.31213872832369943, ""R1_R"": 0.4, ""R2_F1"": 0.06535947712418301, ""R2_P"": 0.05813953488372093, ""R2_R"": 0.07462686567164178, ""R3_F1"": 0.013157894736842105, ""R3_P"": 0.011695906432748537, ""R3_R"": 0.015037593984962405, ""RL_F1"": 0.14285714285714288, ""RL_P"": 0.12716763005780346, ""RL_R"": 0.16296296296296298, ""BS_F1"": 0.8459864854812622, ""BS_P"": 0.8392854928970337, ""BS_R"": 0.8527953624725342, ""FAITH"": 0.8983287115891775}","Webpage generation is a practical and high-impact application of large language models (LLMs):real-world webpages contain heterogeneous multimodal elements such as images, videos, and charts, whose content, style, and geometry must cohere with the global layout and the semantic intent. Existing pipelines typically populate these elements via retrieval or placeholders, and then generate or insert assets independently. We evaluate under different webpage generation paradigms, where layout, style, and aesthetics measure global page-level quality, while image, video, and chart assess the integration of local multimodal elements. The system achieves the best performance on both global and local metrics, with an average score of 0.75. These results demonstrate the advantage of treating multimodal content generation as a first-class action within the agent loop.","{""R1_F1"": 0.3524904214559387, ""R1_P"": 0.36507936507936506, ""R1_R"": 0.34074074074074073, ""R2_F1"": 0.06177606177606178, ""R2_P"": 0.064, ""R2_R"": 0.05970149253731343, ""R3_F1"": 0.007782101167315175, ""R3_P"": 0.008064516129032258, ""R3_R"": 0.007518796992481203, ""RL_F1"": 0.1532567049808429, ""RL_P"": 0.15873015873015872, ""RL_R"": 0.14814814814814814, ""BS_F1"": 0.8573880195617676, ""BS_P"": 0.8605879545211792, ""BS_R"": 0.8542118072509766, ""FAITH"": 0.961620283126831}",lora_t5_r8_alpha16
3,"While LLMs have demonstrated remarkable potential in Question Answering (QA), evaluating personalization remains a critical bottleneck. Existing paradigms predominantly rely on lexical-level similarity or manual heuristics, often lacking sufficient data-driven validation. We address this by mining Community-Individual Preference Divergence (CIPD), where individual choices override consensus, to distill six key personalization factors as evaluative dimensions. Accordingly, we introduce CoPA, a benchmark with 1,985 user profiles for fine-grained, factor-level assessment. By quantifying the alignment between model outputs and user-specific cognitive preferences inferred from interaction patterns, CoPA provides a more comprehensive and discriminative standard for evaluating personalized QA than generic metrics. The code is available at .","Personalized Question Answering (QA) marks a paradigm shift from static, generic responses to dynamic, user-centric knowledge delivery .","{""R1_F1"": 0.15625, ""R1_P"": 0.5555555555555556, ""R1_R"": 0.09090909090909091, ""R2_F1"": 0.031746031746031744, ""R2_P"": 0.11764705882352941, ""R2_R"": 0.01834862385321101, ""R3_F1"": 0.016129032258064516, ""R3_P"": 0.0625, ""R3_R"": 0.009259259259259259, ""RL_F1"": 0.10937499999999997, ""RL_P"": 0.3888888888888889, ""RL_R"": 0.06363636363636363, ""BS_F1"": 0.8520329594612122, ""BS_P"": 0.8883365988731384, ""BS_R"": 0.818580150604248, ""FAITH"": 0.980903148651123}","Large Language Models (LLMs) have significantly advanced personalized QA, leveraging their instruction-following and context-adaptation capabilities to dynamically generate such tailored responses. However, existing evaluation protocols for personalized generative responses remain limited due to the inherent biases of LLMs. To address this challenge, we propose a framework that integrates large language models (LLMs) at multiple stages, including principle induction, factor distillation, and evaluation. This framework incorporates a human-in-the-loop validation mechanism to ensure the quality of the generated outputs. Our framework is based on a robust evaluation protocol that captures user preference through a wide range of application domains.","{""R1_F1"": 0.3207547169811321, ""R1_P"": 0.3333333333333333, ""R1_R"": 0.3090909090909091, ""R2_F1"": 0.02857142857142857, ""R2_P"": 0.0297029702970297, ""R2_R"": 0.027522935779816515, ""R3_F1"": 0.0, ""R3_P"": 0.0, ""R3_R"": 0.0, ""RL_F1"": 0.1509433962264151, ""RL_P"": 0.1568627450980392, ""RL_R"": 0.14545454545454545, ""BS_F1"": 0.8504225611686707, ""BS_P"": 0.8580014705657959, ""BS_R"": 0.842976450920105, ""FAITH"": 0.43136006593704224}","Large Language Models (LLMs) have significantly advanced personalized QA, leveraging their instruction-following and context-adaptation capabilities to dynamically generate such tailored responses. However, existing evaluation protocols for personalized generative responses remain limited due to the inherent biases of LLMs. This framework incorporates a human-in-the-loop validation mechanism to ensure the quality of the generated outputs. Our framework is based on a robust evaluation protocol that captures user preference through a wide range of application domains.","{""R1_F1"": 0.28723404255319146, ""R1_P"": 0.34615384615384615, ""R1_R"": 0.24545454545454545, ""R2_F1"": 0.021505376344086023, ""R2_P"": 0.025974025974025976, ""R2_R"": 0.01834862385321101, ""R3_F1"": 0.0, ""R3_P"": 0.0, ""R3_R"": 0.0, ""RL_F1"": 0.14893617021276595, ""RL_P"": 0.1794871794871795, ""RL_R"": 0.12727272727272726, ""BS_F1"": 0.8499595522880554, ""BS_P"": 0.8619544506072998, ""BS_R"": 0.8382939696311951, ""FAITH"": 0.3115426301956177}",lora_t5_r8_alpha16
4,"Large vision-language models (VLMs) are enabling interactive video reasoning, giving rise to streaming long-video understanding. In this setting, frames arrive continuously, while the system preserves long-term context and generates responses under strict latency constraints. A central challenge is KVCache management:as video streams grow, KVCache expands rapidly, increasing computation and memory overhead. Existing retrieval-based approaches exploit attention sparsity and offload inactive KVCache from GPU to CPU memory, but their token-level design causes high management overhead and fragmented data movement. We present Mosaic, the first cluster-driven VLM inference system for streaming long-video understanding. Our key insight is that VLM KVCache exhibits an implicit cross-modal clustering structure:retrieved KV states form groups jointly shaped by visual coherence and semantic relevance. Based on this observation, Mosaic uses cross-modal clusters as the basic unit of KVCache organization, maintenance, and retrieval. Evaluations show that Mosaic outperforms state-of-the-art baselines, achieving up to speedup.","early studies centered on static image-text pairs, but many of these emerging applications operate over continuous video streams . to overcome memory bottlenecks, a promising approach is to offload KVCache to CPU memory and retrieve it dynamically based on attention sparsity .","{""R1_F1"": 0.22, ""R1_P"": 0.5365853658536586, ""R1_R"": 0.13836477987421383, ""R2_F1"": 0.06060606060606061, ""R2_P"": 0.15, ""R2_R"": 0.0379746835443038, ""R3_F1"": 0.010204081632653062, ""R3_P"": 0.02564102564102564, ""R3_R"": 0.006369426751592357, ""RL_F1"": 0.14, ""RL_P"": 0.34146341463414637, ""RL_R"": 0.0880503144654088, ""BS_F1"": 0.8441630601882935, ""BS_P"": 0.8598871231079102, ""BS_R"": 0.8290036916732788, ""FAITH"": 0.9622853994369507}","Large vision-language models (VLMs) have emerged as a promising tool for streaming long video understanding. However, existing approaches typically organize KVCache at the token level, which incurs significant system overhead. To address these inefficiencies, we propose a cluster-driven VLM inference system that leverages cross-modal clustering of VLM KVCache. The system enables efficient KVCache organization, maintenance, and retrieval under offloading, achieving both higher accuracy and better system performance. In this paper, we present , a cluster-driven VLM inference system for streaming long video understanding. We demonstrate that our approach achieves both higher accuracy and better system performance.","{""R1_F1"": 0.4341085271317829, ""R1_P"": 0.5656565656565656, ""R1_R"": 0.3522012578616352, ""R2_F1"": 0.21093749999999997, ""R2_P"": 0.2755102040816326, ""R2_R"": 0.17088607594936708, ""R3_F1"": 0.13385826771653542, ""R3_P"": 0.17525773195876287, ""R3_R"": 0.10828025477707007, ""RL_F1"": 0.2558139534883721, ""RL_P"": 0.3333333333333333, ""RL_R"": 0.20754716981132076, ""BS_F1"": 0.884268581867218, ""BS_P"": 0.8995292782783508, ""BS_R"": 0.8695170879364014, ""FAITH"": 0.9108719825744629}","Large vision-language models (VLMs) have emerged as a promising tool for streaming long video understanding. However, existing approaches typically organize KVCache at the token level, which incurs significant system overhead. To address these inefficiencies, we propose a cluster-driven VLM inference system that leverages cross-modal clustering of VLM KVCache. The system enables efficient KVCache organization, maintenance, and retrieval under offloading, achieving both higher accuracy and better system performance.","{""R1_F1"": 0.3930131004366812, ""R1_P"": 0.6428571428571429, ""R1_R"": 0.2830188679245283, ""R2_F1"": 0.18502202643171806, ""R2_P"": 0.30434782608695654, ""R2_R"": 0.13291139240506328, ""R3_F1"": 0.11555555555555555, ""R3_P"": 0.19117647058823528, ""R3_R"": 0.08280254777070063, ""RL_F1"": 0.2794759825327511, ""RL_P"": 0.45714285714285713, ""RL_R"": 0.20125786163522014, ""BS_F1"": 0.8857261538505554, ""BS_P"": 0.904931902885437, ""BS_R"": 0.8673186302185059, ""FAITH"": 0.9434550851583481}",lora_t5_r8_alpha16
5,"Functional magnetic resonance imaging (fMRI) is widely used for studying and diagnosing brain disorders, with functional connectivity (FC) matrices providing powerful representations of large-scale neural interactions. However, existing diagnostic models are trained either on a single site or under full multi-site access, making them unsuitable for real-world scenarios where clinical data arrive sequentially from different institutions. This results in limited generalization and severe catastrophic forgetting. This paper presents the first continual learning framework specifically designed for fMRI-based diagnosis across heterogeneous clinical sites. Our framework introduces a structure-aware variational autoencoder that synthesizes realistic FC matrices for both patient and control groups. Built on this generative backbone, we develop a multi-level knowledge distillation strategy that aligns predictions and graph representations between new-site data and replayed samples. To further enhance efficiency, we incorporate a hierarchical contextual bandit scheme for adaptive replay sampling. Experiments on multi-site datasets for major depressive disorder (MDD), schizophrenia (SZ), and autism spectrum disorder (ASD) show that the proposed generative model enhances data augmentation quality, and the overall continual learning framework substantially outperforms existing methods in mitigating catastrophic forgetting. Our code is available at .",functional magnetic resonance imaging (fMRI) is a non-invasive technique that measures brain activity through blood-oxygen-level-dependent (BOLD) signals . existing fMRI-based diagnostic models exhibit limited reliability for practical clinical deployment .,"{""R1_F1"": 0.16, ""R1_P"": 0.5454545454545454, ""R1_R"": 0.09375, ""R2_F1"": 0.06278026905829596, ""R2_P"": 0.21875, ""R2_R"": 0.03664921465968586, ""R3_F1"": 0.03619909502262443, ""R3_P"": 0.12903225806451613, ""R3_R"": 0.021052631578947368, ""RL_F1"": 0.11555555555555555, ""RL_P"": 0.3939393939393939, ""RL_R"": 0.06770833333333333, ""BS_F1"": 0.8342001438140869, ""BS_P"": 0.8615247011184692, ""BS_R"": 0.8085556030273438, ""FAITH"": 0.9822739362716675}","Functional magnetic resonance imaging (fMRI) is a non-invasive technique that measures brain activity through blood-oxygen-level-dependent (BOLD) signals. However, existing fMRI-based diagnostic models still exhibit limited reliability for practical clinical deployment. We introduce FORGE, the first continual learning framework for fMRI-based brain disorder diagnosis. At its core, FCM-VAE is a structure-aware generative model that synthesizes high-quality functional connectivity matrices, providing a viable solution for privacy-preserving replay in clinical environments. Experiments on three large-scale neuroimaging datasets demonstrate consistent improvements in accuracy and substantial reductions in forgetting compared with state-of-the-art approaches.","{""R1_F1"": 0.40816326530612246, ""R1_P"": 0.5882352941176471, ""R1_R"": 0.3125, ""R2_F1"": 0.1506849315068493, ""R2_P"": 0.21782178217821782, ""R2_R"": 0.11518324607329843, ""R3_F1"": 0.06206896551724137, ""R3_P"": 0.09, ""R3_R"": 0.04736842105263158, ""RL_F1"": 0.2585034013605442, ""RL_P"": 0.37254901960784315, ""RL_R"": 0.19791666666666666, ""BS_F1"": 0.8683170080184937, ""BS_P"": 0.8833483457565308, ""BS_R"": 0.8537885546684265, ""FAITH"": 0.9638047218322754}","Functional magnetic resonance imaging (fMRI) is a non-invasive technique that measures brain activity through blood-oxygen-level-dependent (BOLD) signals. However, existing fMRI-based diagnostic models still exhibit limited reliability for practical clinical deployment. We introduce FORGE, the first continual learning framework for fMRI-based brain disorder diagnosis. At its core, FCM-VAE is a structure-aware generative model that synthesizes high-quality functional connectivity matrices, providing a viable solution for privacy-preserving replay in clinical environments. Experiments on three large-scale neuroimaging datasets demonstrate consistent improvements in accuracy and substantial reductions in forgetting compared with state-of-the-art approaches.","{""R1_F1"": 0.40816326530612246, ""R1_P"": 0.5882352941176471, ""R1_R"": 0.3125, ""R2_F1"": 0.1506849315068493, ""R2_P"": 0.21782178217821782, ""R2_R"": 0.11518324607329843, ""R3_F1"": 0.06206896551724137, ""R3_P"": 0.09, ""R3_R"": 0.04736842105263158, ""RL_F1"": 0.2585034013605442, ""RL_P"": 0.37254901960784315, ""RL_R"": 0.19791666666666666, ""BS_F1"": 0.8683170080184937, ""BS_P"": 0.8833483457565308, ""BS_R"": 0.8537885546684265, ""FAITH"": 0.9638047218322754}",lora_t5_r8_alpha16
6,"We study the Stokes–Poisson–Boltzmann equations with Dirichlet and Navier boundary conditions. The system consists of the incompressible Stokes equations coupled with a nonlinear Poisson–Boltzmann equation through electrostatic forcing and convective transport effects. To handle the Navier boundary conditions in a unified framework, we employ Nitsche’s method for their weak imposition within a conforming finite element setting. We derive a consistent and stable discrete formulation and establish the well-posedness of the resulting problem. By carefully choosing the penalty parameters, the bilinear form is shown to be coercive and continuous. A priori error estimates are proved in the natural energy norms, yielding optimal-order convergence under suitable regularity assumptions. Furthermore, we develop residual-based a posteriori error estimators that incorporate element residuals, inter-element jump residuals, and boundary residuals arising from the Nitsche formulation. The estimators are shown to be reliable and locally efficient. Numerical experiments confirm the theoretical results and demonstrate the robustness and accuracy of the proposed method for the Stokes–Poisson–Boltzmann system.","electrically charged fluid flows play an important role in several chemical applications, such as the design of nanopores for biomedical devices and the modelling of water purification systems . in this process, the motion of an electrolyte is driven by thin electric double layers that attract and repel ions near charged surfaces .","{""R1_F1"": 0.13636363636363635, ""R1_P"": 0.29411764705882354, ""R1_R"": 0.08875739644970414, ""R2_F1"": 0.0, ""R2_P"": 0.0, ""R2_R"": 0.0, ""R3_F1"": 0.0, ""R3_P"": 0.0, ""R3_R"": 0.0, ""RL_F1"": 0.0909090909090909, ""RL_P"": 0.19607843137254902, ""RL_R"": 0.05917159763313609, ""BS_F1"": 0.7929309010505676, ""BS_P"": 0.806043803691864, ""BS_R"": 0.7802377939224243, ""FAITH"": 0.9824761748313904}","Electro-osmosis is one of the simplest mechanisms for transporting electrically charged fluid without mechanical pumping. However, in many simplified situations, the electric charge density can be directly related to the electrostatic potential through simplified forms of the Poisson–Boltzmann equation. In this paper, we introduce Banach’s fixed-point theorem combined with the Babuka-Brezzi theory and the Minty-Browder theorem. We propose a finite element scheme that provides a discrete solution for the energy norm. The proposed method is based on a discrete solution with a fixed-point theorem and a fixed-point theorem coupled with the Babuka-Brezzi theory and the Minty-Browder theorem. Furthermore, a residual-based a posteriori error estimator is developed and analyzed, with reliability and efficiency rigorously established.","{""R1_F1"": 0.4149659863945578, ""R1_P"": 0.488, ""R1_R"": 0.3609467455621302, ""R2_F1"": 0.11643835616438356, ""R2_P"": 0.13709677419354838, ""R2_R"": 0.10119047619047619, ""R3_F1"": 0.041379310344827586, ""R3_P"": 0.04878048780487805, ""R3_R"": 0.03592814371257485, ""RL_F1"": 0.217687074829932, ""RL_P"": 0.256, ""RL_R"": 0.1893491124260355, ""BS_F1"": 0.852436363697052, ""BS_P"": 0.8559952974319458, ""BS_R"": 0.8489068746566772, ""FAITH"": 0.8962406516075134}","Electro-osmosis is one of the simplest mechanisms for transporting electrically charged fluid without mechanical pumping. However, in many simplified situations, the electric charge density can be directly related to the electrostatic potential through simplified forms of the Poisson–Boltzmann equation. In this paper, we introduce Banach’s fixed-point theorem combined with the Babuka-Brezzi theory and the Minty-Browder theorem. We propose a finite element scheme that provides a discrete solution for the energy norm. Furthermore, a residual-based a posteriori error estimator is developed and analyzed, with reliability and efficiency rigorously established.","{""R1_F1"": 0.393939393939394, ""R1_P"": 0.5473684210526316, ""R1_R"": 0.3076923076923077, ""R2_F1"": 0.09923664122137404, ""R2_P"": 0.13829787234042554, ""R2_R"": 0.07738095238095238, ""R3_F1"": 0.038461538461538464, ""R3_P"": 0.053763440860215055, ""R3_R"": 0.029940119760479042, ""RL_F1"": 0.2196969696969697, ""RL_P"": 0.30526315789473685, ""RL_R"": 0.17159763313609466, ""BS_F1"": 0.8534327149391174, ""BS_P"": 0.8606173396110535, ""BS_R"": 0.8463671207427979, ""FAITH"": 0.9349027514457703}",lora_t5_r8_alpha16
7,"Existing age estimation methods treat each face as an independent sample, learning a global mapping from appearance to age. This ignores a well-documented phenomenon:individuals age at different rates due to genetics, lifestyle, and health, making the mapping from face to age identity-dependent. When reference images of the same person with known ages are available, we can exploit this context to personalize the estimate. The only existing benchmark for this task (NIST FRVT) is closed-source and limited to a single reference image. In this work, we introduce OpenPAE, the first open benchmark for -shot personalized age estimation with strict evaluation protocols. We establish a hierarchy of increasingly sophisticated baselines:from arithmetic offset, through closed-form Bayesian linear regression, to a conditional attentive neural process. Our experiments show that personalization consistently improves performance, that the gains are not merely domain adaptation, and that nonlinear methods significantly outperform simpler alternatives. We release all models, code, protocols, and evaluation splits.","standard approaches learn a global mapping from facial appearance to age, treating each face as an independent sample drawn from a shared population . the difference between a person’s apparent age and their chronological age is heavily modulated by genetics, health, and lifestyle .","{""R1_F1"": 0.2857142857142857, ""R1_P"": 0.6744186046511628, ""R1_R"": 0.18125, ""R2_F1"": 0.11940298507462686, ""R2_P"": 0.2857142857142857, ""R2_R"": 0.07547169811320754, ""R3_F1"": 0.09045226130653265, ""R3_P"": 0.21951219512195122, ""R3_R"": 0.056962025316455694, ""RL_F1"": 0.15763546798029557, ""RL_P"": 0.37209302325581395, ""RL_R"": 0.1, ""BS_F1"": 0.8604599833488464, ""BS_P"": 0.8904221057891846, ""BS_R"": 0.8324486017227173, ""FAITH"": 0.9519244730472565}","Attention Global (Attn-G) is a nonlinear model for age estimation. It operates on the exact same CLS-token embedding as the Global model and BLR, but it operates on a very compact context set that can be processed using unrestricted self-attention. We introduce Attention Global (Attn-G), a benchmark that evaluates the accuracy of Attention Global (Attn-G) by training exclusively on the CSFD dataset and testing across diverse target datasets. We demonstrate that our baseline evaluation demonstrates that human aging trajectories are highly complex and identity-dependent; effectively modeling them requires deep models and joint-context aggregation rather than simple arithmetic offsets.","{""R1_F1"": 0.3169811320754717, ""R1_P"": 0.4, ""R1_R"": 0.2625, ""R2_F1"": 0.030418250950570346, ""R2_P"": 0.038461538461538464, ""R2_R"": 0.025157232704402517, ""R3_F1"": 0.0, ""R3_P"": 0.0, ""R3_R"": 0.0, ""RL_F1"": 0.1509433962264151, ""RL_P"": 0.19047619047619047, ""RL_R"": 0.125, ""BS_F1"": 0.8370888233184814, ""BS_P"": 0.8375711441040039, ""BS_R"": 0.8366071581840515, ""FAITH"": 0.8019767701625824}",Attention Global (Attn-G) is a nonlinear model for age estimation. We demonstrate that our baseline evaluation demonstrates that human aging trajectories are highly complex and identity-dependent; effectively modeling them requires deep models and joint-context aggregation rather than simple arithmetic offsets.,"{""R1_F1"": 0.23645320197044334, ""R1_P"": 0.5581395348837209, ""R1_R"": 0.15, ""R2_F1"": 0.029850746268656716, ""R2_P"": 0.07142857142857142, ""R2_R"": 0.018867924528301886, ""R3_F1"": 0.0, ""R3_P"": 0.0, ""R3_R"": 0.0, ""RL_F1"": 0.12807881773399016, ""RL_P"": 0.3023255813953488, ""RL_R"": 0.08125, ""BS_F1"": 0.8474617004394531, ""BS_P"": 0.8650113940238953, ""BS_R"": 0.830609917640686, ""FAITH"": 0.911789208650589}",lora_t5_r8_alpha16
8,"We consider a coded caching problem with multiple demands under a privacy constraint. In this problem, a server with access to files serves users over a shared link, and each user requests distinct files. The privacy constraint requires that each user obtain no information about the demands of the other users. We propose a new achievable scheme for arbitrary numbers of files and users. The scheme is obtained via a transformation from a non-private coded caching scheme under uncoded placement for files and users, where each user requests one file and the demands are restricted to a subset of all possible demands. We then derive a converse bound, and the proposed scheme is shown to be order optimal within a factor of 6 of this bound.","coded caching, formulated by Maddah-Ali and Niesen in , has received significant attention . the system consists of two phases:a placement phase, where each user fills its cache as a function of the files, and a delivery phase . in the delivery phase, each user requests one file, and the server broadcasts a message to ensure that each user can decode its requested file .","{""R1_F1"": 0.35789473684210527, ""R1_P"": 0.5396825396825397, ""R1_R"": 0.2677165354330709, ""R2_F1"": 0.1382978723404255, ""R2_P"": 0.20967741935483872, ""R2_R"": 0.10317460317460317, ""R3_F1"": 0.07526881720430108, ""R3_P"": 0.11475409836065574, ""R3_R"": 0.056, ""RL_F1"": 0.2105263157894737, ""RL_P"": 0.31746031746031744, ""RL_R"": 0.15748031496062992, ""BS_F1"": 0.8369458317756653, ""BS_P"": 0.8383491039276123, ""BS_R"": 0.8355472087860107, ""FAITH"": 0.9475433826446533}","Coded caching, formulated by Maddah-Ali and Niesen in , has received significant attention in recent years. However, the problem is to characterize the tradeoff between the cache size and the worst-case rate of the broadcast message, i.e., the memory-rate tradeoff. In this paper, we propose a new achievable scheme for demand-private coded caching with multiple demands. The proposed scheme is based on a transformation from an RD-NP-UCC scheme to a scheme for demand-private coded caching with multiple demands. We also establish a converse bound, showing that the proposed scheme is order optimal within a factor of , thereby covering regimes that were previously open.","{""R1_F1"": 0.4641350210970464, ""R1_P"": 0.5, ""R1_R"": 0.4330708661417323, ""R2_F1"": 0.24680851063829787, ""R2_P"": 0.26605504587155965, ""R2_R"": 0.23015873015873015, ""R3_F1"": 0.12875536480686695, ""R3_P"": 0.1388888888888889, ""R3_R"": 0.12, ""RL_F1"": 0.3459915611814346, ""RL_P"": 0.37272727272727274, ""RL_R"": 0.3228346456692913, ""BS_F1"": 0.8684093356132507, ""BS_P"": 0.8659866452217102, ""BS_R"": 0.8708456754684448, ""FAITH"": 0.716834032535553}","Coded caching, formulated by Maddah-Ali and Niesen in , has received significant attention in recent years. However, the problem is to characterize the tradeoff between the cache size and the worst-case rate of the broadcast message, i.e., the memory-rate tradeoff. In this paper, we propose a new achievable scheme for demand-private coded caching with multiple demands.","{""R1_F1"": 0.32085561497326204, ""R1_P"": 0.5, ""R1_R"": 0.23622047244094488, ""R2_F1"": 0.15135135135135136, ""R2_P"": 0.23728813559322035, ""R2_R"": 0.1111111111111111, ""R3_F1"": 0.07650273224043716, ""R3_P"": 0.1206896551724138, ""R3_R"": 0.056, ""RL_F1"": 0.21390374331550802, ""RL_P"": 0.3333333333333333, ""RL_R"": 0.15748031496062992, ""BS_F1"": 0.8425008058547974, ""BS_P"": 0.8452556133270264, ""BS_R"": 0.839763879776001, ""FAITH"": 0.5800157984097799}",lora_t5_r8_alpha16
9,"Traditional neural network models for intent inference rely heavily on observable states and struggle to generalize across diverse tasks and dynamic environments. Recent advances in Vision–Language Models (VLMs) and Vision–Language–Action (VLA) models introduce common-sense reasoning through large-scale multimodal pretraining, enabling zero-shot performance across tasks. However, these models still lack explicit mechanisms to represent and update belief, limiting their ability to reason like humans or capture the evolving human intent over long-horizon. To address this, we propose a belief-aware VLM framework that integrates retrieval-based memory and reinforcement learning. Instead of learning an explicit belief model, we approximate belief using a vector-based memory that retrieves relevant multimodal context, which is incorporated into the VLM for reasoning. We further refine decision-making using a reinforcement learning policy over the VLM latent space. We evaluate our approach on publicly available VQA datasets such as HD-EPIC and demonstrate consistent improvements over zero-shot baselines, highlighting the importance of belief-aware reasoning.","classic frameworks such as Markov Decision Processes (MDPs) and Partially Observable MDPs (POMDPs) explicitly model latent states and belief updates . these formulations have also inspired cognitive models of human reasoning, where agents maintain and update beliefs about others’ intents .","{""R1_F1"": 0.1941747572815534, ""R1_P"": 0.5128205128205128, ""R1_R"": 0.11976047904191617, ""R2_F1"": 0.03921568627450981, ""R2_P"": 0.10526315789473684, ""R2_R"": 0.024096385542168676, ""R3_F1"": 0.009900990099009901, ""R3_P"": 0.02702702702702703, ""R3_R"": 0.006060606060606061, ""RL_F1"": 0.08737864077669905, ""RL_P"": 0.23076923076923078, ""RL_R"": 0.05389221556886228, ""BS_F1"": 0.8347879648208618, ""BS_P"": 0.8533022403717041, ""BS_R"": 0.8170600533485413, ""FAITH"": 0.960046648979187}","We present a belief-aware vision–language model for egocentric video reasoning that explicitly incorporates latent states and belief updates to capture intent and contextual dependencies. Our approach leverages a retrieval-based memory of past multimodal experiences and refining the policy with reinforcement learning, enabling more consistent and goal-directed decision-making compared to standard VLMs. Experiments on the HD-EPIC dataset demonstrate significant improvements over strong baselines across diverse VQA tasks, particularly in scenarios requiring temporal reasoning and intent inference.","{""R1_F1"": 0.47580645161290325, ""R1_P"": 0.7283950617283951, ""R1_R"": 0.3532934131736527, ""R2_F1"": 0.1219512195121951, ""R2_P"": 0.1875, ""R2_R"": 0.09036144578313253, ""R3_F1"": 0.02459016393442623, ""R3_P"": 0.0379746835443038, ""R3_R"": 0.01818181818181818, ""RL_F1"": 0.21774193548387097, ""RL_P"": 0.3333333333333333, ""RL_R"": 0.16167664670658682, ""BS_F1"": 0.8801993131637573, ""BS_P"": 0.8922538161277771, ""BS_R"": 0.8684661984443665, ""FAITH"": 0.950454592704773}","We present a belief-aware vision–language model for egocentric video reasoning that explicitly incorporates latent states and belief updates to capture intent and contextual dependencies. Our approach leverages a retrieval-based memory of past multimodal experiences and refining the policy with reinforcement learning, enabling more consistent and goal-directed decision-making compared to standard VLMs. Experiments on the HD-EPIC dataset demonstrate significant improvements over strong baselines across diverse VQA tasks, particularly in scenarios requiring temporal reasoning and intent inference.","{""R1_F1"": 0.47580645161290325, ""R1_P"": 0.7283950617283951, ""R1_R"": 0.3532934131736527, ""R2_F1"": 0.1219512195121951, ""R2_P"": 0.1875, ""R2_R"": 0.09036144578313253, ""R3_F1"": 0.02459016393442623, ""R3_P"": 0.0379746835443038, ""R3_R"": 0.01818181818181818, ""RL_F1"": 0.21774193548387097, ""RL_P"": 0.3333333333333333, ""RL_R"": 0.16167664670658682, ""BS_F1"": 0.8801993131637573, ""BS_P"": 0.8922538161277771, ""BS_R"": 0.8684661984443665, ""FAITH"": 0.950454592704773}",lora_t5_r8_alpha16
10,"Continual Learning (CL) aims to train neural networks on a dynamic stream of tasks without forgetting previously learned knowledge. Among optimization-based approaches, C-Flat has emerged as a promising solution due to its plug-and-play nature and its ability to encourage uniformly low-loss regions for both new and old tasks. However, C-Flat requires three additional gradient computations per iteration, imposing substantial overhead on the optimization process. In this work, we propose C-Flat Turbo, a faster yet stronger optimizer that significantly reduces the training cost. We show that the gradients associated with first-order flatness contain direction-invariant components relative to the proxy-model gradients, enabling us to skip redundant gradient computations in the perturbed ascent steps. Moreover, we observe that these flatness-promoting gradients progressively stabilize across tasks, which motivates a linear scheduling strategy with an adaptive trigger to allocate larger turbo steps for later tasks. Experiments show that C-Flat Turbo is 1.0× to 1.25× faster than C-Flat across a wide range of CL methods, while achieving comparable or even improved accuracy.",continual learning (CL) is a process of learning incrementally . a major obstacle is catastrophic forgetting . various approaches have been proposed to address this challenge .,"{""R1_F1"": 0.13658536585365852, ""R1_P"": 0.5833333333333334, ""R1_R"": 0.07734806629834254, ""R2_F1"": 0.019704433497536946, ""R2_P"": 0.08695652173913043, ""R2_R"": 0.011111111111111112, ""R3_F1"": 0.009950248756218907, ""R3_P"": 0.045454545454545456, ""R3_R"": 0.00558659217877095, ""RL_F1"": 0.0878048780487805, ""RL_P"": 0.375, ""RL_R"": 0.049723756906077346, ""BS_F1"": 0.8258817195892334, ""BS_P"": 0.8542956113815308, ""BS_R"": 0.7992970943450928, ""FAITH"": 0.9363462726275126}","Continuous learning (CL) is expected to absorb new knowledge incrementally, a process known as continual learning (CL). To address this challenge, several approaches have been proposed, including memory-based, regularization-based, expansion-based, and pre-trained model (PTM)-based methods. However, these approaches lack robust generalization capabilities due to their high-curvature nature and high-sensitivity to parameter changes. We present C-Flat Turbo, an adaptive optimization method that optimizes for flat regions, thereby reducing forgetting. We demonstrate that adaptively modifying the oracle gradient can yield tangible efficiency gains in continual learning. Our results demonstrate that adaptively modifying the oracle gradient can yield tangible efficiency gains in continuous learning.","{""R1_F1"": 0.35172413793103446, ""R1_P"": 0.46788990825688076, ""R1_R"": 0.281767955801105, ""R2_F1"": 0.04861111111111111, ""R2_P"": 0.06481481481481481, ""R2_R"": 0.03888888888888889, ""R3_F1"": 0.013986013986013986, ""R3_P"": 0.018691588785046728, ""R3_R"": 0.0111731843575419, ""RL_F1"": 0.18620689655172415, ""RL_P"": 0.24770642201834864, ""RL_R"": 0.14917127071823205, ""BS_F1"": 0.8561815023422241, ""BS_P"": 0.8664615750312805, ""BS_R"": 0.8461426496505737, ""FAITH"": 0.5488938291867574}","Continuous learning (CL) is expected to absorb new knowledge incrementally, a process known as continual learning (CL). To address this challenge, several approaches have been proposed, including memory-based, regularization-based, expansion-based, and pre-trained model (PTM)-based methods. However, these approaches lack robust generalization capabilities due to their high-curvature nature and high-sensitivity to parameter changes. We present C-Flat Turbo, an adaptive optimization method that optimizes for flat regions, thereby reducing forgetting. We demonstrate that adaptively modifying the oracle gradient can yield tangible efficiency gains in continual learning.","{""R1_F1"": 0.3443223443223444, ""R1_P"": 0.5108695652173914, ""R1_R"": 0.2596685082872928, ""R2_F1"": 0.05166051660516605, ""R2_P"": 0.07692307692307693, ""R2_R"": 0.03888888888888889, ""R3_F1"": 0.014869888475836432, ""R3_P"": 0.022222222222222223, ""R3_R"": 0.0111731843575419, ""RL_F1"": 0.18315018315018314, ""RL_P"": 0.2717391304347826, ""RL_R"": 0.13812154696132597, ""BS_F1"": 0.8600500226020813, ""BS_P"": 0.8731313943862915, ""BS_R"": 0.8473547697067261, ""FAITH"": 0.4624801278114319}",lora_t5_r8_alpha16
1,"Conventional RGB-based high dynamic range (HDR) imaging faces a fundamental trade-off between motion artifacts in multi-exposure captures and irreversible information loss in single-shot techniques. Modulo sensors offer a promising alternative by encoding theoretically unbounded dynamic range into wrapped measurements. However, existing modulo solutions remain bottlenecked by iterative unwrapping overhead and hardware constraints limiting them to low-speed, grayscale capture. In this work, we present a complete modulo-based HDR imaging system that enables high-speed, full-color HDR acquisition by synergistically advancing both the sensing formulation and the unwrapping algorithm. At the core of our approach is an exposure-decoupled formulation of modulo imaging that allows multiple measurements to be interleaved in time, preserving a clean, observation-wise measurement model. Building upon this, we introduce an iteration-free unwrapping algorithm that integrates diffusion-based generative priors with the physical least absolute remainder property of modulo images, supporting highly efficient, physics-consistent HDR reconstruction. Finally, to validate the practical viability of our system, we demonstrate a proof-of-concept hardware implementation based on modulo-encoded spike streams. This setup preserves the native high temporal resolution of spike cameras, achieving 1000 FPS full-color imaging while reducing output data bandwidth from approximately 20 Gbps to 6 Gbps. Extensive evaluations indicate that our coordinated approach successfully overcomes key systemic bottlenecks, demonstrating the feasibility of deploying modulo imaging in dynamic scenarios.",high dynamic range (HDR) imaging has become an essential area of study . we introduce a cyclic encoding that embeds into a sinusoidal space . it can operate robustly for FPS HDR imaging with a s unwrapping time per frame .,"{""R1_F1"": 0.15613382899628253, ""R1_P"": 0.5526315789473685, ""R1_R"": 0.09090909090909091, ""R2_F1"": 0.0449438202247191, ""R2_P"": 0.16216216216216217, ""R2_R"": 0.02608695652173913, ""R3_F1"": 0.022641509433962263, ""R3_P"": 0.08333333333333333, ""R3_R"": 0.013100436681222707, ""RL_F1"": 0.09665427509293681, ""RL_P"": 0.34210526315789475, ""RL_R"": 0.05627705627705628, ""BS_F1"": 0.8384864926338196, ""BS_P"": 0.8616694808006287, ""BS_R"": 0.8165181875228882, ""FAITH"": 0.9865121046702067}","High dynamic range (HDR) imaging is essential for preserving perceptual quality and ensuring the robustness of downstream computer vision tasks. Existing methods typically reconstruct HDR content from conventional LDR observations, but they often fail to explicitly reason about modulo periodicity. To address this problem, we propose a novel unwrapping algorithm that focuses on the modulo imaging formulation and does not explicitly address the demosaicing problem. The proposed method employs a non-Bayer chromatic sampling pattern, which favors direct full-color acquisition at the cost of reduced spatial resolution. Extensive experiments on synthetic benchmarks, downstream application scenarios, and real-captured data collectively demonstrate the practical viability of our system.","{""R1_F1"": 0.3185840707964602, ""R1_P"": 0.5, ""R1_R"": 0.23376623376623376, ""R2_F1"": 0.09495548961424331, ""R2_P"": 0.14953271028037382, ""R2_R"": 0.06956521739130435, ""R3_F1"": 0.04776119402985075, ""R3_P"": 0.07547169811320754, ""R3_R"": 0.034934497816593885, ""RL_F1"": 0.1592920353982301, ""RL_P"": 0.25, ""RL_R"": 0.11688311688311688, ""BS_F1"": 0.8557605147361755, ""BS_P"": 0.8656594753265381, ""BS_R"": 0.8460854291915894, ""FAITH"": 0.8950119018554688}","High dynamic range (HDR) imaging is essential for preserving perceptual quality and ensuring the robustness of downstream computer vision tasks. Existing methods typically reconstruct HDR content from conventional LDR observations, but they often fail to explicitly reason about modulo periodicity. To address this problem, we propose a novel unwrapping algorithm that focuses on the modulo imaging formulation and does not explicitly address the demosaicing problem. The proposed method employs a non-Bayer chromatic sampling pattern, which favors direct full-color acquisition at the cost of reduced spatial resolution. Extensive experiments on synthetic benchmarks, downstream application scenarios, and real-captured data collectively demonstrate the practical viability of our system.","{""R1_F1"": 0.3185840707964602, ""R1_P"": 0.5, ""R1_R"": 0.23376623376623376, ""R2_F1"": 0.09495548961424331, ""R2_P"": 0.14953271028037382, ""R2_R"": 0.06956521739130435, ""R3_F1"": 0.04776119402985075, ""R3_P"": 0.07547169811320754, ""R3_R"": 0.034934497816593885, ""RL_F1"": 0.1592920353982301, ""RL_P"": 0.25, ""RL_R"": 0.11688311688311688, ""BS_F1"": 0.8557605147361755, ""BS_P"": 0.8656594753265381, ""BS_R"": 0.8460854291915894, ""FAITH"": 0.8950119018554688}",lora_t5_r16_alpha256
2,"The rapid progress of Artificial Intelligence Generated Content (AIGC) tools enables images, videos, and visualizations to be created on demand for webpage design, offering a flexible and increasingly adopted paradigm for modern UI/UX. However, directly integrating such tools into automated webpage generation often leads to style inconsistency and poor global coherence, as elements are generated in isolation. We propose MM-WebAgent, a hierarchical agentic framework for multimodal webpage generation that coordinates AIGC-based element generation through hierarchical planning and iterative self-reflection. MM-WebAgent jointly optimizes global layout, local multimodal content, and their integration, producing coherent and visually consistent webpages. We further introduce MM-WebGEN-Bench and a multi-level evaluation protocol for systematic assessment. Experiments demonstrate that MM-WebAgent outperforms code-generation and agent-based baselines, especially on multimodal element generation and integration.","webpage generation is a practical and high-impact application of large language models . real-world webpages contain heterogeneous multimodal elements such as images, videos, and charts . most existing pipelines populate these elements via retrieval or placeholders .","{""R1_F1"": 0.16374269005847952, ""R1_P"": 0.3888888888888889, ""R1_R"": 0.1037037037037037, ""R2_F1"": 0.04733727810650888, ""R2_P"": 0.11428571428571428, ""R2_R"": 0.029850746268656716, ""R3_F1"": 0.011976047904191616, ""R3_P"": 0.029411764705882353, ""R3_R"": 0.007518796992481203, ""RL_F1"": 0.09356725146198831, ""RL_P"": 0.2222222222222222, ""RL_R"": 0.05925925925925926, ""BS_F1"": 0.8453391790390015, ""BS_P"": 0.8628673553466797, ""BS_R"": 0.8285089731216431, ""FAITH"": 0.9229950110117594}","Webpage generation is a practical and high-impact application of large language models (LLMs). However, existing pipelines often generate or insert heterogeneous multimodal elements such as images, videos, and charts independently, resulting in inconsistent content, style, and geometry. We present Multimodal Asset Generation, a novel framework that integrates multimodal asset generation with agentic workflows. The system evaluates each element to identify potential visual or semantic issues, and generates corresponding refinement instructions for each element. The system then executes these instructions via specialized agents, such as image editing models, video, and chart. We evaluate the system on six evaluation dimensions:layout, style, and aesthetics measure global page-level quality, while image, video, and chart assess the quality and integration of local multimodal elements. The system achieves the best performance on both global and local metrics, with an average score of 0.75. These results highlight the limitations of code-only generation pipelines and demonstrate the advantages of treating multimodal content generation as a first-class action within the agent loop.","{""R1_F1"": 0.40131578947368424, ""R1_P"": 0.3609467455621302, ""R1_R"": 0.45185185185185184, ""R2_F1"": 0.04635761589403973, ""R2_P"": 0.041666666666666664, ""R2_R"": 0.05223880597014925, ""R3_F1"": 0.006666666666666666, ""R3_P"": 0.005988023952095809, ""R3_R"": 0.007518796992481203, ""RL_F1"": 0.15789473684210528, ""RL_P"": 0.14201183431952663, ""RL_R"": 0.17777777777777778, ""BS_F1"": 0.8663732409477234, ""BS_P"": 0.8658398389816284, ""BS_R"": 0.8669073581695557, ""FAITH"": 0.9057954102754593}","Webpage generation is a practical and high-impact application of large language models (LLMs). However, existing pipelines often generate or insert heterogeneous multimodal elements such as images, videos, and charts independently, resulting in inconsistent content, style, and geometry. We present Multimodal Asset Generation, a novel framework that integrates multimodal asset generation with agentic workflows. The system evaluates each element to identify potential visual or semantic issues, and generates corresponding refinement instructions for each element. The system then executes these instructions via specialized agents, such as image editing models, video, and chart. We evaluate the system on six evaluation dimensions:layout, style, and aesthetics measure global page-level quality, while image, video, and chart assess the quality and integration of local multimodal elements. The system achieves the best performance on both global and local metrics, with an average score of 0.75. These results highlight the limitations of code-only generation pipelines and demonstrate the advantages of treating multimodal content generation as a first-class action within the agent loop.","{""R1_F1"": 0.40131578947368424, ""R1_P"": 0.3609467455621302, ""R1_R"": 0.45185185185185184, ""R2_F1"": 0.04635761589403973, ""R2_P"": 0.041666666666666664, ""R2_R"": 0.05223880597014925, ""R3_F1"": 0.006666666666666666, ""R3_P"": 0.005988023952095809, ""R3_R"": 0.007518796992481203, ""RL_F1"": 0.15789473684210528, ""RL_P"": 0.14201183431952663, ""RL_R"": 0.17777777777777778, ""BS_F1"": 0.8663732409477234, ""BS_P"": 0.8658398389816284, ""BS_R"": 0.8669073581695557, ""FAITH"": 0.9057954102754593}",lora_t5_r16_alpha256
3,"While LLMs have demonstrated remarkable potential in Question Answering (QA), evaluating personalization remains a critical bottleneck. Existing paradigms predominantly rely on lexical-level similarity or manual heuristics, often lacking sufficient data-driven validation. We address this by mining Community-Individual Preference Divergence (CIPD), where individual choices override consensus, to distill six key personalization factors as evaluative dimensions. Accordingly, we introduce CoPA, a benchmark with 1,985 user profiles for fine-grained, factor-level assessment. By quantifying the alignment between model outputs and user-specific cognitive preferences inferred from interaction patterns, CoPA provides a more comprehensive and discriminative standard for evaluating personalized QA than generic metrics. The code is available at .","Personalized Question Answering (QA) marks a paradigm shift from static, generic responses to dynamic, user-centric knowledge delivery .","{""R1_F1"": 0.15625, ""R1_P"": 0.5555555555555556, ""R1_R"": 0.09090909090909091, ""R2_F1"": 0.031746031746031744, ""R2_P"": 0.11764705882352941, ""R2_R"": 0.01834862385321101, ""R3_F1"": 0.016129032258064516, ""R3_P"": 0.0625, ""R3_R"": 0.009259259259259259, ""RL_F1"": 0.10937499999999997, ""RL_P"": 0.3888888888888889, ""RL_R"": 0.06363636363636363, ""BS_F1"": 0.8520329594612122, ""BS_P"": 0.8883365988731384, ""BS_R"": 0.818580150604248, ""FAITH"": 0.980903148651123}","Personalized Question Answering (QA) is a paradigm shift from static, generic responses to dynamic, user-centric knowledge delivery. While Large Language Models (LLMs) have significantly advanced the field, establishing a reliable evaluation protocol for personalized QA remains a critical challenge. Existing evaluation methods typically focus on the lexical overlap between the generated text and a reference, limiting their ability to capture user preference. To address this gap, we propose a framework that leverages Large Language Models (LLMs) at multiple stages:principle induction, factor distillation, and evaluation. Our framework incorporates a human-in-the-loop validation mechanism to ensure the quality of the generated outputs. We evaluate our framework on a wide range of application domains, including physics, physics, physics, physics, physics, physics, physics, physics, physics, physics, physics, physics, physics, physics, physics, physics, physics, physics, physics, physics, physics, physics, physics, physics, physics, physics, physics, physics, physics, physics, physics, physics, physics, physics, physics, physics, physics, physics, physics, physics, physics, physics, physics, ","{""R1_F1"": 0.3345724907063197, ""R1_P"": 0.2830188679245283, ""R1_R"": 0.4090909090909091, ""R2_F1"": 0.052434456928838954, ""R2_P"": 0.04430379746835443, ""R2_R"": 0.06422018348623854, ""R3_F1"": 0.015094339622641511, ""R3_P"": 0.012738853503184714, ""R3_R"": 0.018518518518518517, ""RL_F1"": 0.1412639405204461, ""RL_P"": 0.11949685534591195, ""RL_R"": 0.17272727272727273, ""BS_F1"": 0.8242083787918091, ""BS_P"": 0.7931584715843201, ""BS_R"": 0.8577883839607239, ""FAITH"": 0.5188557555278143}","Personalized Question Answering (QA) is a paradigm shift from static, generic responses to dynamic, user-centric knowledge delivery. While Large Language Models (LLMs) have significantly advanced the field, establishing a reliable evaluation protocol for personalized QA remains a critical challenge. Existing evaluation methods typically focus on the lexical overlap between the generated text and a reference, limiting their ability to capture user preference. Our framework incorporates a human-in-the-loop validation mechanism to ensure the quality of the generated outputs.","{""R1_F1"": 0.3769633507853403, ""R1_P"": 0.4444444444444444, ""R1_R"": 0.32727272727272727, ""R2_F1"": 0.06349206349206349, ""R2_P"": 0.075, ""R2_R"": 0.05504587155963303, ""R3_F1"": 0.021390374331550804, ""R3_P"": 0.02531645569620253, ""R3_R"": 0.018518518518518517, ""RL_F1"": 0.17801047120418848, ""RL_P"": 0.20987654320987653, ""RL_R"": 0.15454545454545454, ""BS_F1"": 0.8708820939064026, ""BS_P"": 0.8864484429359436, ""BS_R"": 0.8558530211448669, ""FAITH"": 0.7991563901305199}",lora_t5_r16_alpha256
4,"Large vision-language models (VLMs) are enabling interactive video reasoning, giving rise to streaming long-video understanding. In this setting, frames arrive continuously, while the system preserves long-term context and generates responses under strict latency constraints. A central challenge is KVCache management:as video streams grow, KVCache expands rapidly, increasing computation and memory overhead. Existing retrieval-based approaches exploit attention sparsity and offload inactive KVCache from GPU to CPU memory, but their token-level design causes high management overhead and fragmented data movement. We present Mosaic, the first cluster-driven VLM inference system for streaming long-video understanding. Our key insight is that VLM KVCache exhibits an implicit cross-modal clustering structure:retrieved KV states form groups jointly shaped by visual coherence and semantic relevance. Based on this observation, Mosaic uses cross-modal clusters as the basic unit of KVCache organization, maintenance, and retrieval. Evaluations show that Mosaic outperforms state-of-the-art baselines, achieving up to speedup.","early studies centered on static image-text pairs, but many of these emerging applications operate over continuous video streams . to overcome memory bottlenecks, a promising approach is to offload KVCache to CPU memory and retrieve it dynamically based on attention sparsity .","{""R1_F1"": 0.22, ""R1_P"": 0.5365853658536586, ""R1_R"": 0.13836477987421383, ""R2_F1"": 0.06060606060606061, ""R2_P"": 0.15, ""R2_R"": 0.0379746835443038, ""R3_F1"": 0.010204081632653062, ""R3_P"": 0.02564102564102564, ""R3_R"": 0.006369426751592357, ""RL_F1"": 0.14, ""RL_P"": 0.34146341463414637, ""RL_R"": 0.0880503144654088, ""BS_F1"": 0.8441630601882935, ""BS_P"": 0.8598871231079102, ""BS_R"": 0.8290036916732788, ""FAITH"": 0.9622853994369507}","Large vision-language models (VLMs) are increasingly able to jointly reasoning over text and visual inputs. However, their performance is limited by the complexity of streaming video inputs. To address this challenge, we propose KVCache, a cluster-driven VLM inference system for streaming long video understanding. By leveraging cross-modal clustering of VLM KVCache, we enable efficient KVCache organization, maintenance, and retrieval under offloading. The system enables efficient KVCache organization, maintenance, and retrieval, enabling improved overall system performance.","{""R1_F1"": 0.44725738396624476, ""R1_P"": 0.6794871794871795, ""R1_R"": 0.3333333333333333, ""R2_F1"": 0.18723404255319148, ""R2_P"": 0.2857142857142857, ""R2_R"": 0.13924050632911392, ""R3_F1"": 0.13733905579399144, ""R3_P"": 0.21052631578947367, ""R3_R"": 0.10191082802547771, ""RL_F1"": 0.2784810126582279, ""RL_P"": 0.4230769230769231, ""RL_R"": 0.20754716981132076, ""BS_F1"": 0.8783770799636841, ""BS_P"": 0.8982194662094116, ""BS_R"": 0.8593924045562744, ""FAITH"": 0.7427432656288147}","Large vision-language models (VLMs) are increasingly able to jointly reasoning over text and visual inputs. However, their performance is limited by the complexity of streaming video inputs. To address this challenge, we propose KVCache, a cluster-driven VLM inference system for streaming long video understanding. By leveraging cross-modal clustering of VLM KVCache, we enable efficient KVCache organization, maintenance, and retrieval under offloading.","{""R1_F1"": 0.4304932735426009, ""R1_P"": 0.75, ""R1_R"": 0.3018867924528302, ""R2_F1"": 0.19004524886877827, ""R2_P"": 0.3333333333333333, ""R2_R"": 0.13291139240506328, ""R3_F1"": 0.14611872146118723, ""R3_P"": 0.25806451612903225, ""R3_R"": 0.10191082802547771, ""RL_F1"": 0.2869955156950673, ""RL_P"": 0.5, ""RL_R"": 0.20125786163522014, ""BS_F1"": 0.8841013312339783, ""BS_P"": 0.9078484177589417, ""BS_R"": 0.8615649938583374, ""FAITH"": 0.6876415759325027}",lora_t5_r16_alpha256
5,"Functional magnetic resonance imaging (fMRI) is widely used for studying and diagnosing brain disorders, with functional connectivity (FC) matrices providing powerful representations of large-scale neural interactions. However, existing diagnostic models are trained either on a single site or under full multi-site access, making them unsuitable for real-world scenarios where clinical data arrive sequentially from different institutions. This results in limited generalization and severe catastrophic forgetting. This paper presents the first continual learning framework specifically designed for fMRI-based diagnosis across heterogeneous clinical sites. Our framework introduces a structure-aware variational autoencoder that synthesizes realistic FC matrices for both patient and control groups. Built on this generative backbone, we develop a multi-level knowledge distillation strategy that aligns predictions and graph representations between new-site data and replayed samples. To further enhance efficiency, we incorporate a hierarchical contextual bandit scheme for adaptive replay sampling. Experiments on multi-site datasets for major depressive disorder (MDD), schizophrenia (SZ), and autism spectrum disorder (ASD) show that the proposed generative model enhances data augmentation quality, and the overall continual learning framework substantially outperforms existing methods in mitigating catastrophic forgetting. Our code is available at .",functional magnetic resonance imaging (fMRI) is a non-invasive technique that measures brain activity through blood-oxygen-level-dependent (BOLD) signals . existing fMRI-based diagnostic models exhibit limited reliability for practical clinical deployment .,"{""R1_F1"": 0.16, ""R1_P"": 0.5454545454545454, ""R1_R"": 0.09375, ""R2_F1"": 0.06278026905829596, ""R2_P"": 0.21875, ""R2_R"": 0.03664921465968586, ""R3_F1"": 0.03619909502262443, ""R3_P"": 0.12903225806451613, ""R3_R"": 0.021052631578947368, ""RL_F1"": 0.11555555555555555, ""RL_P"": 0.3939393939393939, ""RL_R"": 0.06770833333333333, ""BS_F1"": 0.8342001438140869, ""BS_P"": 0.8615247011184692, ""BS_R"": 0.8085556030273438, ""FAITH"": 0.9822739362716675}","Functional connectivity (FC) matrices encode pairwise correlations between brain regions, providing a principled representation of brain network topology. However, existing fMRI-based diagnostic models still exhibit limited reliability for practical clinical deployment. We introduce FORGE, the first continual learning framework for fMRI-based brain disorder diagnosis. FCM-VAE is a structure-aware generative model that synthesizes high-quality functional connectivity matrices, providing a viable solution for privacy-preserving replay in clinical environments. To address this gap, we introduce FCM-VAE, a structure-aware generative model that synthesizes high-quality functional connectivity matrices, enabling a dual-level distillation and adaptive sampling mechanism that stabilizes learning through dual-level distillation and adaptive sampling. Experiments on three large-scale neuroimaging datasets demonstrate consistent improvements in accuracy and significant reductions in forgetting compared with state-of-the-art approaches.","{""R1_F1"": 0.43425076452599387, ""R1_P"": 0.5259259259259259, ""R1_R"": 0.3697916666666667, ""R2_F1"": 0.12923076923076923, ""R2_P"": 0.15671641791044777, ""R2_R"": 0.1099476439790576, ""R3_F1"": 0.04953560371517028, ""R3_P"": 0.06015037593984962, ""R3_R"": 0.042105263157894736, ""RL_F1"": 0.26911314984709483, ""RL_P"": 0.32592592592592595, ""RL_R"": 0.22916666666666666, ""BS_F1"": 0.8686240911483765, ""BS_P"": 0.8822034597396851, ""BS_R"": 0.8554564714431763, ""FAITH"": 0.9536350766817728}","Functional connectivity (FC) matrices encode pairwise correlations between brain regions, providing a principled representation of brain network topology. However, existing fMRI-based diagnostic models still exhibit limited reliability for practical clinical deployment. We introduce FORGE, the first continual learning framework for fMRI-based brain disorder diagnosis. FCM-VAE is a structure-aware generative model that synthesizes high-quality functional connectivity matrices, providing a viable solution for privacy-preserving replay in clinical environments. Experiments on three large-scale neuroimaging datasets demonstrate consistent improvements in accuracy and significant reductions in forgetting compared with state-of-the-art approaches.","{""R1_F1"": 0.38888888888888895, ""R1_P"": 0.5833333333333334, ""R1_R"": 0.2916666666666667, ""R2_F1"": 0.13986013986013984, ""R2_P"": 0.21052631578947367, ""R2_R"": 0.10471204188481675, ""R3_F1"": 0.049295774647887314, ""R3_P"": 0.07446808510638298, ""R3_R"": 0.03684210526315789, ""RL_F1"": 0.2569444444444445, ""RL_P"": 0.3854166666666667, ""RL_R"": 0.19270833333333334, ""BS_F1"": 0.8715175986289978, ""BS_P"": 0.8914508819580078, ""BS_R"": 0.8524562120437622, ""FAITH"": 0.9650812864303588}",lora_t5_r16_alpha256
6,"We study the Stokes–Poisson–Boltzmann equations with Dirichlet and Navier boundary conditions. The system consists of the incompressible Stokes equations coupled with a nonlinear Poisson–Boltzmann equation through electrostatic forcing and convective transport effects. To handle the Navier boundary conditions in a unified framework, we employ Nitsche’s method for their weak imposition within a conforming finite element setting. We derive a consistent and stable discrete formulation and establish the well-posedness of the resulting problem. By carefully choosing the penalty parameters, the bilinear form is shown to be coercive and continuous. A priori error estimates are proved in the natural energy norms, yielding optimal-order convergence under suitable regularity assumptions. Furthermore, we develop residual-based a posteriori error estimators that incorporate element residuals, inter-element jump residuals, and boundary residuals arising from the Nitsche formulation. The estimators are shown to be reliable and locally efficient. Numerical experiments confirm the theoretical results and demonstrate the robustness and accuracy of the proposed method for the Stokes–Poisson–Boltzmann system.","electrically charged fluid flows play an important role in several chemical applications, such as the design of nanopores for biomedical devices and the modelling of water purification systems . in this process, the motion of an electrolyte is driven by thin electric double layers that attract and repel ions near charged surfaces .","{""R1_F1"": 0.13636363636363635, ""R1_P"": 0.29411764705882354, ""R1_R"": 0.08875739644970414, ""R2_F1"": 0.0, ""R2_P"": 0.0, ""R2_R"": 0.0, ""R3_F1"": 0.0, ""R3_P"": 0.0, ""R3_R"": 0.0, ""RL_F1"": 0.0909090909090909, ""RL_P"": 0.19607843137254902, ""RL_R"": 0.05917159763313609, ""BS_F1"": 0.7929309010505676, ""BS_P"": 0.806043803691864, ""BS_R"": 0.7802377939224243, ""FAITH"": 0.9824761748313904}","Electro-osmosis is one of the simplest mechanisms for transporting electrically charged fluid without mechanical pumping. In many simplified situations, the electric charge density can be directly related to the electrostatic potential within the double layer. However, the flow and pressure gradients are not strong enough to significantly influence the distribution of the electrostatic potential within the double layer. We propose a finite element scheme that uses Banach’s fixed-point theorem combined with the Babuka-Brezzi theory and the Minty-Browder theorem. Furthermore, we develop a residual-based a posteriori error estimator, which is used to evaluate its reliability and efficiency.","{""R1_F1"": 0.33948339483394835, ""R1_P"": 0.45098039215686275, ""R1_R"": 0.27218934911242604, ""R2_F1"": 0.08178438661710037, ""R2_P"": 0.10891089108910891, ""R2_R"": 0.06547619047619048, ""R3_F1"": 0.03745318352059925, ""R3_P"": 0.05, ""R3_R"": 0.029940119760479042, ""RL_F1"": 0.19926199261992622, ""RL_P"": 0.2647058823529412, ""RL_R"": 0.15976331360946747, ""BS_F1"": 0.8393483757972717, ""BS_P"": 0.850317120552063, ""BS_R"": 0.8286590576171875, ""FAITH"": 0.8971817851066589}","Electro-osmosis is one of the simplest mechanisms for transporting electrically charged fluid without mechanical pumping. In many simplified situations, the electric charge density can be directly related to the electrostatic potential within the double layer. We propose a finite element scheme that uses Banach’s fixed-point theorem combined with the Babuka-Brezzi theory and the Minty-Browder theorem. Furthermore, we develop a residual-based a posteriori error estimator, which is used to evaluate its reliability and efficiency.","{""R1_F1"": 0.3064516129032258, ""R1_P"": 0.4810126582278481, ""R1_R"": 0.22485207100591717, ""R2_F1"": 0.08130081300813007, ""R2_P"": 0.1282051282051282, ""R2_R"": 0.05952380952380952, ""R3_F1"": 0.040983606557377046, ""R3_P"": 0.06493506493506493, ""R3_R"": 0.029940119760479042, ""RL_F1"": 0.20161290322580647, ""RL_P"": 0.31645569620253167, ""RL_R"": 0.14792899408284024, ""BS_F1"": 0.8399747014045715, ""BS_P"": 0.8539102673530579, ""BS_R"": 0.8264865875244141, ""FAITH"": 0.9477048218250275}",lora_t5_r16_alpha256
7,"Existing age estimation methods treat each face as an independent sample, learning a global mapping from appearance to age. This ignores a well-documented phenomenon:individuals age at different rates due to genetics, lifestyle, and health, making the mapping from face to age identity-dependent. When reference images of the same person with known ages are available, we can exploit this context to personalize the estimate. The only existing benchmark for this task (NIST FRVT) is closed-source and limited to a single reference image. In this work, we introduce OpenPAE, the first open benchmark for -shot personalized age estimation with strict evaluation protocols. We establish a hierarchy of increasingly sophisticated baselines:from arithmetic offset, through closed-form Bayesian linear regression, to a conditional attentive neural process. Our experiments show that personalization consistently improves performance, that the gains are not merely domain adaptation, and that nonlinear methods significantly outperform simpler alternatives. We release all models, code, protocols, and evaluation splits.","standard approaches learn a global mapping from facial appearance to age, treating each face as an independent sample drawn from a shared population . the difference between a person’s apparent age and their chronological age is heavily modulated by genetics, health, and lifestyle .","{""R1_F1"": 0.2857142857142857, ""R1_P"": 0.6744186046511628, ""R1_R"": 0.18125, ""R2_F1"": 0.11940298507462686, ""R2_P"": 0.2857142857142857, ""R2_R"": 0.07547169811320754, ""R3_F1"": 0.09045226130653265, ""R3_P"": 0.21951219512195122, ""R3_R"": 0.056962025316455694, ""RL_F1"": 0.15763546798029557, ""RL_P"": 0.37209302325581395, ""RL_R"": 0.1, ""BS_F1"": 0.8604599833488464, ""BS_P"": 0.8904221057891846, ""BS_R"": 0.8324486017227173, ""FAITH"": 0.9519244730472565}","We present Attention Global (Attn-G), a nonlinearity-based benchmark for face-based age estimation. The benchmark explicitly separates true identity-specific personalization from dataset bias and age prior correction. Our baseline evaluation demonstrates that human aging trajectories are highly complex and identity-dependent; effectively modeling them requires deep models and joint-context aggregation rather than simple arithmetic offsets. We introduce a new benchmark:the -shot personalized age estimation benchmark, which is trained exclusively on the CSFD dataset and tested across diverse target datasets. The benchmark consists of almost entirely of age differences within years. The model consistently improves upon the global baseline on all datasets, but when confronted with the heavy temporal tails of AgeDB or KANFace, these large age differences fall out-of-distribution, causing the model to perform worse than the unconditioned global predictor.","{""R1_F1"": 0.37710437710437705, ""R1_P"": 0.40875912408759124, ""R1_R"": 0.35, ""R2_F1"": 0.06779661016949153, ""R2_P"": 0.07352941176470588, ""R2_R"": 0.06289308176100629, ""R3_F1"": 0.013651877133105802, ""R3_P"": 0.014814814814814815, ""R3_R"": 0.012658227848101266, ""RL_F1"": 0.1548821548821549, ""RL_P"": 0.1678832116788321, ""RL_R"": 0.14375, ""BS_F1"": 0.8480937480926514, ""BS_P"": 0.8477249145507812, ""BS_R"": 0.8484629988670349, ""FAITH"": 0.6163705289363861}","We present Attention Global (Attn-G), a nonlinearity-based benchmark for face-based age estimation. The benchmark explicitly separates true identity-specific personalization from dataset bias and age prior correction. Our baseline evaluation demonstrates that human aging trajectories are highly complex and identity-dependent; effectively modeling them requires deep models and joint-context aggregation rather than simple arithmetic offsets. We introduce a new benchmark:the -shot personalized age estimation benchmark, which is trained exclusively on the CSFD dataset and tested across diverse target datasets. The benchmark consists of almost entirely of age differences within years. The model consistently improves upon the global baseline on all datasets, but when confronted with the heavy temporal tails of AgeDB or KANFace, these large age differences fall out-of-distribution, causing the model to perform worse than the unconditioned global predictor.","{""R1_F1"": 0.37710437710437705, ""R1_P"": 0.40875912408759124, ""R1_R"": 0.35, ""R2_F1"": 0.06779661016949153, ""R2_P"": 0.07352941176470588, ""R2_R"": 0.06289308176100629, ""R3_F1"": 0.013651877133105802, ""R3_P"": 0.014814814814814815, ""R3_R"": 0.012658227848101266, ""RL_F1"": 0.1548821548821549, ""RL_P"": 0.1678832116788321, ""RL_R"": 0.14375, ""BS_F1"": 0.8480937480926514, ""BS_P"": 0.8477249145507812, ""BS_R"": 0.8484629988670349, ""FAITH"": 0.6163705289363861}",lora_t5_r16_alpha256
8,"We consider a coded caching problem with multiple demands under a privacy constraint. In this problem, a server with access to files serves users over a shared link, and each user requests distinct files. The privacy constraint requires that each user obtain no information about the demands of the other users. We propose a new achievable scheme for arbitrary numbers of files and users. The scheme is obtained via a transformation from a non-private coded caching scheme under uncoded placement for files and users, where each user requests one file and the demands are restricted to a subset of all possible demands. We then derive a converse bound, and the proposed scheme is shown to be order optimal within a factor of 6 of this bound.","coded caching, formulated by Maddah-Ali and Niesen in , has received significant attention . the system consists of two phases:a placement phase, where each user fills its cache as a function of the files, and a delivery phase . in the delivery phase, each user requests one file, and the server broadcasts a message to ensure that each user can decode its requested file .","{""R1_F1"": 0.35789473684210527, ""R1_P"": 0.5396825396825397, ""R1_R"": 0.2677165354330709, ""R2_F1"": 0.1382978723404255, ""R2_P"": 0.20967741935483872, ""R2_R"": 0.10317460317460317, ""R3_F1"": 0.07526881720430108, ""R3_P"": 0.11475409836065574, ""R3_R"": 0.056, ""RL_F1"": 0.2105263157894737, ""RL_P"": 0.31746031746031744, ""RL_R"": 0.15748031496062992, ""BS_F1"": 0.8369458317756653, ""BS_P"": 0.8383491039276123, ""BS_R"": 0.8355472087860107, ""FAITH"": 0.9475433826446533}","Coded caching, formulated by Maddah-Ali and Niesen in , is an error-free shared link where a server accessing a library of files serves users over an error-free shared link. In this paper, we propose a new achievable scheme for demand-private coded caching with multiple demands. The proposed scheme is based on a transformation from an RD-NP-UCC scheme to a scheme for demand-private coded caching with multiple demands. More specifically, we establish a converse bound, showing that the proposed scheme is order optimal within a factor of , thereby covering regimes that were previously open.","{""R1_F1"": 0.5221238938053098, ""R1_P"": 0.5959595959595959, ""R1_R"": 0.4645669291338583, ""R2_F1"": 0.2857142857142857, ""R2_P"": 0.32653061224489793, ""R2_R"": 0.25396825396825395, ""R3_F1"": 0.15315315315315317, ""R3_P"": 0.17525773195876287, ""R3_R"": 0.136, ""RL_F1"": 0.38938053097345127, ""RL_P"": 0.4444444444444444, ""RL_R"": 0.3464566929133858, ""BS_F1"": 0.8830301761627197, ""BS_P"": 0.880966305732727, ""BS_R"": 0.8851037621498108, ""FAITH"": 0.8578498810529709}","In this paper, we propose a new achievable scheme for demand-private coded caching with multiple demands.","{""R1_F1"": 0.2222222222222222, ""R1_P"": 0.9411764705882353, ""R1_R"": 0.12598425196850394, ""R2_F1"": 0.15492957746478872, ""R2_P"": 0.6875, ""R2_R"": 0.0873015873015873, ""R3_F1"": 0.09999999999999999, ""R3_P"": 0.4666666666666667, ""R3_R"": 0.056, ""RL_F1"": 0.18055555555555555, ""RL_P"": 0.7647058823529411, ""RL_R"": 0.10236220472440945, ""BS_F1"": 0.8678256869316101, ""BS_P"": 0.9100393652915955, ""BS_R"": 0.8293547630310059, ""FAITH"": 0.973024308681488}",lora_t5_r16_alpha256
9,"Traditional neural network models for intent inference rely heavily on observable states and struggle to generalize across diverse tasks and dynamic environments. Recent advances in Vision–Language Models (VLMs) and Vision–Language–Action (VLA) models introduce common-sense reasoning through large-scale multimodal pretraining, enabling zero-shot performance across tasks. However, these models still lack explicit mechanisms to represent and update belief, limiting their ability to reason like humans or capture the evolving human intent over long-horizon. To address this, we propose a belief-aware VLM framework that integrates retrieval-based memory and reinforcement learning. Instead of learning an explicit belief model, we approximate belief using a vector-based memory that retrieves relevant multimodal context, which is incorporated into the VLM for reasoning. We further refine decision-making using a reinforcement learning policy over the VLM latent space. We evaluate our approach on publicly available VQA datasets such as HD-EPIC and demonstrate consistent improvements over zero-shot baselines, highlighting the importance of belief-aware reasoning.","classic frameworks such as Markov Decision Processes (MDPs) and Partially Observable MDPs (POMDPs) explicitly model latent states and belief updates . these formulations have also inspired cognitive models of human reasoning, where agents maintain and update beliefs about others’ intents .","{""R1_F1"": 0.1941747572815534, ""R1_P"": 0.5128205128205128, ""R1_R"": 0.11976047904191617, ""R2_F1"": 0.03921568627450981, ""R2_P"": 0.10526315789473684, ""R2_R"": 0.024096385542168676, ""R3_F1"": 0.009900990099009901, ""R3_P"": 0.02702702702702703, ""R3_R"": 0.006060606060606061, ""RL_F1"": 0.08737864077669905, ""RL_P"": 0.23076923076923078, ""RL_R"": 0.05389221556886228, ""BS_F1"": 0.8347879648208618, ""BS_P"": 0.8533022403717041, ""BS_R"": 0.8170600533485413, ""FAITH"": 0.960046648979187}","We present a belief-aware vision–language model for egocentric video reasoning that explicitly incorporates latent belief to capture intent and contextual dependencies. Our approach leverages a retrieval-based memory of past multimodal experiences and refins the policy with reinforcement learning, enabling more consistent and goal-directed decision-making compared to standard VLMs. Experiments on the HD-EPIC dataset demonstrate significant improvements over strong baselines across diverse VQA tasks. These results highlight the importance of modeling belief for human-like reasoning and suggest a promising direction for integrating cognitive principles into large multimodal models.","{""R1_F1"": 0.528735632183908, ""R1_P"": 0.7340425531914894, ""R1_R"": 0.41317365269461076, ""R2_F1"": 0.12355212355212356, ""R2_P"": 0.17204301075268819, ""R2_R"": 0.0963855421686747, ""R3_F1"": 0.038910505836575876, ""R3_P"": 0.05434782608695652, ""R3_R"": 0.030303030303030304, ""RL_F1"": 0.2375478927203065, ""RL_P"": 0.32978723404255317, ""RL_R"": 0.18562874251497005, ""BS_F1"": 0.8832059502601624, ""BS_P"": 0.8936797976493835, ""BS_R"": 0.8729748129844666, ""FAITH"": 0.9630076289176941}","We present a belief-aware vision–language model for egocentric video reasoning that explicitly incorporates latent belief to capture intent and contextual dependencies. Our approach leverages a retrieval-based memory of past multimodal experiences and refins the policy with reinforcement learning, enabling more consistent and goal-directed decision-making compared to standard VLMs. Experiments on the HD-EPIC dataset demonstrate significant improvements over strong baselines across diverse VQA tasks. These results highlight the importance of modeling belief for human-like reasoning and suggest a promising direction for integrating cognitive principles into large multimodal models.","{""R1_F1"": 0.528735632183908, ""R1_P"": 0.7340425531914894, ""R1_R"": 0.41317365269461076, ""R2_F1"": 0.12355212355212356, ""R2_P"": 0.17204301075268819, ""R2_R"": 0.0963855421686747, ""R3_F1"": 0.038910505836575876, ""R3_P"": 0.05434782608695652, ""R3_R"": 0.030303030303030304, ""RL_F1"": 0.2375478927203065, ""RL_P"": 0.32978723404255317, ""RL_R"": 0.18562874251497005, ""BS_F1"": 0.8832059502601624, ""BS_P"": 0.8936797976493835, ""BS_R"": 0.8729748129844666, ""FAITH"": 0.9630076289176941}",lora_t5_r16_alpha256
10,"Continual Learning (CL) aims to train neural networks on a dynamic stream of tasks without forgetting previously learned knowledge. Among optimization-based approaches, C-Flat has emerged as a promising solution due to its plug-and-play nature and its ability to encourage uniformly low-loss regions for both new and old tasks. However, C-Flat requires three additional gradient computations per iteration, imposing substantial overhead on the optimization process. In this work, we propose C-Flat Turbo, a faster yet stronger optimizer that significantly reduces the training cost. We show that the gradients associated with first-order flatness contain direction-invariant components relative to the proxy-model gradients, enabling us to skip redundant gradient computations in the perturbed ascent steps. Moreover, we observe that these flatness-promoting gradients progressively stabilize across tasks, which motivates a linear scheduling strategy with an adaptive trigger to allocate larger turbo steps for later tasks. Experiments show that C-Flat Turbo is 1.0× to 1.25× faster than C-Flat across a wide range of CL methods, while achieving comparable or even improved accuracy.",continual learning (CL) is a process of learning incrementally . a major obstacle is catastrophic forgetting . various approaches have been proposed to address this challenge .,"{""R1_F1"": 0.13658536585365852, ""R1_P"": 0.5833333333333334, ""R1_R"": 0.07734806629834254, ""R2_F1"": 0.019704433497536946, ""R2_P"": 0.08695652173913043, ""R2_R"": 0.011111111111111112, ""R3_F1"": 0.009950248756218907, ""R3_P"": 0.045454545454545456, ""R3_R"": 0.00558659217877095, ""RL_F1"": 0.0878048780487805, ""RL_P"": 0.375, ""RL_R"": 0.049723756906077346, ""BS_F1"": 0.8258817195892334, ""BS_P"": 0.8542956113815308, ""BS_R"": 0.7992970943450928, ""FAITH"": 0.9363462726275126}","In continuous learning (CL), a major obstacle is catastrophic forgetting, a problem that has been identified in several approaches. However, existing methods have shown that optimizing for flat regions can reduce forgetting. We propose C-Flat Turbo, a novel optimization framework that adapts the oracle gradient to the flatness component of the oracle gradient. Our results show that adaptively modifying the oracle gradient can yield tangible efficiency gains in continual learning (CIL). We evaluate C-Flat Turbo on a typical and PTM-based CIL benchmarks, showing that C-Flat Turbo significantly improves generalization and mitigating forgetting.","{""R1_F1"": 0.4187725631768953, ""R1_P"": 0.6041666666666666, ""R1_R"": 0.32044198895027626, ""R2_F1"": 0.1090909090909091, ""R2_P"": 0.15789473684210525, ""R2_R"": 0.08333333333333333, ""R3_F1"": 0.058608058608058615, ""R3_P"": 0.0851063829787234, ""R3_R"": 0.0446927374301676, ""RL_F1"": 0.23826714801444043, ""RL_P"": 0.34375, ""RL_R"": 0.18232044198895028, ""BS_F1"": 0.858069896697998, ""BS_P"": 0.8735504150390625, ""BS_R"": 0.8431285619735718, ""FAITH"": 0.9079538226127625}","In continuous learning (CL), a major obstacle is catastrophic forgetting, a problem that has been identified in several approaches. However, existing methods have shown that optimizing for flat regions can reduce forgetting. We propose C-Flat Turbo, a novel optimization framework that adapts the oracle gradient to the flatness component of the oracle gradient. We evaluate C-Flat Turbo on a typical and PTM-based CIL benchmarks, showing that C-Flat Turbo significantly improves generalization and mitigating forgetting.","{""R1_F1"": 0.416988416988417, ""R1_P"": 0.6923076923076923, ""R1_R"": 0.2983425414364641, ""R2_F1"": 0.10894941634241245, ""R2_P"": 0.18181818181818182, ""R2_R"": 0.07777777777777778, ""R3_F1"": 0.06274509803921569, ""R3_P"": 0.10526315789473684, ""R3_R"": 0.0446927374301676, ""RL_F1"": 0.23938223938223935, ""RL_P"": 0.3974358974358974, ""RL_R"": 0.1712707182320442, ""BS_F1"": 0.8598871231079102, ""BS_P"": 0.8783438205718994, ""BS_R"": 0.8421902060508728, ""FAITH"": 0.8916887938976288}",lora_t5_r16_alpha256
1,"Conventional RGB-based high dynamic range (HDR) imaging faces a fundamental trade-off between motion artifacts in multi-exposure captures and irreversible information loss in single-shot techniques. Modulo sensors offer a promising alternative by encoding theoretically unbounded dynamic range into wrapped measurements. However, existing modulo solutions remain bottlenecked by iterative unwrapping overhead and hardware constraints limiting them to low-speed, grayscale capture. In this work, we present a complete modulo-based HDR imaging system that enables high-speed, full-color HDR acquisition by synergistically advancing both the sensing formulation and the unwrapping algorithm. At the core of our approach is an exposure-decoupled formulation of modulo imaging that allows multiple measurements to be interleaved in time, preserving a clean, observation-wise measurement model. Building upon this, we introduce an iteration-free unwrapping algorithm that integrates diffusion-based generative priors with the physical least absolute remainder property of modulo images, supporting highly efficient, physics-consistent HDR reconstruction. Finally, to validate the practical viability of our system, we demonstrate a proof-of-concept hardware implementation based on modulo-encoded spike streams. This setup preserves the native high temporal resolution of spike cameras, achieving 1000 FPS full-color imaging while reducing output data bandwidth from approximately 20 Gbps to 6 Gbps. Extensive evaluations indicate that our coordinated approach successfully overcomes key systemic bottlenecks, demonstrating the feasibility of deploying modulo imaging in dynamic scenarios.",high dynamic range (HDR) imaging has become an essential area of study . we introduce a cyclic encoding that embeds into a sinusoidal space . it can operate robustly for FPS HDR imaging with a s unwrapping time per frame .,"{""R1_F1"": 0.15613382899628253, ""R1_P"": 0.5526315789473685, ""R1_R"": 0.09090909090909091, ""R2_F1"": 0.0449438202247191, ""R2_P"": 0.16216216216216217, ""R2_R"": 0.02608695652173913, ""R3_F1"": 0.022641509433962263, ""R3_P"": 0.08333333333333333, ""R3_R"": 0.013100436681222707, ""RL_F1"": 0.09665427509293681, ""RL_P"": 0.34210526315789475, ""RL_R"": 0.05627705627705628, ""BS_F1"": 0.8384864926338196, ""BS_P"": 0.8616694808006287, ""BS_R"": 0.8165181875228882, ""FAITH"": 0.9865121046702067}","High dynamic range (HDR) imaging has become an essential area of study for preserving perceptual visual quality and ensuring the robustness of downstream computer vision tasks. To achieve high dynamic range (HDR) imaging, we introduce a modulo-based unwrapping algorithm that embeds into a sinusoidal space, enabling the refiner to explicitly reason about modulo periodicity. This design is highly consistent with the intrinsic periodic structure of modulo-based HDR imaging, where irradiance values differing by integer multiples of the modulo period are physically indistinguishable. Extensive experiments on synthetic benchmarks, downstream application scenarios, and real-captured data collectively demonstrate the practical viability of our system.","{""R1_F1"": 0.3701492537313433, ""R1_P"": 0.5961538461538461, ""R1_R"": 0.2683982683982684, ""R2_F1"": 0.11411411411411411, ""R2_P"": 0.18446601941747573, ""R2_R"": 0.08260869565217391, ""R3_F1"": 0.06042296072507552, ""R3_P"": 0.09803921568627451, ""R3_R"": 0.043668122270742356, ""RL_F1"": 0.17313432835820897, ""RL_P"": 0.27884615384615385, ""RL_R"": 0.12554112554112554, ""BS_F1"": 0.855709969997406, ""BS_P"": 0.868415117263794, ""BS_R"": 0.8433712720870972, ""FAITH"": 0.9123506844043732}","High dynamic range (HDR) imaging has become an essential area of study for preserving perceptual visual quality and ensuring the robustness of downstream computer vision tasks. This design is highly consistent with the intrinsic periodic structure of modulo-based HDR imaging, where irradiance values differing by integer multiples of the modulo period are physically indistinguishable. Extensive experiments on synthetic benchmarks, downstream application scenarios, and real-captured data collectively demonstrate the practical viability of our system.","{""R1_F1"": 0.2679738562091504, ""R1_P"": 0.5466666666666666, ""R1_R"": 0.1774891774891775, ""R2_F1"": 0.09868421052631579, ""R2_P"": 0.20270270270270271, ""R2_R"": 0.06521739130434782, ""R3_F1"": 0.059602649006622516, ""R3_P"": 0.1232876712328767, ""R3_R"": 0.039301310043668124, ""RL_F1"": 0.1437908496732026, ""RL_P"": 0.29333333333333333, ""RL_R"": 0.09523809523809523, ""BS_F1"": 0.8477199077606201, ""BS_P"": 0.8641787767410278, ""BS_R"": 0.831876277923584, ""FAITH"": 0.9497670729955038}",lora_t5_r16_alpha8
2,"The rapid progress of Artificial Intelligence Generated Content (AIGC) tools enables images, videos, and visualizations to be created on demand for webpage design, offering a flexible and increasingly adopted paradigm for modern UI/UX. However, directly integrating such tools into automated webpage generation often leads to style inconsistency and poor global coherence, as elements are generated in isolation. We propose MM-WebAgent, a hierarchical agentic framework for multimodal webpage generation that coordinates AIGC-based element generation through hierarchical planning and iterative self-reflection. MM-WebAgent jointly optimizes global layout, local multimodal content, and their integration, producing coherent and visually consistent webpages. We further introduce MM-WebGEN-Bench and a multi-level evaluation protocol for systematic assessment. Experiments demonstrate that MM-WebAgent outperforms code-generation and agent-based baselines, especially on multimodal element generation and integration.","webpage generation is a practical and high-impact application of large language models . real-world webpages contain heterogeneous multimodal elements such as images, videos, and charts . most existing pipelines populate these elements via retrieval or placeholders .","{""R1_F1"": 0.16374269005847952, ""R1_P"": 0.3888888888888889, ""R1_R"": 0.1037037037037037, ""R2_F1"": 0.04733727810650888, ""R2_P"": 0.11428571428571428, ""R2_R"": 0.029850746268656716, ""R3_F1"": 0.011976047904191616, ""R3_P"": 0.029411764705882353, ""R3_R"": 0.007518796992481203, ""RL_F1"": 0.09356725146198831, ""RL_P"": 0.2222222222222222, ""RL_R"": 0.05925925925925926, ""BS_F1"": 0.8453391790390015, ""BS_P"": 0.8628673553466797, ""BS_R"": 0.8285089731216431, ""FAITH"": 0.9229950110117594}","Webpage generation is a practical and high-impact application of large language models (LLMs). However, real-world webpages contain heterogeneous multimodal elements such as images, videos, and charts, whose content, style, and geometry must cohere with the global layout and the semantic intent. Existing pipelines populate these elements via retrieval or placeholders, and then generate or insert assets independently. This often leads to (i) across elements, (ii) between generated media and reserved slots, and (iii) after assets are composed into the page, and (iii) after assets are composed into the page, and (iii) after assets are created, and (iii) after they are composed into the page, and (iii) after they are assembled, and (iii) after they are assembled into the page, and (iii) after they are assembled into the page, and (iii) after they are assembled into the page, and (iii) after they are assembled into the page, and (iii) after they are assembled into the page, and (iii) after they are merged into the page. We evaluate under different webpage generation paradigms, where layout, style, and aesthetics measure global page-level quality, while image, video, and chart assess the quality and integration of local multimodal elements","{""R1_F1"": 0.2891566265060241, ""R1_P"": 0.2436548223350254, ""R1_R"": 0.35555555555555557, ""R2_F1"": 0.06060606060606061, ""R2_P"": 0.05102040816326531, ""R2_R"": 0.07462686567164178, ""R3_F1"": 0.012195121951219513, ""R3_P"": 0.010256410256410256, ""R3_R"": 0.015037593984962405, ""RL_F1"": 0.13253012048192772, ""RL_P"": 0.1116751269035533, ""RL_R"": 0.16296296296296298, ""BS_F1"": 0.828321099281311, ""BS_P"": 0.8110001087188721, ""BS_R"": 0.8463979363441467, ""FAITH"": 0.832690316438675}","Webpage generation is a practical and high-impact application of large language models (LLMs). However, real-world webpages contain heterogeneous multimodal elements such as images, videos, and charts, whose content, style, and geometry must cohere with the global layout and the semantic intent. Existing pipelines populate these elements via retrieval or placeholders, and then generate or insert assets independently. We evaluate under different webpage generation paradigms, where layout, style, and aesthetics measure global page-level quality, while image, video, and chart assess the quality and integration of local multimodal elements","{""R1_F1"": 0.3555555555555555, ""R1_P"": 0.4444444444444444, ""R1_R"": 0.2962962962962963, ""R2_F1"": 0.07174887892376682, ""R2_P"": 0.0898876404494382, ""R2_R"": 0.05970149253731343, ""R3_F1"": 0.009049773755656108, ""R3_P"": 0.011363636363636364, ""R3_R"": 0.007518796992481203, ""RL_F1"": 0.17777777777777776, ""RL_P"": 0.2222222222222222, ""RL_R"": 0.14814814814814814, ""BS_F1"": 0.8587568402290344, ""BS_P"": 0.8670551776885986, ""BS_R"": 0.8506157994270325, ""FAITH"": 0.9505716115236282}",lora_t5_r16_alpha8
3,"While LLMs have demonstrated remarkable potential in Question Answering (QA), evaluating personalization remains a critical bottleneck. Existing paradigms predominantly rely on lexical-level similarity or manual heuristics, often lacking sufficient data-driven validation. We address this by mining Community-Individual Preference Divergence (CIPD), where individual choices override consensus, to distill six key personalization factors as evaluative dimensions. Accordingly, we introduce CoPA, a benchmark with 1,985 user profiles for fine-grained, factor-level assessment. By quantifying the alignment between model outputs and user-specific cognitive preferences inferred from interaction patterns, CoPA provides a more comprehensive and discriminative standard for evaluating personalized QA than generic metrics. The code is available at .","Personalized Question Answering (QA) marks a paradigm shift from static, generic responses to dynamic, user-centric knowledge delivery .","{""R1_F1"": 0.15625, ""R1_P"": 0.5555555555555556, ""R1_R"": 0.09090909090909091, ""R2_F1"": 0.031746031746031744, ""R2_P"": 0.11764705882352941, ""R2_R"": 0.01834862385321101, ""R3_F1"": 0.016129032258064516, ""R3_P"": 0.0625, ""R3_R"": 0.009259259259259259, ""RL_F1"": 0.10937499999999997, ""RL_P"": 0.3888888888888889, ""RL_R"": 0.06363636363636363, ""BS_F1"": 0.8520329594612122, ""BS_P"": 0.8883365988731384, ""BS_R"": 0.818580150604248, ""FAITH"": 0.980903148651123}","Large Language Models (LLMs) have significantly advanced personalized QA methods, leveraging their instruction-following and context-adaptation capabilities to dynamically generate such tailored responses. However, existing research on the evaluation of personalized generative responses remains a critical challenge. To address this challenge, we propose a framework that leverages Large Language Models (LLMs) at multiple stages, including principle induction, factor distillation, and evaluation. This framework relies heavily on Large Language Models (LLMs) at multiple stages, including principle induction, factor distillation, and evaluation. We demonstrate that our framework is robust enough to distinguish the user’s personal choice from the community consensus. Our framework incorporates a human-in-the-loop validation mechanism to ensure the quality of the generated outputs.","{""R1_F1"": 0.368421052631579, ""R1_P"": 0.3559322033898305, ""R1_R"": 0.38181818181818183, ""R2_F1"": 0.044247787610619475, ""R2_P"": 0.042735042735042736, ""R2_R"": 0.045871559633027525, ""R3_F1"": 0.008928571428571428, ""R3_P"": 0.008620689655172414, ""R3_R"": 0.009259259259259259, ""RL_F1"": 0.16666666666666663, ""RL_P"": 0.16101694915254236, ""RL_R"": 0.17272727272727273, ""BS_F1"": 0.8470257520675659, ""BS_P"": 0.8519515991210938, ""BS_R"": 0.8421565294265747, ""FAITH"": 0.49769724905490875}","Large Language Models (LLMs) have significantly advanced personalized QA methods, leveraging their instruction-following and context-adaptation capabilities to dynamically generate such tailored responses. However, existing research on the evaluation of personalized generative responses remains a critical challenge. We demonstrate that our framework is robust enough to distinguish the user’s personal choice from the community consensus. Our framework incorporates a human-in-the-loop validation mechanism to ensure the quality of the generated outputs.","{""R1_F1"": 0.3243243243243243, ""R1_P"": 0.4, ""R1_R"": 0.2727272727272727, ""R2_F1"": 0.04371584699453552, ""R2_P"": 0.05405405405405406, ""R2_R"": 0.03669724770642202, ""R3_F1"": 0.011049723756906077, ""R3_P"": 0.0136986301369863, ""R3_R"": 0.009259259259259259, ""RL_F1"": 0.16216216216216214, ""RL_P"": 0.2, ""RL_R"": 0.13636363636363635, ""BS_F1"": 0.8567112684249878, ""BS_P"": 0.8731722831726074, ""BS_R"": 0.8408594131469727, ""FAITH"": 0.2724614515900612}",lora_t5_r16_alpha8
4,"Large vision-language models (VLMs) are enabling interactive video reasoning, giving rise to streaming long-video understanding. In this setting, frames arrive continuously, while the system preserves long-term context and generates responses under strict latency constraints. A central challenge is KVCache management:as video streams grow, KVCache expands rapidly, increasing computation and memory overhead. Existing retrieval-based approaches exploit attention sparsity and offload inactive KVCache from GPU to CPU memory, but their token-level design causes high management overhead and fragmented data movement. We present Mosaic, the first cluster-driven VLM inference system for streaming long-video understanding. Our key insight is that VLM KVCache exhibits an implicit cross-modal clustering structure:retrieved KV states form groups jointly shaped by visual coherence and semantic relevance. Based on this observation, Mosaic uses cross-modal clusters as the basic unit of KVCache organization, maintenance, and retrieval. Evaluations show that Mosaic outperforms state-of-the-art baselines, achieving up to speedup.","early studies centered on static image-text pairs, but many of these emerging applications operate over continuous video streams . to overcome memory bottlenecks, a promising approach is to offload KVCache to CPU memory and retrieve it dynamically based on attention sparsity .","{""R1_F1"": 0.22, ""R1_P"": 0.5365853658536586, ""R1_R"": 0.13836477987421383, ""R2_F1"": 0.06060606060606061, ""R2_P"": 0.15, ""R2_R"": 0.0379746835443038, ""R3_F1"": 0.010204081632653062, ""R3_P"": 0.02564102564102564, ""R3_R"": 0.006369426751592357, ""RL_F1"": 0.14, ""RL_P"": 0.34146341463414637, ""RL_R"": 0.0880503144654088, ""BS_F1"": 0.8441630601882935, ""BS_P"": 0.8598871231079102, ""BS_R"": 0.8290036916732788, ""FAITH"": 0.9622853994369507}","Large vision-language models (VLMs) have emerged as a promising alternative to text-only LLMs. However, existing methods typically organize KVCache at the token level, which incurs substantial system overhead. To address these inefficiencies, we propose a cluster-driven VLM inference system for streaming long video understanding. By leveraging the cross-modal clustering of VLM KVCache, we achieve both higher accuracy and better system performance. We present , a cluster-driven VLM inference system for streaming long video understanding.","{""R1_F1"": 0.3713080168776372, ""R1_P"": 0.5641025641025641, ""R1_R"": 0.27672955974842767, ""R2_F1"": 0.17872340425531913, ""R2_P"": 0.2727272727272727, ""R2_R"": 0.13291139240506328, ""R3_F1"": 0.12017167381974246, ""R3_P"": 0.18421052631578946, ""R3_R"": 0.08917197452229299, ""RL_F1"": 0.24472573839662448, ""RL_P"": 0.3717948717948718, ""RL_R"": 0.18238993710691823, ""BS_F1"": 0.8813051581382751, ""BS_P"": 0.9019057750701904, ""BS_R"": 0.8616245985031128, ""FAITH"": 0.9603741288185119}","Large vision-language models (VLMs) have emerged as a promising alternative to text-only LLMs. However, existing methods typically organize KVCache at the token level, which incurs substantial system overhead. To address these inefficiencies, we propose a cluster-driven VLM inference system for streaming long video understanding. By leveraging the cross-modal clustering of VLM KVCache, we achieve both higher accuracy and better system performance.","{""R1_F1"": 0.33928571428571425, ""R1_P"": 0.5846153846153846, ""R1_R"": 0.2389937106918239, ""R2_F1"": 0.15315315315315314, ""R2_P"": 0.265625, ""R2_R"": 0.10759493670886076, ""R3_F1"": 0.1090909090909091, ""R3_P"": 0.19047619047619047, ""R3_R"": 0.07643312101910828, ""RL_F1"": 0.2589285714285714, ""RL_P"": 0.4461538461538462, ""RL_R"": 0.18238993710691823, ""BS_F1"": 0.8798317313194275, ""BS_P"": 0.9007723331451416, ""BS_R"": 0.8598426580429077, ""FAITH"": 0.9548439085483551}",lora_t5_r16_alpha8
5,"Functional magnetic resonance imaging (fMRI) is widely used for studying and diagnosing brain disorders, with functional connectivity (FC) matrices providing powerful representations of large-scale neural interactions. However, existing diagnostic models are trained either on a single site or under full multi-site access, making them unsuitable for real-world scenarios where clinical data arrive sequentially from different institutions. This results in limited generalization and severe catastrophic forgetting. This paper presents the first continual learning framework specifically designed for fMRI-based diagnosis across heterogeneous clinical sites. Our framework introduces a structure-aware variational autoencoder that synthesizes realistic FC matrices for both patient and control groups. Built on this generative backbone, we develop a multi-level knowledge distillation strategy that aligns predictions and graph representations between new-site data and replayed samples. To further enhance efficiency, we incorporate a hierarchical contextual bandit scheme for adaptive replay sampling. Experiments on multi-site datasets for major depressive disorder (MDD), schizophrenia (SZ), and autism spectrum disorder (ASD) show that the proposed generative model enhances data augmentation quality, and the overall continual learning framework substantially outperforms existing methods in mitigating catastrophic forgetting. Our code is available at .",functional magnetic resonance imaging (fMRI) is a non-invasive technique that measures brain activity through blood-oxygen-level-dependent (BOLD) signals . existing fMRI-based diagnostic models exhibit limited reliability for practical clinical deployment .,"{""R1_F1"": 0.16, ""R1_P"": 0.5454545454545454, ""R1_R"": 0.09375, ""R2_F1"": 0.06278026905829596, ""R2_P"": 0.21875, ""R2_R"": 0.03664921465968586, ""R3_F1"": 0.03619909502262443, ""R3_P"": 0.12903225806451613, ""R3_R"": 0.021052631578947368, ""RL_F1"": 0.11555555555555555, ""RL_P"": 0.3939393939393939, ""RL_R"": 0.06770833333333333, ""BS_F1"": 0.8342001438140869, ""BS_P"": 0.8615247011184692, ""BS_R"": 0.8085556030273438, ""FAITH"": 0.9822739362716675}","Functional magnetic resonance imaging (fMRI) is a non-invasive technique that measures brain activity through blood-oxygen-level-dependent (BOLD) signals. However, existing fMRI-based diagnostic models still exhibit limited reliability for practical clinical deployment. We introduce FORGE, the first continual learning framework for fMRI-based brain disorder diagnosis. At its core, FCM-VAE is a structure-aware generative model that synthesizes high-quality functional connectivity matrices, providing a viable solution for privacy-preserving replay in clinical environments. Experiments on three large-scale neuroimaging datasets demonstrate consistent improvements in accuracy and substantial reductions in forgetting compared with state-of-the-art approaches.","{""R1_F1"": 0.40816326530612246, ""R1_P"": 0.5882352941176471, ""R1_R"": 0.3125, ""R2_F1"": 0.1506849315068493, ""R2_P"": 0.21782178217821782, ""R2_R"": 0.11518324607329843, ""R3_F1"": 0.06206896551724137, ""R3_P"": 0.09, ""R3_R"": 0.04736842105263158, ""RL_F1"": 0.2585034013605442, ""RL_P"": 0.37254901960784315, ""RL_R"": 0.19791666666666666, ""BS_F1"": 0.8683170080184937, ""BS_P"": 0.8833483457565308, ""BS_R"": 0.8537885546684265, ""FAITH"": 0.9638047218322754}","Functional magnetic resonance imaging (fMRI) is a non-invasive technique that measures brain activity through blood-oxygen-level-dependent (BOLD) signals. However, existing fMRI-based diagnostic models still exhibit limited reliability for practical clinical deployment. We introduce FORGE, the first continual learning framework for fMRI-based brain disorder diagnosis. At its core, FCM-VAE is a structure-aware generative model that synthesizes high-quality functional connectivity matrices, providing a viable solution for privacy-preserving replay in clinical environments. Experiments on three large-scale neuroimaging datasets demonstrate consistent improvements in accuracy and substantial reductions in forgetting compared with state-of-the-art approaches.","{""R1_F1"": 0.40816326530612246, ""R1_P"": 0.5882352941176471, ""R1_R"": 0.3125, ""R2_F1"": 0.1506849315068493, ""R2_P"": 0.21782178217821782, ""R2_R"": 0.11518324607329843, ""R3_F1"": 0.06206896551724137, ""R3_P"": 0.09, ""R3_R"": 0.04736842105263158, ""RL_F1"": 0.2585034013605442, ""RL_P"": 0.37254901960784315, ""RL_R"": 0.19791666666666666, ""BS_F1"": 0.8683170080184937, ""BS_P"": 0.8833483457565308, ""BS_R"": 0.8537885546684265, ""FAITH"": 0.9638047218322754}",lora_t5_r16_alpha8
6,"We study the Stokes–Poisson–Boltzmann equations with Dirichlet and Navier boundary conditions. The system consists of the incompressible Stokes equations coupled with a nonlinear Poisson–Boltzmann equation through electrostatic forcing and convective transport effects. To handle the Navier boundary conditions in a unified framework, we employ Nitsche’s method for their weak imposition within a conforming finite element setting. We derive a consistent and stable discrete formulation and establish the well-posedness of the resulting problem. By carefully choosing the penalty parameters, the bilinear form is shown to be coercive and continuous. A priori error estimates are proved in the natural energy norms, yielding optimal-order convergence under suitable regularity assumptions. Furthermore, we develop residual-based a posteriori error estimators that incorporate element residuals, inter-element jump residuals, and boundary residuals arising from the Nitsche formulation. The estimators are shown to be reliable and locally efficient. Numerical experiments confirm the theoretical results and demonstrate the robustness and accuracy of the proposed method for the Stokes–Poisson–Boltzmann system.","electrically charged fluid flows play an important role in several chemical applications, such as the design of nanopores for biomedical devices and the modelling of water purification systems . in this process, the motion of an electrolyte is driven by thin electric double layers that attract and repel ions near charged surfaces .","{""R1_F1"": 0.13636363636363635, ""R1_P"": 0.29411764705882354, ""R1_R"": 0.08875739644970414, ""R2_F1"": 0.0, ""R2_P"": 0.0, ""R2_R"": 0.0, ""R3_F1"": 0.0, ""R3_P"": 0.0, ""R3_R"": 0.0, ""RL_F1"": 0.0909090909090909, ""RL_P"": 0.19607843137254902, ""RL_R"": 0.05917159763313609, ""BS_F1"": 0.7929309010505676, ""BS_P"": 0.806043803691864, ""BS_R"": 0.7802377939224243, ""FAITH"": 0.9824761748313904}","Electro-osmosis is one of the simplest mechanisms for transporting fluid without mechanical pumping. In many simplified situations, the electric charge density can be directly related to the electrostatic potential through simplified forms of the Poisson–Boltzmann equation. However, the boundary conditions are not homogeneous enough to significantly influence the distribution of the electrostatic potential within the double layer. We propose a discrete solution using Banach’s fixed-point theorem combined with the Babuka-Brezzi theory and the Minty-Browder theorem. Under suitable small data assumptions, we establish the existence and uniqueness of the discrete solution using Banach’s fixed-point theorem combined with the Babuka-Brezzi theory and the Minty-Browder theorem. Furthermore, a residual-based a posteriori error estimator is developed and analyzed, with its reliability and efficiency rigorously established.","{""R1_F1"": 0.4119601328903654, ""R1_P"": 0.4696969696969697, ""R1_R"": 0.3668639053254438, ""R2_F1"": 0.09364548494983278, ""R2_P"": 0.10687022900763359, ""R2_R"": 0.08333333333333333, ""R3_F1"": 0.033670033670033676, ""R3_P"": 0.038461538461538464, ""R3_R"": 0.029940119760479042, ""RL_F1"": 0.21926910299003322, ""RL_P"": 0.25, ""RL_R"": 0.1952662721893491, ""BS_F1"": 0.8511752486228943, ""BS_P"": 0.8526098132133484, ""BS_R"": 0.8497454524040222, ""FAITH"": 0.9170336524645487}","Electro-osmosis is one of the simplest mechanisms for transporting fluid without mechanical pumping. In many simplified situations, the electric charge density can be directly related to the electrostatic potential through simplified forms of the Poisson–Boltzmann equation. We propose a discrete solution using Banach’s fixed-point theorem combined with the Babuka-Brezzi theory and the Minty-Browder theorem. Furthermore, a residual-based a posteriori error estimator is developed and analyzed, with its reliability and efficiency rigorously established.","{""R1_F1"": 0.3387096774193548, ""R1_P"": 0.5316455696202531, ""R1_R"": 0.2485207100591716, ""R2_F1"": 0.08130081300813007, ""R2_P"": 0.1282051282051282, ""R2_R"": 0.05952380952380952, ""R3_F1"": 0.040983606557377046, ""R3_P"": 0.06493506493506493, ""R3_R"": 0.029940119760479042, ""RL_F1"": 0.1935483870967742, ""RL_P"": 0.3037974683544304, ""RL_R"": 0.14201183431952663, ""BS_F1"": 0.8499777317047119, ""BS_P"": 0.8586546778678894, ""BS_R"": 0.8414743542671204, ""FAITH"": 0.9674405753612518}",lora_t5_r16_alpha8
7,"Existing age estimation methods treat each face as an independent sample, learning a global mapping from appearance to age. This ignores a well-documented phenomenon:individuals age at different rates due to genetics, lifestyle, and health, making the mapping from face to age identity-dependent. When reference images of the same person with known ages are available, we can exploit this context to personalize the estimate. The only existing benchmark for this task (NIST FRVT) is closed-source and limited to a single reference image. In this work, we introduce OpenPAE, the first open benchmark for -shot personalized age estimation with strict evaluation protocols. We establish a hierarchy of increasingly sophisticated baselines:from arithmetic offset, through closed-form Bayesian linear regression, to a conditional attentive neural process. Our experiments show that personalization consistently improves performance, that the gains are not merely domain adaptation, and that nonlinear methods significantly outperform simpler alternatives. We release all models, code, protocols, and evaluation splits.","standard approaches learn a global mapping from facial appearance to age, treating each face as an independent sample drawn from a shared population . the difference between a person’s apparent age and their chronological age is heavily modulated by genetics, health, and lifestyle .","{""R1_F1"": 0.2857142857142857, ""R1_P"": 0.6744186046511628, ""R1_R"": 0.18125, ""R2_F1"": 0.11940298507462686, ""R2_P"": 0.2857142857142857, ""R2_R"": 0.07547169811320754, ""R3_F1"": 0.09045226130653265, ""R3_P"": 0.21951219512195122, ""R3_R"": 0.056962025316455694, ""RL_F1"": 0.15763546798029557, ""RL_P"": 0.37209302325581395, ""RL_R"": 0.1, ""BS_F1"": 0.8604599833488464, ""BS_P"": 0.8904221057891846, ""BS_R"": 0.8324486017227173, ""FAITH"": 0.9519244730472565}","Attention Global (Attn-G) tests the benefit of nonlinearity in strict isolation. It operates on the exact same CLS-token embedding as the Global model and BLR. We introduce Attention Global (Attn-G), a benchmark that evaluates the value of nonlinearity under severe distribution shifts. We propose a benchmark to standardize evaluation across diverse, cross-domain datasets. We demonstrate that human aging trajectories are highly complex and identity-dependent; effectively modeling them requires deep models and joint-context aggregation rather than simple arithmetic offsets.","{""R1_F1"": 0.31147540983606553, ""R1_P"": 0.4523809523809524, ""R1_R"": 0.2375, ""R2_F1"": 0.024793388429752063, ""R2_P"": 0.03614457831325301, ""R2_R"": 0.018867924528301886, ""R3_F1"": 0.0, ""R3_P"": 0.0, ""R3_R"": 0.0, ""RL_F1"": 0.15573770491803277, ""RL_P"": 0.2261904761904762, ""RL_R"": 0.11875, ""BS_F1"": 0.8369488716125488, ""BS_P"": 0.8441702723503113, ""BS_R"": 0.8298498392105103, ""FAITH"": 0.9058756709098816}","Attention Global (Attn-G) tests the benefit of nonlinearity in strict isolation. It operates on the exact same CLS-token embedding as the Global model and BLR. We propose a benchmark to standardize evaluation across diverse, cross-domain datasets. We demonstrate that human aging trajectories are highly complex and identity-dependent; effectively modeling them requires deep models and joint-context aggregation rather than simple arithmetic offsets.","{""R1_F1"": 0.2654867256637168, ""R1_P"": 0.45454545454545453, ""R1_R"": 0.1875, ""R2_F1"": 0.01785714285714286, ""R2_P"": 0.03076923076923077, ""R2_R"": 0.012578616352201259, ""R3_F1"": 0.0, ""R3_P"": 0.0, ""R3_R"": 0.0, ""RL_F1"": 0.14159292035398233, ""RL_P"": 0.24242424242424243, ""RL_R"": 0.1, ""BS_F1"": 0.8407952189445496, ""BS_P"": 0.8502359390258789, ""BS_R"": 0.831561803817749, ""FAITH"": 0.8986916393041611}",lora_t5_r16_alpha8
8,"We consider a coded caching problem with multiple demands under a privacy constraint. In this problem, a server with access to files serves users over a shared link, and each user requests distinct files. The privacy constraint requires that each user obtain no information about the demands of the other users. We propose a new achievable scheme for arbitrary numbers of files and users. The scheme is obtained via a transformation from a non-private coded caching scheme under uncoded placement for files and users, where each user requests one file and the demands are restricted to a subset of all possible demands. We then derive a converse bound, and the proposed scheme is shown to be order optimal within a factor of 6 of this bound.","coded caching, formulated by Maddah-Ali and Niesen in , has received significant attention . the system consists of two phases:a placement phase, where each user fills its cache as a function of the files, and a delivery phase . in the delivery phase, each user requests one file, and the server broadcasts a message to ensure that each user can decode its requested file .","{""R1_F1"": 0.35789473684210527, ""R1_P"": 0.5396825396825397, ""R1_R"": 0.2677165354330709, ""R2_F1"": 0.1382978723404255, ""R2_P"": 0.20967741935483872, ""R2_R"": 0.10317460317460317, ""R3_F1"": 0.07526881720430108, ""R3_P"": 0.11475409836065574, ""R3_R"": 0.056, ""RL_F1"": 0.2105263157894737, ""RL_P"": 0.31746031746031744, ""RL_R"": 0.15748031496062992, ""BS_F1"": 0.8369458317756653, ""BS_P"": 0.8383491039276123, ""BS_R"": 0.8355472087860107, ""FAITH"": 0.9475433826446533}","Coded caching, formulated by Maddah-Ali and Niesen in 2004, has received significant attention. In this paper, we propose demand-private coded caching with multiple demands by proposing a new achievable scheme. The proposed scheme is based on a transformation from an RD-NP-UCC scheme to a scheme for demand-private coded caching with multiple demands. We also establish a converse bound, showing that the proposed scheme is order optimal within a factor of , thereby covering regimes that were previously open.","{""R1_F1"": 0.44019138755980863, ""R1_P"": 0.5609756097560976, ""R1_R"": 0.36220472440944884, ""R2_F1"": 0.2608695652173913, ""R2_P"": 0.3333333333333333, ""R2_R"": 0.21428571428571427, ""R3_F1"": 0.1268292682926829, ""R3_P"": 0.1625, ""R3_R"": 0.104, ""RL_F1"": 0.34449760765550236, ""RL_P"": 0.43902439024390244, ""RL_R"": 0.28346456692913385, ""BS_F1"": 0.868495523929596, ""BS_P"": 0.8762789368629456, ""BS_R"": 0.8608492612838745, ""FAITH"": 0.7013998925685883}","Coded caching, formulated by Maddah-Ali and Niesen in 2004, has received significant attention. In this paper, we propose demand-private coded caching with multiple demands by proposing a new achievable scheme.","{""R1_F1"": 0.23899371069182393, ""R1_P"": 0.59375, ""R1_R"": 0.14960629921259844, ""R2_F1"": 0.14012738853503184, ""R2_P"": 0.3548387096774194, ""R2_R"": 0.0873015873015873, ""R3_F1"": 0.06451612903225806, ""R3_P"": 0.16666666666666666, ""R3_R"": 0.04, ""RL_F1"": 0.1509433962264151, ""RL_P"": 0.375, ""RL_R"": 0.09448818897637795, ""BS_F1"": 0.8489474654197693, ""BS_P"": 0.869870662689209, ""BS_R"": 0.8290071487426758, ""FAITH"": 0.48073843121528625}",lora_t5_r16_alpha8
9,"Traditional neural network models for intent inference rely heavily on observable states and struggle to generalize across diverse tasks and dynamic environments. Recent advances in Vision–Language Models (VLMs) and Vision–Language–Action (VLA) models introduce common-sense reasoning through large-scale multimodal pretraining, enabling zero-shot performance across tasks. However, these models still lack explicit mechanisms to represent and update belief, limiting their ability to reason like humans or capture the evolving human intent over long-horizon. To address this, we propose a belief-aware VLM framework that integrates retrieval-based memory and reinforcement learning. Instead of learning an explicit belief model, we approximate belief using a vector-based memory that retrieves relevant multimodal context, which is incorporated into the VLM for reasoning. We further refine decision-making using a reinforcement learning policy over the VLM latent space. We evaluate our approach on publicly available VQA datasets such as HD-EPIC and demonstrate consistent improvements over zero-shot baselines, highlighting the importance of belief-aware reasoning.","classic frameworks such as Markov Decision Processes (MDPs) and Partially Observable MDPs (POMDPs) explicitly model latent states and belief updates . these formulations have also inspired cognitive models of human reasoning, where agents maintain and update beliefs about others’ intents .","{""R1_F1"": 0.1941747572815534, ""R1_P"": 0.5128205128205128, ""R1_R"": 0.11976047904191617, ""R2_F1"": 0.03921568627450981, ""R2_P"": 0.10526315789473684, ""R2_R"": 0.024096385542168676, ""R3_F1"": 0.009900990099009901, ""R3_P"": 0.02702702702702703, ""R3_R"": 0.006060606060606061, ""RL_F1"": 0.08737864077669905, ""RL_P"": 0.23076923076923078, ""RL_R"": 0.05389221556886228, ""BS_F1"": 0.8347879648208618, ""BS_P"": 0.8533022403717041, ""BS_R"": 0.8170600533485413, ""FAITH"": 0.960046648979187}","We present a belief-aware vision–language model for egocentric video reasoning that explicitly incorporates latent states and belief updates to capture intent and contextual dependencies. By leveraging a retrieval-based memory of past multimodal experiences and refining the policy with reinforcement learning, our approach enables more consistent and goal-directed decision-making compared to standard VLMs. Experiments on the HD-EPIC dataset demonstrate significant improvements over strong baselines across diverse VQA tasks, particularly in scenarios requiring temporal reasoning and intent inference.","{""R1_F1"": 0.4738955823293173, ""R1_P"": 0.7195121951219512, ""R1_R"": 0.3532934131736527, ""R2_F1"": 0.1214574898785425, ""R2_P"": 0.18518518518518517, ""R2_R"": 0.09036144578313253, ""R3_F1"": 0.024489795918367346, ""R3_P"": 0.0375, ""R3_R"": 0.01818181818181818, ""RL_F1"": 0.2248995983935743, ""RL_P"": 0.34146341463414637, ""RL_R"": 0.16766467065868262, ""BS_F1"": 0.8820803165435791, ""BS_P"": 0.8939942717552185, ""BS_R"": 0.8704798221588135, ""FAITH"": 0.9486650824546814}","We present a belief-aware vision–language model for egocentric video reasoning that explicitly incorporates latent states and belief updates to capture intent and contextual dependencies. By leveraging a retrieval-based memory of past multimodal experiences and refining the policy with reinforcement learning, our approach enables more consistent and goal-directed decision-making compared to standard VLMs. Experiments on the HD-EPIC dataset demonstrate significant improvements over strong baselines across diverse VQA tasks, particularly in scenarios requiring temporal reasoning and intent inference.","{""R1_F1"": 0.4738955823293173, ""R1_P"": 0.7195121951219512, ""R1_R"": 0.3532934131736527, ""R2_F1"": 0.1214574898785425, ""R2_P"": 0.18518518518518517, ""R2_R"": 0.09036144578313253, ""R3_F1"": 0.024489795918367346, ""R3_P"": 0.0375, ""R3_R"": 0.01818181818181818, ""RL_F1"": 0.2248995983935743, ""RL_P"": 0.34146341463414637, ""RL_R"": 0.16766467065868262, ""BS_F1"": 0.8820803165435791, ""BS_P"": 0.8939942717552185, ""BS_R"": 0.8704798221588135, ""FAITH"": 0.9486650824546814}",lora_t5_r16_alpha8
10,"Continual Learning (CL) aims to train neural networks on a dynamic stream of tasks without forgetting previously learned knowledge. Among optimization-based approaches, C-Flat has emerged as a promising solution due to its plug-and-play nature and its ability to encourage uniformly low-loss regions for both new and old tasks. However, C-Flat requires three additional gradient computations per iteration, imposing substantial overhead on the optimization process. In this work, we propose C-Flat Turbo, a faster yet stronger optimizer that significantly reduces the training cost. We show that the gradients associated with first-order flatness contain direction-invariant components relative to the proxy-model gradients, enabling us to skip redundant gradient computations in the perturbed ascent steps. Moreover, we observe that these flatness-promoting gradients progressively stabilize across tasks, which motivates a linear scheduling strategy with an adaptive trigger to allocate larger turbo steps for later tasks. Experiments show that C-Flat Turbo is 1.0× to 1.25× faster than C-Flat across a wide range of CL methods, while achieving comparable or even improved accuracy.",continual learning (CL) is a process of learning incrementally . a major obstacle is catastrophic forgetting . various approaches have been proposed to address this challenge .,"{""R1_F1"": 0.13658536585365852, ""R1_P"": 0.5833333333333334, ""R1_R"": 0.07734806629834254, ""R2_F1"": 0.019704433497536946, ""R2_P"": 0.08695652173913043, ""R2_R"": 0.011111111111111112, ""R3_F1"": 0.009950248756218907, ""R3_P"": 0.045454545454545456, ""R3_R"": 0.00558659217877095, ""RL_F1"": 0.0878048780487805, ""RL_P"": 0.375, ""RL_R"": 0.049723756906077346, ""BS_F1"": 0.8258817195892334, ""BS_P"": 0.8542956113815308, ""BS_R"": 0.7992970943450928, ""FAITH"": 0.9363462726275126}","Continuous learning (CL) is a continuous learning process that assumes incremental learning over time. To address this challenge, several approaches have been proposed to optimize for flat regions, including memory-based, regularization-based, expansion-based, and pre-trained model (PTM)-based methods. However, these approaches lack robust generalization capabilities due to their high-curvature nature and strong sensitivity to parameter changes. We present C-Flat Turbo, a novel optimization framework that can be seamlessly plugged into a wide range of CL methods to provide consistent training speedups. Our results demonstrate that adaptively modifying the oracle gradient can yield tangible efficiency gains in continual learning.","{""R1_F1"": 0.343859649122807, ""R1_P"": 0.47115384615384615, ""R1_R"": 0.27071823204419887, ""R2_F1"": 0.08480565371024736, ""R2_P"": 0.11650485436893204, ""R2_R"": 0.06666666666666667, ""R3_F1"": 0.0498220640569395, ""R3_P"": 0.06862745098039216, ""R3_R"": 0.03910614525139665, ""RL_F1"": 0.1824561403508772, ""RL_P"": 0.25, ""RL_R"": 0.143646408839779, ""BS_F1"": 0.8614305257797241, ""BS_P"": 0.8717528581619263, ""BS_R"": 0.8513498306274414, ""FAITH"": 0.8418828248977661}","Continuous learning (CL) is a continuous learning process that assumes incremental learning over time. To address this challenge, several approaches have been proposed to optimize for flat regions, including memory-based, regularization-based, expansion-based, and pre-trained model (PTM)-based methods. However, these approaches lack robust generalization capabilities due to their high-curvature nature and strong sensitivity to parameter changes. We present C-Flat Turbo, a novel optimization framework that can be seamlessly plugged into a wide range of CL methods to provide consistent training speedups. Our results demonstrate that adaptively modifying the oracle gradient can yield tangible efficiency gains in continual learning.","{""R1_F1"": 0.343859649122807, ""R1_P"": 0.47115384615384615, ""R1_R"": 0.27071823204419887, ""R2_F1"": 0.08480565371024736, ""R2_P"": 0.11650485436893204, ""R2_R"": 0.06666666666666667, ""R3_F1"": 0.0498220640569395, ""R3_P"": 0.06862745098039216, ""R3_R"": 0.03910614525139665, ""RL_F1"": 0.1824561403508772, ""RL_P"": 0.25, ""RL_R"": 0.143646408839779, ""BS_F1"": 0.8614305257797241, ""BS_P"": 0.8717528581619263, ""BS_R"": 0.8513498306274414, ""FAITH"": 0.8418828248977661}",lora_t5_r16_alpha8
1,"Conventional RGB-based high dynamic range (HDR) imaging faces a fundamental trade-off between motion artifacts in multi-exposure captures and irreversible information loss in single-shot techniques. Modulo sensors offer a promising alternative by encoding theoretically unbounded dynamic range into wrapped measurements. However, existing modulo solutions remain bottlenecked by iterative unwrapping overhead and hardware constraints limiting them to low-speed, grayscale capture. In this work, we present a complete modulo-based HDR imaging system that enables high-speed, full-color HDR acquisition by synergistically advancing both the sensing formulation and the unwrapping algorithm. At the core of our approach is an exposure-decoupled formulation of modulo imaging that allows multiple measurements to be interleaved in time, preserving a clean, observation-wise measurement model. Building upon this, we introduce an iteration-free unwrapping algorithm that integrates diffusion-based generative priors with the physical least absolute remainder property of modulo images, supporting highly efficient, physics-consistent HDR reconstruction. Finally, to validate the practical viability of our system, we demonstrate a proof-of-concept hardware implementation based on modulo-encoded spike streams. This setup preserves the native high temporal resolution of spike cameras, achieving 1000 FPS full-color imaging while reducing output data bandwidth from approximately 20 Gbps to 6 Gbps. Extensive evaluations indicate that our coordinated approach successfully overcomes key systemic bottlenecks, demonstrating the feasibility of deploying modulo imaging in dynamic scenarios.",high dynamic range (HDR) imaging has become an essential area of study . we introduce a cyclic encoding that embeds into a sinusoidal space . it can operate robustly for FPS HDR imaging with a s unwrapping time per frame .,"{""R1_F1"": 0.15613382899628253, ""R1_P"": 0.5526315789473685, ""R1_R"": 0.09090909090909091, ""R2_F1"": 0.0449438202247191, ""R2_P"": 0.16216216216216217, ""R2_R"": 0.02608695652173913, ""R3_F1"": 0.022641509433962263, ""R3_P"": 0.08333333333333333, ""R3_R"": 0.013100436681222707, ""RL_F1"": 0.09665427509293681, ""RL_P"": 0.34210526315789475, ""RL_R"": 0.05627705627705628, ""BS_F1"": 0.8384864926338196, ""BS_P"": 0.8616694808006287, ""BS_R"": 0.8165181875228882, ""FAITH"": 0.9865121046702067}","High dynamic range (HDR) imaging is essential for preserving perceptual visual quality and ensuring robustness of downstream computer vision tasks. Existing methods typically reconstruct HDR content from conventional LDR observations, but they often fail to explicitly reason about modulo periodicity. To address this problem, we propose a cyclic unwrapping algorithm that focuses on the modulo imaging formulation and does not explicitly address the demosaicing problem. The proposed method employs a non-Bayer chromatic sampling pattern, which favors direct full-color acquisition at the cost of reduced spatial resolution. Extensive experiments on synthetic benchmarks, downstream application scenarios, and real-captured data collectively demonstrate the practical viability of our system.","{""R1_F1"": 0.3126843657817109, ""R1_P"": 0.49074074074074076, ""R1_R"": 0.22943722943722944, ""R2_F1"": 0.09495548961424331, ""R2_P"": 0.14953271028037382, ""R2_R"": 0.06956521739130435, ""R3_F1"": 0.04776119402985075, ""R3_P"": 0.07547169811320754, ""R3_R"": 0.034934497816593885, ""RL_F1"": 0.1592920353982301, ""RL_P"": 0.25, ""RL_R"": 0.11688311688311688, ""BS_F1"": 0.8553448915481567, ""BS_P"": 0.8644521236419678, ""BS_R"": 0.8464276194572449, ""FAITH"": 0.8812151312828064}","High dynamic range (HDR) imaging is essential for preserving perceptual visual quality and ensuring robustness of downstream computer vision tasks. Existing methods typically reconstruct HDR content from conventional LDR observations, but they often fail to explicitly reason about modulo periodicity. To address this problem, we propose a cyclic unwrapping algorithm that focuses on the modulo imaging formulation and does not explicitly address the demosaicing problem. The proposed method employs a non-Bayer chromatic sampling pattern, which favors direct full-color acquisition at the cost of reduced spatial resolution. Extensive experiments on synthetic benchmarks, downstream application scenarios, and real-captured data collectively demonstrate the practical viability of our system.","{""R1_F1"": 0.3126843657817109, ""R1_P"": 0.49074074074074076, ""R1_R"": 0.22943722943722944, ""R2_F1"": 0.09495548961424331, ""R2_P"": 0.14953271028037382, ""R2_R"": 0.06956521739130435, ""R3_F1"": 0.04776119402985075, ""R3_P"": 0.07547169811320754, ""R3_R"": 0.034934497816593885, ""RL_F1"": 0.1592920353982301, ""RL_P"": 0.25, ""RL_R"": 0.11688311688311688, ""BS_F1"": 0.8553448915481567, ""BS_P"": 0.8644521236419678, ""BS_R"": 0.8464276194572449, ""FAITH"": 0.8812151312828064}",lora_t5_r16_alpha128
2,"The rapid progress of Artificial Intelligence Generated Content (AIGC) tools enables images, videos, and visualizations to be created on demand for webpage design, offering a flexible and increasingly adopted paradigm for modern UI/UX. However, directly integrating such tools into automated webpage generation often leads to style inconsistency and poor global coherence, as elements are generated in isolation. We propose MM-WebAgent, a hierarchical agentic framework for multimodal webpage generation that coordinates AIGC-based element generation through hierarchical planning and iterative self-reflection. MM-WebAgent jointly optimizes global layout, local multimodal content, and their integration, producing coherent and visually consistent webpages. We further introduce MM-WebGEN-Bench and a multi-level evaluation protocol for systematic assessment. Experiments demonstrate that MM-WebAgent outperforms code-generation and agent-based baselines, especially on multimodal element generation and integration.","webpage generation is a practical and high-impact application of large language models . real-world webpages contain heterogeneous multimodal elements such as images, videos, and charts . most existing pipelines populate these elements via retrieval or placeholders .","{""R1_F1"": 0.16374269005847952, ""R1_P"": 0.3888888888888889, ""R1_R"": 0.1037037037037037, ""R2_F1"": 0.04733727810650888, ""R2_P"": 0.11428571428571428, ""R2_R"": 0.029850746268656716, ""R3_F1"": 0.011976047904191616, ""R3_P"": 0.029411764705882353, ""R3_R"": 0.007518796992481203, ""RL_F1"": 0.09356725146198831, ""RL_P"": 0.2222222222222222, ""RL_R"": 0.05925925925925926, ""BS_F1"": 0.8453391790390015, ""BS_P"": 0.8628673553466797, ""BS_R"": 0.8285089731216431, ""FAITH"": 0.9229950110117594}","Webpage generation is a practical and high-impact application of large language models (LLMs) in real-world applications. However, existing pipelines often populate heterogeneous multimodal elements such as images, videos, and charts, which must cohere with the global layout and the semantic intent. We present a novel framework that integrates multimodal content generation with agentic coordination with native multimodal asset generation. The system evaluates each element to identify potential visual or semantic issues and generates corresponding refinement instructions via specialized agents, such as image editing models or localized HTML/CSS updates. The system evaluates each element to identify potential visual or semantic issues, and then executes corresponding refinement instructions via specialized agents, such as image editing models or localized HTML/CSS updates. The system achieves the best performance on both global and local metrics, with an average score of 0.75. These results highlight the limitations of code-only generation pipelines and demonstrate the advantage of treating multimodal content generation as a first-class action within the agent loop.","{""R1_F1"": 0.3552631578947369, ""R1_P"": 0.31952662721893493, ""R1_R"": 0.4, ""R2_F1"": 0.03973509933774834, ""R2_P"": 0.03571428571428571, ""R2_R"": 0.04477611940298507, ""R3_F1"": 0.006666666666666666, ""R3_P"": 0.005988023952095809, ""R3_R"": 0.007518796992481203, ""RL_F1"": 0.1513157894736842, ""RL_P"": 0.13609467455621302, ""RL_R"": 0.17037037037037037, ""BS_F1"": 0.861929178237915, ""BS_P"": 0.8616234064102173, ""BS_R"": 0.8622351884841919, ""FAITH"": 0.8648005127906799}","Webpage generation is a practical and high-impact application of large language models (LLMs) in real-world applications. However, existing pipelines often populate heterogeneous multimodal elements such as images, videos, and charts, which must cohere with the global layout and the semantic intent. We present a novel framework that integrates multimodal content generation with agentic coordination with native multimodal asset generation. The system evaluates each element to identify potential visual or semantic issues and generates corresponding refinement instructions via specialized agents, such as image editing models or localized HTML/CSS updates. The system achieves the best performance on both global and local metrics, with an average score of 0.75.","{""R1_F1"": 0.3510204081632653, ""R1_P"": 0.39090909090909093, ""R1_R"": 0.31851851851851853, ""R2_F1"": 0.04938271604938271, ""R2_P"": 0.05504587155963303, ""R2_R"": 0.04477611940298507, ""R3_F1"": 0.008298755186721992, ""R3_P"": 0.009259259259259259, ""R3_R"": 0.007518796992481203, ""RL_F1"": 0.16326530612244897, ""RL_P"": 0.18181818181818182, ""RL_R"": 0.14814814814814814, ""BS_F1"": 0.867816150188446, ""BS_P"": 0.8747304081916809, ""BS_R"": 0.8610103726387024, ""FAITH"": 0.8310736298561097}",lora_t5_r16_alpha128
3,"While LLMs have demonstrated remarkable potential in Question Answering (QA), evaluating personalization remains a critical bottleneck. Existing paradigms predominantly rely on lexical-level similarity or manual heuristics, often lacking sufficient data-driven validation. We address this by mining Community-Individual Preference Divergence (CIPD), where individual choices override consensus, to distill six key personalization factors as evaluative dimensions. Accordingly, we introduce CoPA, a benchmark with 1,985 user profiles for fine-grained, factor-level assessment. By quantifying the alignment between model outputs and user-specific cognitive preferences inferred from interaction patterns, CoPA provides a more comprehensive and discriminative standard for evaluating personalized QA than generic metrics. The code is available at .","Personalized Question Answering (QA) marks a paradigm shift from static, generic responses to dynamic, user-centric knowledge delivery .","{""R1_F1"": 0.15625, ""R1_P"": 0.5555555555555556, ""R1_R"": 0.09090909090909091, ""R2_F1"": 0.031746031746031744, ""R2_P"": 0.11764705882352941, ""R2_R"": 0.01834862385321101, ""R3_F1"": 0.016129032258064516, ""R3_P"": 0.0625, ""R3_R"": 0.009259259259259259, ""RL_F1"": 0.10937499999999997, ""RL_P"": 0.3888888888888889, ""RL_R"": 0.06363636363636363, ""BS_F1"": 0.8520329594612122, ""BS_P"": 0.8883365988731384, ""BS_R"": 0.818580150604248, ""FAITH"": 0.980903148651123}","Large Language Models (LLMs) have advanced Personalized Question Answering (QA) by enabling dynamic, user-centric knowledge delivery. However, existing evaluation methods typically focus on the lexical overlap between the generated text and a reference, resulting in a lack of robustness. To address this gap, we propose a framework that leverages Large Language Models (LLMs) at multiple stages:principal induction, factor distillation, and evaluation. The framework is based on a human-in-the-loop validation mechanism to ensure the quality of the generated outputs. We evaluate the framework using a rigorous theoretical framework that incorporates a large language model as a Judge Model. Our framework provides a comprehensive evaluation framework for personalized generative QA.","{""R1_F1"": 0.38565022421524664, ""R1_P"": 0.3805309734513274, ""R1_R"": 0.39090909090909093, ""R2_F1"": 0.045248868778280535, ""R2_P"": 0.044642857142857144, ""R2_R"": 0.045871559633027525, ""R3_F1"": 0.0091324200913242, ""R3_P"": 0.009009009009009009, ""R3_R"": 0.009259259259259259, ""RL_F1"": 0.19730941704035873, ""RL_P"": 0.19469026548672566, ""RL_R"": 0.2, ""BS_F1"": 0.8622870445251465, ""BS_P"": 0.8702876567840576, ""BS_R"": 0.854432225227356, ""FAITH"": 0.1726764589548111}","Large Language Models (LLMs) have advanced Personalized Question Answering (QA) by enabling dynamic, user-centric knowledge delivery. However, existing evaluation methods typically focus on the lexical overlap between the generated text and a reference, resulting in a lack of robustness. The framework is based on a human-in-the-loop validation mechanism to ensure the quality of the generated outputs. We evaluate the framework using a rigorous theoretical framework that incorporates a large language model as a Judge Model.","{""R1_F1"": 0.31746031746031744, ""R1_P"": 0.379746835443038, ""R1_R"": 0.2727272727272727, ""R2_F1"": 0.03208556149732621, ""R2_P"": 0.038461538461538464, ""R2_R"": 0.027522935779816515, ""R3_F1"": 0.010810810810810811, ""R3_P"": 0.012987012987012988, ""R3_R"": 0.009259259259259259, ""RL_F1"": 0.15873015873015872, ""RL_P"": 0.189873417721519, ""RL_R"": 0.13636363636363635, ""BS_F1"": 0.8634903430938721, ""BS_P"": 0.8811030387878418, ""BS_R"": 0.8465679883956909, ""FAITH"": -0.08002826571464539}",lora_t5_r16_alpha128
4,"Large vision-language models (VLMs) are enabling interactive video reasoning, giving rise to streaming long-video understanding. In this setting, frames arrive continuously, while the system preserves long-term context and generates responses under strict latency constraints. A central challenge is KVCache management:as video streams grow, KVCache expands rapidly, increasing computation and memory overhead. Existing retrieval-based approaches exploit attention sparsity and offload inactive KVCache from GPU to CPU memory, but their token-level design causes high management overhead and fragmented data movement. We present Mosaic, the first cluster-driven VLM inference system for streaming long-video understanding. Our key insight is that VLM KVCache exhibits an implicit cross-modal clustering structure:retrieved KV states form groups jointly shaped by visual coherence and semantic relevance. Based on this observation, Mosaic uses cross-modal clusters as the basic unit of KVCache organization, maintenance, and retrieval. Evaluations show that Mosaic outperforms state-of-the-art baselines, achieving up to speedup.","early studies centered on static image-text pairs, but many of these emerging applications operate over continuous video streams . to overcome memory bottlenecks, a promising approach is to offload KVCache to CPU memory and retrieve it dynamically based on attention sparsity .","{""R1_F1"": 0.22, ""R1_P"": 0.5365853658536586, ""R1_R"": 0.13836477987421383, ""R2_F1"": 0.06060606060606061, ""R2_P"": 0.15, ""R2_R"": 0.0379746835443038, ""R3_F1"": 0.010204081632653062, ""R3_P"": 0.02564102564102564, ""R3_R"": 0.006369426751592357, ""RL_F1"": 0.14, ""RL_P"": 0.34146341463414637, ""RL_R"": 0.0880503144654088, ""BS_F1"": 0.8441630601882935, ""BS_P"": 0.8598871231079102, ""BS_R"": 0.8290036916732788, ""FAITH"": 0.9622853994369507}","Large language models (LLMs) are increasingly deployed in streaming video environments, where visual inputs arrive as temporally ordered frames. However, existing methods primarily focus on storing and retrieving KVCache in CPU memory, limiting their performance. To address these limitations, we propose a cluster-driven VLM inference system that leverages cross-modal clustering of VLM KVCache. By leveraging the cross-modal clustering of VLM KVCache, we achieve both higher accuracy and better system performance. We further demonstrate that a cluster-driven VLM inference system enables efficient KVCache organization, maintenance, and retrieval.","{""R1_F1"": 0.41767068273092367, ""R1_P"": 0.5777777777777777, ""R1_R"": 0.3270440251572327, ""R2_F1"": 0.12145748987854249, ""R2_P"": 0.16853932584269662, ""R2_R"": 0.0949367088607595, ""R3_F1"": 0.0653061224489796, ""R3_P"": 0.09090909090909091, ""R3_R"": 0.050955414012738856, ""RL_F1"": 0.27309236947791166, ""RL_P"": 0.37777777777777777, ""RL_R"": 0.2138364779874214, ""BS_F1"": 0.8842970728874207, ""BS_P"": 0.9025103449821472, ""BS_R"": 0.866804301738739, ""FAITH"": 0.9074233412742615}","Large language models (LLMs) are increasingly deployed in streaming video environments, where visual inputs arrive as temporally ordered frames. However, existing methods primarily focus on storing and retrieving KVCache in CPU memory, limiting their performance. To address these limitations, we propose a cluster-driven VLM inference system that leverages cross-modal clustering of VLM KVCache.","{""R1_F1"": 0.31775700934579443, ""R1_P"": 0.6181818181818182, ""R1_R"": 0.2138364779874214, ""R2_F1"": 0.09433962264150944, ""R2_P"": 0.18518518518518517, ""R2_R"": 0.06329113924050633, ""R3_F1"": 0.03809523809523809, ""R3_P"": 0.07547169811320754, ""R3_R"": 0.025477707006369428, ""RL_F1"": 0.24299065420560745, ""RL_P"": 0.4727272727272727, ""RL_R"": 0.16352201257861634, ""BS_F1"": 0.8799555897712708, ""BS_P"": 0.9029285907745361, ""BS_R"": 0.8581225872039795, ""FAITH"": 0.8888710935910543}",lora_t5_r16_alpha128
5,"Functional magnetic resonance imaging (fMRI) is widely used for studying and diagnosing brain disorders, with functional connectivity (FC) matrices providing powerful representations of large-scale neural interactions. However, existing diagnostic models are trained either on a single site or under full multi-site access, making them unsuitable for real-world scenarios where clinical data arrive sequentially from different institutions. This results in limited generalization and severe catastrophic forgetting. This paper presents the first continual learning framework specifically designed for fMRI-based diagnosis across heterogeneous clinical sites. Our framework introduces a structure-aware variational autoencoder that synthesizes realistic FC matrices for both patient and control groups. Built on this generative backbone, we develop a multi-level knowledge distillation strategy that aligns predictions and graph representations between new-site data and replayed samples. To further enhance efficiency, we incorporate a hierarchical contextual bandit scheme for adaptive replay sampling. Experiments on multi-site datasets for major depressive disorder (MDD), schizophrenia (SZ), and autism spectrum disorder (ASD) show that the proposed generative model enhances data augmentation quality, and the overall continual learning framework substantially outperforms existing methods in mitigating catastrophic forgetting. Our code is available at .",functional magnetic resonance imaging (fMRI) is a non-invasive technique that measures brain activity through blood-oxygen-level-dependent (BOLD) signals . existing fMRI-based diagnostic models exhibit limited reliability for practical clinical deployment .,"{""R1_F1"": 0.16, ""R1_P"": 0.5454545454545454, ""R1_R"": 0.09375, ""R2_F1"": 0.06278026905829596, ""R2_P"": 0.21875, ""R2_R"": 0.03664921465968586, ""R3_F1"": 0.03619909502262443, ""R3_P"": 0.12903225806451613, ""R3_R"": 0.021052631578947368, ""RL_F1"": 0.11555555555555555, ""RL_P"": 0.3939393939393939, ""RL_R"": 0.06770833333333333, ""BS_F1"": 0.8342001438140869, ""BS_P"": 0.8615247011184692, ""BS_R"": 0.8085556030273438, ""FAITH"": 0.9822739362716675}","Functional magnetic resonance imaging (fMRI) is a non-invasive technique that measures brain activity through blood-oxygen-level-dependent (BOLD) signals. However, existing fMRI-based diagnostic models still exhibit limited reliability for practical clinical deployment. We introduce FORGE, the first continuous learning framework for fMRI-based brain disorder diagnosis. FCM-VAE is a structure-aware generative model that synthesizes high-quality functional connectivity matrices, providing a viable solution for privacy-preserving replay in clinical environments. To address this limitation, we introduce FORGE, the first continual learning framework for fMRI-based brain disorder diagnosis. FCM-VAE is a structure-aware generative model that synthesizes high-quality functional connectivity matrices, providing a viable solution for privacy-preserving replay in clinical environments.","{""R1_F1"": 0.40514469453376206, ""R1_P"": 0.5294117647058824, ""R1_R"": 0.328125, ""R2_F1"": 0.1423948220064725, ""R2_P"": 0.1864406779661017, ""R2_R"": 0.11518324607329843, ""R3_F1"": 0.06514657980456026, ""R3_P"": 0.08547008547008547, ""R3_R"": 0.05263157894736842, ""RL_F1"": 0.24437299035369778, ""RL_P"": 0.31932773109243695, ""RL_R"": 0.19791666666666666, ""BS_F1"": 0.8589804172515869, ""BS_P"": 0.8751299381256104, ""BS_R"": 0.8434160947799683, ""FAITH"": 0.9689090351263682}","Functional magnetic resonance imaging (fMRI) is a non-invasive technique that measures brain activity through blood-oxygen-level-dependent (BOLD) signals. However, existing fMRI-based diagnostic models still exhibit limited reliability for practical clinical deployment. We introduce FORGE, the first continuous learning framework for fMRI-based brain disorder diagnosis. FCM-VAE is a structure-aware generative model that synthesizes high-quality functional connectivity matrices, providing a viable solution for privacy-preserving replay in clinical environments.","{""R1_F1"": 0.35205992509363293, ""R1_P"": 0.6266666666666667, ""R1_R"": 0.24479166666666666, ""R2_F1"": 0.1509433962264151, ""R2_P"": 0.2702702702702703, ""R2_R"": 0.10471204188481675, ""R3_F1"": 0.06844106463878327, ""R3_P"": 0.1232876712328767, ""R3_R"": 0.04736842105263158, ""RL_F1"": 0.23970037453183518, ""RL_P"": 0.4266666666666667, ""RL_R"": 0.16666666666666666, ""BS_F1"": 0.8653357625007629, ""BS_P"": 0.8860139846801758, ""BS_R"": 0.8456006646156311, ""FAITH"": 0.9673731625080109}",lora_t5_r16_alpha128
6,"We study the Stokes–Poisson–Boltzmann equations with Dirichlet and Navier boundary conditions. The system consists of the incompressible Stokes equations coupled with a nonlinear Poisson–Boltzmann equation through electrostatic forcing and convective transport effects. To handle the Navier boundary conditions in a unified framework, we employ Nitsche’s method for their weak imposition within a conforming finite element setting. We derive a consistent and stable discrete formulation and establish the well-posedness of the resulting problem. By carefully choosing the penalty parameters, the bilinear form is shown to be coercive and continuous. A priori error estimates are proved in the natural energy norms, yielding optimal-order convergence under suitable regularity assumptions. Furthermore, we develop residual-based a posteriori error estimators that incorporate element residuals, inter-element jump residuals, and boundary residuals arising from the Nitsche formulation. The estimators are shown to be reliable and locally efficient. Numerical experiments confirm the theoretical results and demonstrate the robustness and accuracy of the proposed method for the Stokes–Poisson–Boltzmann system.","electrically charged fluid flows play an important role in several chemical applications, such as the design of nanopores for biomedical devices and the modelling of water purification systems . in this process, the motion of an electrolyte is driven by thin electric double layers that attract and repel ions near charged surfaces .","{""R1_F1"": 0.13636363636363635, ""R1_P"": 0.29411764705882354, ""R1_R"": 0.08875739644970414, ""R2_F1"": 0.0, ""R2_P"": 0.0, ""R2_R"": 0.0, ""R3_F1"": 0.0, ""R3_P"": 0.0, ""R3_R"": 0.0, ""RL_F1"": 0.0909090909090909, ""RL_P"": 0.19607843137254902, ""RL_R"": 0.05917159763313609, ""BS_F1"": 0.7929309010505676, ""BS_P"": 0.806043803691864, ""BS_R"": 0.7802377939224243, ""FAITH"": 0.9824761748313904}","Electro-osmosis is the simplest mechanism for transporting electrically charged fluid without mechanical pumping. In many simplified situations, the electric charge density can be directly related to the electrostatic potential within the double layer. In this paper, we propose a finite element scheme that uses a fixed-point theorem combined with the Babuka-Brezzi theory and the Minty-Browder theorem. The proposed method is based on a discrete finite element scheme, where the energy norm is determined by the electric charge density of the electrolyte and an externally applied electric field. We introduce a symmetric variant of Nitsche’s method to weakly impose the slip boundary conditions. Under suitable small data assumptions, we establish the existence and uniqueness of the discrete solution using Banach’s fixed-point theorem combined with the Babuka-Brezzi theory and the Minty-Browder theorem. Furthermore, a residual-based a posteriori error estimator is developed and analyzed, with its reliability and efficiency rigorously established.","{""R1_F1"": 0.44648318042813456, ""R1_P"": 0.4620253164556962, ""R1_R"": 0.4319526627218935, ""R2_F1"": 0.10461538461538462, ""R2_P"": 0.10828025477707007, ""R2_R"": 0.10119047619047619, ""R3_F1"": 0.03715170278637771, ""R3_P"": 0.038461538461538464, ""R3_R"": 0.03592814371257485, ""RL_F1"": 0.20795107033639146, ""RL_P"": 0.21518987341772153, ""RL_R"": 0.20118343195266272, ""BS_F1"": 0.8527212142944336, ""BS_P"": 0.856911301612854, ""BS_R"": 0.8485720753669739, ""FAITH"": 0.856532369341169}","Electro-osmosis is the simplest mechanism for transporting electrically charged fluid without mechanical pumping. In many simplified situations, the electric charge density can be directly related to the electrostatic potential within the double layer. In this paper, we propose a finite element scheme that uses a fixed-point theorem combined with the Babuka-Brezzi theory and the Minty-Browder theorem. We introduce a symmetric variant of Nitsche’s method to weakly impose the slip boundary conditions. Furthermore, a residual-based a posteriori error estimator is developed and analyzed, with its reliability and efficiency rigorously established.","{""R1_F1"": 0.3712121212121212, ""R1_P"": 0.5157894736842106, ""R1_R"": 0.28994082840236685, ""R2_F1"": 0.07633587786259542, ""R2_P"": 0.10638297872340426, ""R2_R"": 0.05952380952380952, ""R3_F1"": 0.038461538461538464, ""R3_P"": 0.053763440860215055, ""R3_R"": 0.029940119760479042, ""RL_F1"": 0.20454545454545453, ""RL_P"": 0.28421052631578947, ""RL_R"": 0.15976331360946747, ""BS_F1"": 0.8491657376289368, ""BS_P"": 0.8611472249031067, ""BS_R"": 0.8375131487846375, ""FAITH"": 0.890213131904602}",lora_t5_r16_alpha128
7,"Existing age estimation methods treat each face as an independent sample, learning a global mapping from appearance to age. This ignores a well-documented phenomenon:individuals age at different rates due to genetics, lifestyle, and health, making the mapping from face to age identity-dependent. When reference images of the same person with known ages are available, we can exploit this context to personalize the estimate. The only existing benchmark for this task (NIST FRVT) is closed-source and limited to a single reference image. In this work, we introduce OpenPAE, the first open benchmark for -shot personalized age estimation with strict evaluation protocols. We establish a hierarchy of increasingly sophisticated baselines:from arithmetic offset, through closed-form Bayesian linear regression, to a conditional attentive neural process. Our experiments show that personalization consistently improves performance, that the gains are not merely domain adaptation, and that nonlinear methods significantly outperform simpler alternatives. We release all models, code, protocols, and evaluation splits.","standard approaches learn a global mapping from facial appearance to age, treating each face as an independent sample drawn from a shared population . the difference between a person’s apparent age and their chronological age is heavily modulated by genetics, health, and lifestyle .","{""R1_F1"": 0.2857142857142857, ""R1_P"": 0.6744186046511628, ""R1_R"": 0.18125, ""R2_F1"": 0.11940298507462686, ""R2_P"": 0.2857142857142857, ""R2_R"": 0.07547169811320754, ""R3_F1"": 0.09045226130653265, ""R3_P"": 0.21951219512195122, ""R3_R"": 0.056962025316455694, ""RL_F1"": 0.15763546798029557, ""RL_P"": 0.37209302325581395, ""RL_R"": 0.1, ""BS_F1"": 0.8604599833488464, ""BS_P"": 0.8904221057891846, ""BS_R"": 0.8324486017227173, ""FAITH"": 0.9519244730472565}","We propose Attention Global (Attn-G), a benchmark for -shot personalized age estimation. The benchmark is trained exclusively on the CSFD dataset and tested across diverse target datasets. The training set consists almost entirely of age differences within years, allowing the model to consistently improve upon the global baseline. When confronted with the heavy temporal tails of AgeDB or KANFace, these large age differences fall out-of-distribution, causing the model to perform worse than the unconditioned global predictor. Extensive baseline evaluation demonstrates that human aging trajectories are highly complex and identity-dependent; effectively modeling them requires deep models and joint-context aggregation rather than simple arithmetic offsets.","{""R1_F1"": 0.32835820895522394, ""R1_P"": 0.4074074074074074, ""R1_R"": 0.275, ""R2_F1"": 0.06766917293233082, ""R2_P"": 0.08411214953271028, ""R2_R"": 0.05660377358490566, ""R3_F1"": 0.0303030303030303, ""R3_P"": 0.03773584905660377, ""R3_R"": 0.02531645569620253, ""RL_F1"": 0.14925373134328357, ""RL_P"": 0.18518518518518517, ""RL_R"": 0.125, ""BS_F1"": 0.8471778035163879, ""BS_P"": 0.851033091545105, ""BS_R"": 0.8433573246002197, ""FAITH"": 0.9282215476036072}","We propose Attention Global (Attn-G), a benchmark for -shot personalized age estimation. The benchmark is trained exclusively on the CSFD dataset and tested across diverse target datasets. The training set consists almost entirely of age differences within years, allowing the model to consistently improve upon the global baseline. Extensive baseline evaluation demonstrates that human aging trajectories are highly complex and identity-dependent; effectively modeling them requires deep models and joint-context aggregation rather than simple arithmetic offsets.","{""R1_F1"": 0.3109243697478991, ""R1_P"": 0.47435897435897434, ""R1_R"": 0.23125, ""R2_F1"": 0.07627118644067797, ""R2_P"": 0.11688311688311688, ""R2_R"": 0.05660377358490566, ""R3_F1"": 0.034188034188034185, ""R3_P"": 0.05263157894736842, ""R3_R"": 0.02531645569620253, ""RL_F1"": 0.15966386554621848, ""RL_P"": 0.24358974358974358, ""RL_R"": 0.11875, ""BS_F1"": 0.8510291576385498, ""BS_P"": 0.8606392741203308, ""BS_R"": 0.8416312336921692, ""FAITH"": 0.9309846460819244}",lora_t5_r16_alpha128
8,"We consider a coded caching problem with multiple demands under a privacy constraint. In this problem, a server with access to files serves users over a shared link, and each user requests distinct files. The privacy constraint requires that each user obtain no information about the demands of the other users. We propose a new achievable scheme for arbitrary numbers of files and users. The scheme is obtained via a transformation from a non-private coded caching scheme under uncoded placement for files and users, where each user requests one file and the demands are restricted to a subset of all possible demands. We then derive a converse bound, and the proposed scheme is shown to be order optimal within a factor of 6 of this bound.","coded caching, formulated by Maddah-Ali and Niesen in , has received significant attention . the system consists of two phases:a placement phase, where each user fills its cache as a function of the files, and a delivery phase . in the delivery phase, each user requests one file, and the server broadcasts a message to ensure that each user can decode its requested file .","{""R1_F1"": 0.35789473684210527, ""R1_P"": 0.5396825396825397, ""R1_R"": 0.2677165354330709, ""R2_F1"": 0.1382978723404255, ""R2_P"": 0.20967741935483872, ""R2_R"": 0.10317460317460317, ""R3_F1"": 0.07526881720430108, ""R3_P"": 0.11475409836065574, ""R3_R"": 0.056, ""RL_F1"": 0.2105263157894737, ""RL_P"": 0.31746031746031744, ""RL_R"": 0.15748031496062992, ""BS_F1"": 0.8369458317756653, ""BS_P"": 0.8383491039276123, ""BS_R"": 0.8355472087860107, ""FAITH"": 0.9475433826446533}","Coded caching is a problem in which a server accessing a library of files serves users over an error-free shared link, where each user fills its cache as a function of the files, and the server broadcasts a message to ensure that each user can decode its requested file based on its own cache content and the worst-case rate of the broadcast message. In this paper, we make advances in demand-private coded caching with multiple demands by proposing a new achievable scheme. The proposed scheme is based on a transformation from an RD-NP-UCC scheme to a scheme for demand-private coded caching with multiple demands. We also establish a converse bound, showing that the proposed scheme is order optimal within a factor of .","{""R1_F1"": 0.6039215686274509, ""R1_P"": 0.6015625, ""R1_R"": 0.6062992125984252, ""R2_F1"": 0.31620553359683795, ""R2_P"": 0.31496062992125984, ""R2_R"": 0.31746031746031744, ""R3_F1"": 0.14342629482071714, ""R3_P"": 0.14285714285714285, ""R3_R"": 0.144, ""RL_F1"": 0.42352941176470593, ""RL_P"": 0.421875, ""RL_R"": 0.4251968503937008, ""BS_F1"": 0.8962404727935791, ""BS_P"": 0.8919039964675903, ""BS_R"": 0.9006193280220032, ""FAITH"": 0.8909818977117538}","Coded caching is a problem in which a server accessing a library of files serves users over an error-free shared link, where each user fills its cache as a function of the files, and the server broadcasts a message to ensure that each user can decode its requested file based on its own cache content and the worst-case rate of the broadcast message. In this paper, we make advances in demand-private coded caching with multiple demands by proposing a new achievable scheme.","{""R1_F1"": 0.48113207547169806, ""R1_P"": 0.6, ""R1_R"": 0.4015748031496063, ""R2_F1"": 0.22857142857142854, ""R2_P"": 0.2857142857142857, ""R2_R"": 0.19047619047619047, ""R3_F1"": 0.09615384615384616, ""R3_P"": 0.12048192771084337, ""R3_R"": 0.08, ""RL_F1"": 0.29245283018867924, ""RL_P"": 0.36470588235294116, ""RL_R"": 0.2440944881889764, ""BS_F1"": 0.8763952255249023, ""BS_P"": 0.8827617168426514, ""BS_R"": 0.8701199293136597, ""FAITH"": 0.8285485506057739}",lora_t5_r16_alpha128
9,"Traditional neural network models for intent inference rely heavily on observable states and struggle to generalize across diverse tasks and dynamic environments. Recent advances in Vision–Language Models (VLMs) and Vision–Language–Action (VLA) models introduce common-sense reasoning through large-scale multimodal pretraining, enabling zero-shot performance across tasks. However, these models still lack explicit mechanisms to represent and update belief, limiting their ability to reason like humans or capture the evolving human intent over long-horizon. To address this, we propose a belief-aware VLM framework that integrates retrieval-based memory and reinforcement learning. Instead of learning an explicit belief model, we approximate belief using a vector-based memory that retrieves relevant multimodal context, which is incorporated into the VLM for reasoning. We further refine decision-making using a reinforcement learning policy over the VLM latent space. We evaluate our approach on publicly available VQA datasets such as HD-EPIC and demonstrate consistent improvements over zero-shot baselines, highlighting the importance of belief-aware reasoning.","classic frameworks such as Markov Decision Processes (MDPs) and Partially Observable MDPs (POMDPs) explicitly model latent states and belief updates . these formulations have also inspired cognitive models of human reasoning, where agents maintain and update beliefs about others’ intents .","{""R1_F1"": 0.1941747572815534, ""R1_P"": 0.5128205128205128, ""R1_R"": 0.11976047904191617, ""R2_F1"": 0.03921568627450981, ""R2_P"": 0.10526315789473684, ""R2_R"": 0.024096385542168676, ""R3_F1"": 0.009900990099009901, ""R3_P"": 0.02702702702702703, ""R3_R"": 0.006060606060606061, ""RL_F1"": 0.08737864077669905, ""RL_P"": 0.23076923076923078, ""RL_R"": 0.05389221556886228, ""BS_F1"": 0.8347879648208618, ""BS_P"": 0.8533022403717041, ""BS_R"": 0.8170600533485413, ""FAITH"": 0.960046648979187}","We present a belief-aware vision–language model for egocentric video reasoning that explicitly incorporates latent belief to capture intent and contextual dependencies. Our approach leverages a retrieval-based memory of past multimodal experiences and refins the policy with reinforcement learning, enabling more consistent and goal-directed decision-making compared to standard VLMs. Experiments on the HD-EPIC dataset demonstrate significant improvements over strong baselines across diverse VQA tasks, particularly in scenarios requiring temporal reasoning and intent inference.","{""R1_F1"": 0.4571428571428571, ""R1_P"": 0.717948717948718, ""R1_R"": 0.33532934131736525, ""R2_F1"": 0.11522633744855967, ""R2_P"": 0.18181818181818182, ""R2_R"": 0.08433734939759036, ""R3_F1"": 0.024896265560165973, ""R3_P"": 0.039473684210526314, ""R3_R"": 0.01818181818181818, ""RL_F1"": 0.21224489795918366, ""RL_P"": 0.3333333333333333, ""RL_R"": 0.15568862275449102, ""BS_F1"": 0.8807186484336853, ""BS_P"": 0.8935511708259583, ""BS_R"": 0.8682495355606079, ""FAITH"": 0.9555002649625143}","We present a belief-aware vision–language model for egocentric video reasoning that explicitly incorporates latent belief to capture intent and contextual dependencies. Our approach leverages a retrieval-based memory of past multimodal experiences and refins the policy with reinforcement learning, enabling more consistent and goal-directed decision-making compared to standard VLMs. Experiments on the HD-EPIC dataset demonstrate significant improvements over strong baselines across diverse VQA tasks, particularly in scenarios requiring temporal reasoning and intent inference.","{""R1_F1"": 0.4571428571428571, ""R1_P"": 0.717948717948718, ""R1_R"": 0.33532934131736525, ""R2_F1"": 0.11522633744855967, ""R2_P"": 0.18181818181818182, ""R2_R"": 0.08433734939759036, ""R3_F1"": 0.024896265560165973, ""R3_P"": 0.039473684210526314, ""R3_R"": 0.01818181818181818, ""RL_F1"": 0.21224489795918366, ""RL_P"": 0.3333333333333333, ""RL_R"": 0.15568862275449102, ""BS_F1"": 0.8807186484336853, ""BS_P"": 0.8935511708259583, ""BS_R"": 0.8682495355606079, ""FAITH"": 0.9555002649625143}",lora_t5_r16_alpha128
10,"Continual Learning (CL) aims to train neural networks on a dynamic stream of tasks without forgetting previously learned knowledge. Among optimization-based approaches, C-Flat has emerged as a promising solution due to its plug-and-play nature and its ability to encourage uniformly low-loss regions for both new and old tasks. However, C-Flat requires three additional gradient computations per iteration, imposing substantial overhead on the optimization process. In this work, we propose C-Flat Turbo, a faster yet stronger optimizer that significantly reduces the training cost. We show that the gradients associated with first-order flatness contain direction-invariant components relative to the proxy-model gradients, enabling us to skip redundant gradient computations in the perturbed ascent steps. Moreover, we observe that these flatness-promoting gradients progressively stabilize across tasks, which motivates a linear scheduling strategy with an adaptive trigger to allocate larger turbo steps for later tasks. Experiments show that C-Flat Turbo is 1.0× to 1.25× faster than C-Flat across a wide range of CL methods, while achieving comparable or even improved accuracy.",continual learning (CL) is a process of learning incrementally . a major obstacle is catastrophic forgetting . various approaches have been proposed to address this challenge .,"{""R1_F1"": 0.13658536585365852, ""R1_P"": 0.5833333333333334, ""R1_R"": 0.07734806629834254, ""R2_F1"": 0.019704433497536946, ""R2_P"": 0.08695652173913043, ""R2_R"": 0.011111111111111112, ""R3_F1"": 0.009950248756218907, ""R3_P"": 0.045454545454545456, ""R3_R"": 0.00558659217877095, ""RL_F1"": 0.0878048780487805, ""RL_P"": 0.375, ""RL_R"": 0.049723756906077346, ""BS_F1"": 0.8258817195892334, ""BS_P"": 0.8542956113815308, ""BS_R"": 0.7992970943450928, ""FAITH"": 0.9363462726275126}","In continual learning (CL), catastrophic forgetting is a major obstacle. Existing methods have shown promising results in improving generalization and mitigating forgetting. However, they remain costly due to the overhead of estimating the flatness component. To address this, we propose C-Flat Turbo, an adaptive optimization framework that adapts the oracle gradient for flat regions. We evaluate the performance of C-Flat Turbo on a typical and PTM-based continuous learning (CIL) benchmark. Our results show that C-Flat Turbo can be seamlessly plugged into a wide range of CL methods to provide consistent training speedups.","{""R1_F1"": 0.4332129963898917, ""R1_P"": 0.625, ""R1_R"": 0.3314917127071823, ""R2_F1"": 0.14545454545454545, ""R2_P"": 0.21052631578947367, ""R2_R"": 0.1111111111111111, ""R3_F1"": 0.08058608058608059, ""R3_P"": 0.11702127659574468, ""R3_R"": 0.061452513966480445, ""RL_F1"": 0.25270758122743686, ""RL_P"": 0.3645833333333333, ""RL_R"": 0.19337016574585636, ""BS_F1"": 0.8681543469429016, ""BS_P"": 0.8842340707778931, ""BS_R"": 0.8526489734649658, ""FAITH"": 0.9262988070646921}","In continual learning (CL), catastrophic forgetting is a major obstacle. Existing methods have shown promising results in improving generalization and mitigating forgetting. However, they remain costly due to the overhead of estimating the flatness component. To address this, we propose C-Flat Turbo, an adaptive optimization framework that adapts the oracle gradient for flat regions. We evaluate the performance of C-Flat Turbo on a typical and PTM-based continuous learning (CIL) benchmark. Our results show that C-Flat Turbo can be seamlessly plugged into a wide range of CL methods to provide consistent training speedups.","{""R1_F1"": 0.4332129963898917, ""R1_P"": 0.625, ""R1_R"": 0.3314917127071823, ""R2_F1"": 0.14545454545454545, ""R2_P"": 0.21052631578947367, ""R2_R"": 0.1111111111111111, ""R3_F1"": 0.08058608058608059, ""R3_P"": 0.11702127659574468, ""R3_R"": 0.061452513966480445, ""RL_F1"": 0.25270758122743686, ""RL_P"": 0.3645833333333333, ""RL_R"": 0.19337016574585636, ""BS_F1"": 0.8681543469429016, ""BS_P"": 0.8842340707778931, ""BS_R"": 0.8526489734649658, ""FAITH"": 0.9262988070646921}",lora_t5_r16_alpha128
1,"Conventional RGB-based high dynamic range (HDR) imaging faces a fundamental trade-off between motion artifacts in multi-exposure captures and irreversible information loss in single-shot techniques. Modulo sensors offer a promising alternative by encoding theoretically unbounded dynamic range into wrapped measurements. However, existing modulo solutions remain bottlenecked by iterative unwrapping overhead and hardware constraints limiting them to low-speed, grayscale capture. In this work, we present a complete modulo-based HDR imaging system that enables high-speed, full-color HDR acquisition by synergistically advancing both the sensing formulation and the unwrapping algorithm. At the core of our approach is an exposure-decoupled formulation of modulo imaging that allows multiple measurements to be interleaved in time, preserving a clean, observation-wise measurement model. Building upon this, we introduce an iteration-free unwrapping algorithm that integrates diffusion-based generative priors with the physical least absolute remainder property of modulo images, supporting highly efficient, physics-consistent HDR reconstruction. Finally, to validate the practical viability of our system, we demonstrate a proof-of-concept hardware implementation based on modulo-encoded spike streams. This setup preserves the native high temporal resolution of spike cameras, achieving 1000 FPS full-color imaging while reducing output data bandwidth from approximately 20 Gbps to 6 Gbps. Extensive evaluations indicate that our coordinated approach successfully overcomes key systemic bottlenecks, demonstrating the feasibility of deploying modulo imaging in dynamic scenarios.",high dynamic range (HDR) imaging has become an essential area of study . we introduce a cyclic encoding that embeds into a sinusoidal space . it can operate robustly for FPS HDR imaging with a s unwrapping time per frame .,"{""R1_F1"": 0.15613382899628253, ""R1_P"": 0.5526315789473685, ""R1_R"": 0.09090909090909091, ""R2_F1"": 0.0449438202247191, ""R2_P"": 0.16216216216216217, ""R2_R"": 0.02608695652173913, ""R3_F1"": 0.022641509433962263, ""R3_P"": 0.08333333333333333, ""R3_R"": 0.013100436681222707, ""RL_F1"": 0.09665427509293681, ""RL_P"": 0.34210526315789475, ""RL_R"": 0.05627705627705628, ""BS_F1"": 0.8384864926338196, ""BS_P"": 0.8616694808006287, ""BS_R"": 0.8165181875228882, ""FAITH"": 0.9865121046702067}","High dynamic range (HDR) imaging has become an essential area of study for preserving perceptual visual quality and ensuring the robustness of downstream computer vision tasks. Existing methods typically reconstruct HDR content from conventional LDR observations, but they fail to explicitly reason about modulo periodicity. To address this problem, we propose a novel unwrapping algorithm that focuses on the modulo imaging formulation and does not explicitly address the demosaicing problem. The proposed algorithm is based on a non-Bayer chromatic sampling pattern, which favors direct full-color acquisition at the cost of reduced spatial resolution. Extensive experiments on synthetic benchmarks, downstream application scenarios, and real-captured data collectively demonstrate the viability of our system.","{""R1_F1"": 0.3304347826086957, ""R1_P"": 0.5, ""R1_R"": 0.24675324675324675, ""R2_F1"": 0.08746355685131195, ""R2_P"": 0.13274336283185842, ""R2_R"": 0.06521739130434782, ""R3_F1"": 0.03519061583577712, ""R3_P"": 0.05357142857142857, ""R3_R"": 0.026200873362445413, ""RL_F1"": 0.16231884057971016, ""RL_P"": 0.24561403508771928, ""RL_R"": 0.12121212121212122, ""BS_F1"": 0.8549339175224304, ""BS_P"": 0.864574134349823, ""BS_R"": 0.8455064296722412, ""FAITH"": 0.9196574687957764}","High dynamic range (HDR) imaging has become an essential area of study for preserving perceptual visual quality and ensuring the robustness of downstream computer vision tasks. Existing methods typically reconstruct HDR content from conventional LDR observations, but they fail to explicitly reason about modulo periodicity. To address this problem, we propose a novel unwrapping algorithm that focuses on the modulo imaging formulation and does not explicitly address the demosaicing problem. The proposed algorithm is based on a non-Bayer chromatic sampling pattern, which favors direct full-color acquisition at the cost of reduced spatial resolution. Extensive experiments on synthetic benchmarks, downstream application scenarios, and real-captured data collectively demonstrate the viability of our system.","{""R1_F1"": 0.3304347826086957, ""R1_P"": 0.5, ""R1_R"": 0.24675324675324675, ""R2_F1"": 0.08746355685131195, ""R2_P"": 0.13274336283185842, ""R2_R"": 0.06521739130434782, ""R3_F1"": 0.03519061583577712, ""R3_P"": 0.05357142857142857, ""R3_R"": 0.026200873362445413, ""RL_F1"": 0.16231884057971016, ""RL_P"": 0.24561403508771928, ""RL_R"": 0.12121212121212122, ""BS_F1"": 0.8549339175224304, ""BS_P"": 0.864574134349823, ""BS_R"": 0.8455064296722412, ""FAITH"": 0.9196574687957764}",lora_t5_r16_alpha64
2,"The rapid progress of Artificial Intelligence Generated Content (AIGC) tools enables images, videos, and visualizations to be created on demand for webpage design, offering a flexible and increasingly adopted paradigm for modern UI/UX. However, directly integrating such tools into automated webpage generation often leads to style inconsistency and poor global coherence, as elements are generated in isolation. We propose MM-WebAgent, a hierarchical agentic framework for multimodal webpage generation that coordinates AIGC-based element generation through hierarchical planning and iterative self-reflection. MM-WebAgent jointly optimizes global layout, local multimodal content, and their integration, producing coherent and visually consistent webpages. We further introduce MM-WebGEN-Bench and a multi-level evaluation protocol for systematic assessment. Experiments demonstrate that MM-WebAgent outperforms code-generation and agent-based baselines, especially on multimodal element generation and integration.","webpage generation is a practical and high-impact application of large language models . real-world webpages contain heterogeneous multimodal elements such as images, videos, and charts . most existing pipelines populate these elements via retrieval or placeholders .","{""R1_F1"": 0.16374269005847952, ""R1_P"": 0.3888888888888889, ""R1_R"": 0.1037037037037037, ""R2_F1"": 0.04733727810650888, ""R2_P"": 0.11428571428571428, ""R2_R"": 0.029850746268656716, ""R3_F1"": 0.011976047904191616, ""R3_P"": 0.029411764705882353, ""R3_R"": 0.007518796992481203, ""RL_F1"": 0.09356725146198831, ""RL_P"": 0.2222222222222222, ""RL_R"": 0.05925925925925926, ""BS_F1"": 0.8453391790390015, ""BS_P"": 0.8628673553466797, ""BS_R"": 0.8285089731216431, ""FAITH"": 0.9229950110117594}","Webpage generation is a practical and high-impact application of large language models (LLMs). However, existing pipelines often populate these elements via retrieval or placeholders, and then generate or insert assets independently. This often leads to (i) across elements, (ii) between generated media and reserved slots, and (iii) after assets are composed into the page. To address this limitation, we propose a multimodal content generation system that integrates multimodal elements with native multimodal assets. The system evaluates each element to identify potential visual or semantic issues and generates corresponding refinement instructions, which are then executed via specialized agents, such as image editing models or localized HTML/CSS updates. We evaluate the system on six evaluation dimensions, where layout, style, and aesthetics measure global page-level quality, while image, video, and chart assess the quality and integration of local multimodal elements. The system achieves the best performance on both global and local metrics, with an average score of 0.75. In particular, it shows substantial improvements on multimodal element metrics, including image, video, and chart.","{""R1_F1"": 0.36245954692556637, ""R1_P"": 0.3218390804597701, ""R1_R"": 0.4148148148148148, ""R2_F1"": 0.07166123778501629, ""R2_P"": 0.06358381502890173, ""R2_R"": 0.08208955223880597, ""R3_F1"": 0.019672131147540982, ""R3_P"": 0.01744186046511628, ""R3_R"": 0.022556390977443608, ""RL_F1"": 0.18122977346278318, ""RL_P"": 0.16091954022988506, ""RL_R"": 0.2074074074074074, ""BS_F1"": 0.8592504858970642, ""BS_P"": 0.8580586314201355, ""BS_R"": 0.8604456186294556, ""FAITH"": 0.8969900608062744}","Webpage generation is a practical and high-impact application of large language models (LLMs). However, existing pipelines often populate these elements via retrieval or placeholders, and then generate or insert assets independently. This often leads to (i) across elements, (ii) between generated media and reserved slots, and (iii) after assets are composed into the page. To address this limitation, we propose a multimodal content generation system that integrates multimodal elements with native multimodal assets. The system evaluates each element to identify potential visual or semantic issues and generates corresponding refinement instructions, which are then executed via specialized agents, such as image editing models or localized HTML/CSS updates. We evaluate the system on six evaluation dimensions, where layout, style, and aesthetics measure global page-level quality, while image, video, and chart assess the quality and integration of local multimodal elements. The system achieves the best performance on both global and local metrics, with an average score of 0.75.","{""R1_F1"": 0.37414965986394555, ""R1_P"": 0.34591194968553457, ""R1_R"": 0.4074074074074074, ""R2_F1"": 0.0684931506849315, ""R2_P"": 0.06329113924050633, ""R2_R"": 0.07462686567164178, ""R3_F1"": 0.013793103448275862, ""R3_P"": 0.012738853503184714, ""R3_R"": 0.015037593984962405, ""RL_F1"": 0.18367346938775508, ""RL_P"": 0.16981132075471697, ""RL_R"": 0.2, ""BS_F1"": 0.8576172590255737, ""BS_P"": 0.8551757335662842, ""BS_R"": 0.860072672367096, ""FAITH"": 0.8846131392887661}",lora_t5_r16_alpha64
3,"While LLMs have demonstrated remarkable potential in Question Answering (QA), evaluating personalization remains a critical bottleneck. Existing paradigms predominantly rely on lexical-level similarity or manual heuristics, often lacking sufficient data-driven validation. We address this by mining Community-Individual Preference Divergence (CIPD), where individual choices override consensus, to distill six key personalization factors as evaluative dimensions. Accordingly, we introduce CoPA, a benchmark with 1,985 user profiles for fine-grained, factor-level assessment. By quantifying the alignment between model outputs and user-specific cognitive preferences inferred from interaction patterns, CoPA provides a more comprehensive and discriminative standard for evaluating personalized QA than generic metrics. The code is available at .","Personalized Question Answering (QA) marks a paradigm shift from static, generic responses to dynamic, user-centric knowledge delivery .","{""R1_F1"": 0.15625, ""R1_P"": 0.5555555555555556, ""R1_R"": 0.09090909090909091, ""R2_F1"": 0.031746031746031744, ""R2_P"": 0.11764705882352941, ""R2_R"": 0.01834862385321101, ""R3_F1"": 0.016129032258064516, ""R3_P"": 0.0625, ""R3_R"": 0.009259259259259259, ""RL_F1"": 0.10937499999999997, ""RL_P"": 0.3888888888888889, ""RL_R"": 0.06363636363636363, ""BS_F1"": 0.8520329594612122, ""BS_P"": 0.8883365988731384, ""BS_R"": 0.818580150604248, ""FAITH"": 0.980903148651123}","Personalized Question Answering (QA) is a paradigm shift from static, generic responses to dynamic, user-centric knowledge delivery. However, existing evaluation methods typically focus on the lexical overlap between the generated text and a reference. We propose a framework that leverages Large Language Models (LLMs) at multiple stages, including principle induction, factor distillation, and evaluation. Our framework incorporates a human-in-the-loop validation mechanism to ensure the quality of the generated outputs. The evaluation protocol is based on a robustness and reliability of the framework. To address this gap, we introduce a novel framework that integrates a human-in-the-loop validation mechanism to validate the validity of the framework.","{""R1_F1"": 0.33484162895927605, ""R1_P"": 0.3333333333333333, ""R1_R"": 0.33636363636363636, ""R2_F1"": 0.0365296803652968, ""R2_P"": 0.03636363636363636, ""R2_R"": 0.03669724770642202, ""R3_F1"": 0.009216589861751152, ""R3_P"": 0.009174311926605505, ""R3_R"": 0.009259259259259259, ""RL_F1"": 0.1447963800904977, ""RL_P"": 0.14414414414414414, ""RL_R"": 0.14545454545454545, ""BS_F1"": 0.8566496968269348, ""BS_P"": 0.8651155233383179, ""BS_R"": 0.8483479022979736, ""FAITH"": 0.5189733356237411}","Personalized Question Answering (QA) is a paradigm shift from static, generic responses to dynamic, user-centric knowledge delivery. However, existing evaluation methods typically focus on the lexical overlap between the generated text and a reference. We propose a framework that leverages Large Language Models (LLMs) at multiple stages, including principle induction, factor distillation, and evaluation. Our framework incorporates a human-in-the-loop validation mechanism to ensure the quality of the generated outputs. The evaluation protocol is based on a robustness and reliability of the framework.","{""R1_F1"": 0.336734693877551, ""R1_P"": 0.38372093023255816, ""R1_R"": 0.3, ""R2_F1"": 0.020618556701030927, ""R2_P"": 0.023529411764705882, ""R2_R"": 0.01834862385321101, ""R3_F1"": 0.010416666666666666, ""R3_P"": 0.011904761904761904, ""R3_R"": 0.009259259259259259, ""RL_F1"": 0.16326530612244897, ""RL_P"": 0.18604651162790697, ""RL_R"": 0.14545454545454545, ""BS_F1"": 0.8587464690208435, ""BS_P"": 0.8698006868362427, ""BS_R"": 0.8479697108268738, ""FAITH"": 0.44861324429512023}",lora_t5_r16_alpha64
4,"Large vision-language models (VLMs) are enabling interactive video reasoning, giving rise to streaming long-video understanding. In this setting, frames arrive continuously, while the system preserves long-term context and generates responses under strict latency constraints. A central challenge is KVCache management:as video streams grow, KVCache expands rapidly, increasing computation and memory overhead. Existing retrieval-based approaches exploit attention sparsity and offload inactive KVCache from GPU to CPU memory, but their token-level design causes high management overhead and fragmented data movement. We present Mosaic, the first cluster-driven VLM inference system for streaming long-video understanding. Our key insight is that VLM KVCache exhibits an implicit cross-modal clustering structure:retrieved KV states form groups jointly shaped by visual coherence and semantic relevance. Based on this observation, Mosaic uses cross-modal clusters as the basic unit of KVCache organization, maintenance, and retrieval. Evaluations show that Mosaic outperforms state-of-the-art baselines, achieving up to speedup.","early studies centered on static image-text pairs, but many of these emerging applications operate over continuous video streams . to overcome memory bottlenecks, a promising approach is to offload KVCache to CPU memory and retrieve it dynamically based on attention sparsity .","{""R1_F1"": 0.22, ""R1_P"": 0.5365853658536586, ""R1_R"": 0.13836477987421383, ""R2_F1"": 0.06060606060606061, ""R2_P"": 0.15, ""R2_R"": 0.0379746835443038, ""R3_F1"": 0.010204081632653062, ""R3_P"": 0.02564102564102564, ""R3_R"": 0.006369426751592357, ""RL_F1"": 0.14, ""RL_P"": 0.34146341463414637, ""RL_R"": 0.0880503144654088, ""BS_F1"": 0.8441630601882935, ""BS_P"": 0.8598871231079102, ""BS_R"": 0.8290036916732788, ""FAITH"": 0.9622853994369507}","Large vision-language models (VLMs) are increasingly able to jointly reasoning over text and visual inputs. However, their performance is limited by the complexity of VLM KVCache retrieval in streaming video environments. To address these challenges, we propose a cluster-driven VLM inference system for streaming long video understanding. By leveraging cross-modal clustering, we achieve higher accuracy and better system performance. We introduce , a cluster-driven VLM inference system that leverages cross-modal clustering of VLM KVCache, enabling efficient KVCache organization, maintenance, and retrieval, leading to improved overall system performance.","{""R1_F1"": 0.43999999999999995, ""R1_P"": 0.6043956043956044, ""R1_R"": 0.34591194968553457, ""R2_F1"": 0.18548387096774194, ""R2_P"": 0.25555555555555554, ""R2_R"": 0.14556962025316456, ""R3_F1"": 0.13821138211382114, ""R3_P"": 0.19101123595505617, ""R3_R"": 0.10828025477707007, ""RL_F1"": 0.296, ""RL_P"": 0.4065934065934066, ""RL_R"": 0.23270440251572327, ""BS_F1"": 0.8808833360671997, ""BS_P"": 0.8993246555328369, ""BS_R"": 0.8631831407546997, ""FAITH"": 0.8893137693405151}","Large vision-language models (VLMs) are increasingly able to jointly reasoning over text and visual inputs. However, their performance is limited by the complexity of VLM KVCache retrieval in streaming video environments. To address these challenges, we propose a cluster-driven VLM inference system for streaming long video understanding. By leveraging cross-modal clustering, we achieve higher accuracy and better system performance.","{""R1_F1"": 0.38009049773755654, ""R1_P"": 0.6774193548387096, ""R1_R"": 0.2641509433962264, ""R2_F1"": 0.1552511415525114, ""R2_P"": 0.2786885245901639, ""R2_R"": 0.10759493670886076, ""R3_F1"": 0.11981566820276497, ""R3_P"": 0.21666666666666667, ""R3_R"": 0.08280254777070063, ""RL_F1"": 0.253393665158371, ""RL_P"": 0.45161290322580644, ""RL_R"": 0.1761006289308176, ""BS_F1"": 0.8764265775680542, ""BS_P"": 0.9022581577301025, ""BS_R"": 0.8520328998565674, ""FAITH"": 0.8745856434106827}",lora_t5_r16_alpha64
5,"Functional magnetic resonance imaging (fMRI) is widely used for studying and diagnosing brain disorders, with functional connectivity (FC) matrices providing powerful representations of large-scale neural interactions. However, existing diagnostic models are trained either on a single site or under full multi-site access, making them unsuitable for real-world scenarios where clinical data arrive sequentially from different institutions. This results in limited generalization and severe catastrophic forgetting. This paper presents the first continual learning framework specifically designed for fMRI-based diagnosis across heterogeneous clinical sites. Our framework introduces a structure-aware variational autoencoder that synthesizes realistic FC matrices for both patient and control groups. Built on this generative backbone, we develop a multi-level knowledge distillation strategy that aligns predictions and graph representations between new-site data and replayed samples. To further enhance efficiency, we incorporate a hierarchical contextual bandit scheme for adaptive replay sampling. Experiments on multi-site datasets for major depressive disorder (MDD), schizophrenia (SZ), and autism spectrum disorder (ASD) show that the proposed generative model enhances data augmentation quality, and the overall continual learning framework substantially outperforms existing methods in mitigating catastrophic forgetting. Our code is available at .",functional magnetic resonance imaging (fMRI) is a non-invasive technique that measures brain activity through blood-oxygen-level-dependent (BOLD) signals . existing fMRI-based diagnostic models exhibit limited reliability for practical clinical deployment .,"{""R1_F1"": 0.16, ""R1_P"": 0.5454545454545454, ""R1_R"": 0.09375, ""R2_F1"": 0.06278026905829596, ""R2_P"": 0.21875, ""R2_R"": 0.03664921465968586, ""R3_F1"": 0.03619909502262443, ""R3_P"": 0.12903225806451613, ""R3_R"": 0.021052631578947368, ""RL_F1"": 0.11555555555555555, ""RL_P"": 0.3939393939393939, ""RL_R"": 0.06770833333333333, ""BS_F1"": 0.8342001438140869, ""BS_P"": 0.8615247011184692, ""BS_R"": 0.8085556030273438, ""FAITH"": 0.9822739362716675}","Functional magnetic resonance imaging (fMRI) is a non-invasive technique that measures brain activity through blood-oxygen-level-dependent (BOLD) signals. However, existing fMRI-based diagnostic models still exhibit limited reliability for practical clinical deployment. We introduce FORGE, the first continual learning framework for fMRI-based brain disorder diagnosis. FCM-VAE is a structure-aware generative model that synthesizes high-quality functional connectivity matrices, providing a viable solution for privacy-preserving replay in clinical environments. Our framework further stabilizes learning through dual-level distillation and adaptive sampling, ensuring knowledge retention as new sites arrive. Experiments on three large-scale neuroimaging datasets demonstrate consistent improvements in accuracy and substantial reductions in forgetting compared with state-of-the-art approaches.","{""R1_F1"": 0.4580645161290322, ""R1_P"": 0.6016949152542372, ""R1_R"": 0.3697916666666667, ""R2_F1"": 0.15584415584415584, ""R2_P"": 0.20512820512820512, ""R2_R"": 0.1256544502617801, ""R3_F1"": 0.05882352941176471, ""R3_P"": 0.07758620689655173, ""R3_R"": 0.04736842105263158, ""RL_F1"": 0.264516129032258, ""RL_P"": 0.3474576271186441, ""RL_R"": 0.21354166666666666, ""BS_F1"": 0.8753264546394348, ""BS_P"": 0.8876000642776489, ""BS_R"": 0.8633876442909241, ""FAITH"": 0.9651568233966827}","Functional magnetic resonance imaging (fMRI) is a non-invasive technique that measures brain activity through blood-oxygen-level-dependent (BOLD) signals. However, existing fMRI-based diagnostic models still exhibit limited reliability for practical clinical deployment. We introduce FORGE, the first continual learning framework for fMRI-based brain disorder diagnosis. FCM-VAE is a structure-aware generative model that synthesizes high-quality functional connectivity matrices, providing a viable solution for privacy-preserving replay in clinical environments. Our framework further stabilizes learning through dual-level distillation and adaptive sampling, ensuring knowledge retention as new sites arrive. Experiments on three large-scale neuroimaging datasets demonstrate consistent improvements in accuracy and substantial reductions in forgetting compared with state-of-the-art approaches.","{""R1_F1"": 0.4580645161290322, ""R1_P"": 0.6016949152542372, ""R1_R"": 0.3697916666666667, ""R2_F1"": 0.15584415584415584, ""R2_P"": 0.20512820512820512, ""R2_R"": 0.1256544502617801, ""R3_F1"": 0.05882352941176471, ""R3_P"": 0.07758620689655173, ""R3_R"": 0.04736842105263158, ""RL_F1"": 0.264516129032258, ""RL_P"": 0.3474576271186441, ""RL_R"": 0.21354166666666666, ""BS_F1"": 0.8753264546394348, ""BS_P"": 0.8876000642776489, ""BS_R"": 0.8633876442909241, ""FAITH"": 0.9651568233966827}",lora_t5_r16_alpha64
6,"We study the Stokes–Poisson–Boltzmann equations with Dirichlet and Navier boundary conditions. The system consists of the incompressible Stokes equations coupled with a nonlinear Poisson–Boltzmann equation through electrostatic forcing and convective transport effects. To handle the Navier boundary conditions in a unified framework, we employ Nitsche’s method for their weak imposition within a conforming finite element setting. We derive a consistent and stable discrete formulation and establish the well-posedness of the resulting problem. By carefully choosing the penalty parameters, the bilinear form is shown to be coercive and continuous. A priori error estimates are proved in the natural energy norms, yielding optimal-order convergence under suitable regularity assumptions. Furthermore, we develop residual-based a posteriori error estimators that incorporate element residuals, inter-element jump residuals, and boundary residuals arising from the Nitsche formulation. The estimators are shown to be reliable and locally efficient. Numerical experiments confirm the theoretical results and demonstrate the robustness and accuracy of the proposed method for the Stokes–Poisson–Boltzmann system.","electrically charged fluid flows play an important role in several chemical applications, such as the design of nanopores for biomedical devices and the modelling of water purification systems . in this process, the motion of an electrolyte is driven by thin electric double layers that attract and repel ions near charged surfaces .","{""R1_F1"": 0.13636363636363635, ""R1_P"": 0.29411764705882354, ""R1_R"": 0.08875739644970414, ""R2_F1"": 0.0, ""R2_P"": 0.0, ""R2_R"": 0.0, ""R3_F1"": 0.0, ""R3_P"": 0.0, ""R3_R"": 0.0, ""RL_F1"": 0.0909090909090909, ""RL_P"": 0.19607843137254902, ""RL_R"": 0.05917159763313609, ""BS_F1"": 0.7929309010505676, ""BS_P"": 0.806043803691864, ""BS_R"": 0.7802377939224243, ""FAITH"": 0.9824761748313904}","Electro-osmosis is one of the simplest mechanisms for transporting electrically charged fluid without mechanical pumping. In many simplified situations, the electric charge density can be directly related to the electrostatic potential through simplified forms of the Poisson–Boltzmann equation. However, the flow and pressure gradients are not strong enough to significantly influence the distribution of the electrostatic potential within the double layer. We propose Banach’s fixed-point theorem combined with the Babuka-Brezzi theory and the Minty-Browder theorem. Furthermore, we derived optimal a priori error estimates for the proposed finite element scheme and proved the optimal convergence of the method in the energy norm. Finally, a residual-based a posteriori error estimator is developed and analyzed, with its reliability and efficiency rigorously established.","{""R1_F1"": 0.4745762711864407, ""R1_P"": 0.5555555555555556, ""R1_R"": 0.41420118343195267, ""R2_F1"": 0.14334470989761092, ""R2_P"": 0.168, ""R2_R"": 0.125, ""R3_F1"": 0.04810996563573883, ""R3_P"": 0.056451612903225805, ""R3_R"": 0.041916167664670656, ""RL_F1"": 0.23050847457627122, ""RL_P"": 0.2698412698412698, ""RL_R"": 0.20118343195266272, ""BS_F1"": 0.8567754030227661, ""BS_P"": 0.8615133166313171, ""BS_R"": 0.8520892858505249, ""FAITH"": 0.9095324675242106}","Electro-osmosis is one of the simplest mechanisms for transporting electrically charged fluid without mechanical pumping. In many simplified situations, the electric charge density can be directly related to the electrostatic potential through simplified forms of the Poisson–Boltzmann equation. We propose Banach’s fixed-point theorem combined with the Babuka-Brezzi theory and the Minty-Browder theorem. Furthermore, we derived optimal a priori error estimates for the proposed finite element scheme and proved the optimal convergence of the method in the energy norm. Finally, a residual-based a posteriori error estimator is developed and analyzed, with its reliability and efficiency rigorously established.","{""R1_F1"": 0.4558823529411764, ""R1_P"": 0.6019417475728155, ""R1_R"": 0.3668639053254438, ""R2_F1"": 0.15555555555555556, ""R2_P"": 0.20588235294117646, ""R2_R"": 0.125, ""R3_F1"": 0.05223880597014925, ""R3_P"": 0.06930693069306931, ""R3_R"": 0.041916167664670656, ""RL_F1"": 0.2279411764705882, ""RL_P"": 0.30097087378640774, ""RL_R"": 0.1834319526627219, ""BS_F1"": 0.8585848808288574, ""BS_P"": 0.8669273257255554, ""BS_R"": 0.8504014611244202, ""FAITH"": 0.9524209856986999}",lora_t5_r16_alpha64
7,"Existing age estimation methods treat each face as an independent sample, learning a global mapping from appearance to age. This ignores a well-documented phenomenon:individuals age at different rates due to genetics, lifestyle, and health, making the mapping from face to age identity-dependent. When reference images of the same person with known ages are available, we can exploit this context to personalize the estimate. The only existing benchmark for this task (NIST FRVT) is closed-source and limited to a single reference image. In this work, we introduce OpenPAE, the first open benchmark for -shot personalized age estimation with strict evaluation protocols. We establish a hierarchy of increasingly sophisticated baselines:from arithmetic offset, through closed-form Bayesian linear regression, to a conditional attentive neural process. Our experiments show that personalization consistently improves performance, that the gains are not merely domain adaptation, and that nonlinear methods significantly outperform simpler alternatives. We release all models, code, protocols, and evaluation splits.","standard approaches learn a global mapping from facial appearance to age, treating each face as an independent sample drawn from a shared population . the difference between a person’s apparent age and their chronological age is heavily modulated by genetics, health, and lifestyle .","{""R1_F1"": 0.2857142857142857, ""R1_P"": 0.6744186046511628, ""R1_R"": 0.18125, ""R2_F1"": 0.11940298507462686, ""R2_P"": 0.2857142857142857, ""R2_R"": 0.07547169811320754, ""R3_F1"": 0.09045226130653265, ""R3_P"": 0.21951219512195122, ""R3_R"": 0.056962025316455694, ""RL_F1"": 0.15763546798029557, ""RL_P"": 0.37209302325581395, ""RL_R"": 0.1, ""BS_F1"": 0.8604599833488464, ""BS_P"": 0.8904221057891846, ""BS_R"": 0.8324486017227173, ""FAITH"": 0.9519244730472565}","We propose Attention Global (Attn-G) as a benchmark to standardize evaluation across diverse, cross-domain datasets. The benchmark explicitly separates true identity-specific personalization from dataset bias and age prior correction. We demonstrate that our benchmark consistently improves upon the global baseline on all datasets. However, when confronted with the heavy temporal tails of AgeDB or KANFace, these large age differences fall out-of-distribution, causing the personalized model to perform worse than the unconditioned global predictor. We provide an experimental setup to explicitly separate true identity-specific personalization from dataset bias and age prior correction. Our extensive baseline evaluation demonstrates that human aging trajectories are highly complex and identity-dependent; effectively modeling them requires deep models and joint-context aggregation rather than simple arithmetic offsets.","{""R1_F1"": 0.37630662020905925, ""R1_P"": 0.4251968503937008, ""R1_R"": 0.3375, ""R2_F1"": 0.02105263157894737, ""R2_P"": 0.023809523809523808, ""R2_R"": 0.018867924528301886, ""R3_F1"": 0.0, ""R3_P"": 0.0, ""R3_R"": 0.0, ""RL_F1"": 0.14634146341463414, ""RL_P"": 0.16535433070866143, ""RL_R"": 0.13125, ""BS_F1"": 0.8424183130264282, ""BS_P"": 0.8434598445892334, ""BS_R"": 0.8413792848587036, ""FAITH"": 0.8770720163981119}","We propose Attention Global (Attn-G) as a benchmark to standardize evaluation across diverse, cross-domain datasets. The benchmark explicitly separates true identity-specific personalization from dataset bias and age prior correction. We demonstrate that our benchmark consistently improves upon the global baseline on all datasets. However, when confronted with the heavy temporal tails of AgeDB or KANFace, these large age differences fall out-of-distribution, causing the personalized model to perform worse than the unconditioned global predictor. Our extensive baseline evaluation demonstrates that human aging trajectories are highly complex and identity-dependent; effectively modeling them requires deep models and joint-context aggregation rather than simple arithmetic offsets.","{""R1_F1"": 0.35074626865671643, ""R1_P"": 0.4351851851851852, ""R1_R"": 0.29375, ""R2_F1"": 0.022556390977443608, ""R2_P"": 0.028037383177570093, ""R2_R"": 0.018867924528301886, ""R3_F1"": 0.0, ""R3_P"": 0.0, ""R3_R"": 0.0, ""RL_F1"": 0.1417910447761194, ""RL_P"": 0.17592592592592593, ""RL_R"": 0.11875, ""BS_F1"": 0.84403395652771, ""BS_P"": 0.8474926948547363, ""BS_R"": 0.8406033515930176, ""FAITH"": 0.8555213570594787}",lora_t5_r16_alpha64
8,"We consider a coded caching problem with multiple demands under a privacy constraint. In this problem, a server with access to files serves users over a shared link, and each user requests distinct files. The privacy constraint requires that each user obtain no information about the demands of the other users. We propose a new achievable scheme for arbitrary numbers of files and users. The scheme is obtained via a transformation from a non-private coded caching scheme under uncoded placement for files and users, where each user requests one file and the demands are restricted to a subset of all possible demands. We then derive a converse bound, and the proposed scheme is shown to be order optimal within a factor of 6 of this bound.","coded caching, formulated by Maddah-Ali and Niesen in , has received significant attention . the system consists of two phases:a placement phase, where each user fills its cache as a function of the files, and a delivery phase . in the delivery phase, each user requests one file, and the server broadcasts a message to ensure that each user can decode its requested file .","{""R1_F1"": 0.35789473684210527, ""R1_P"": 0.5396825396825397, ""R1_R"": 0.2677165354330709, ""R2_F1"": 0.1382978723404255, ""R2_P"": 0.20967741935483872, ""R2_R"": 0.10317460317460317, ""R3_F1"": 0.07526881720430108, ""R3_P"": 0.11475409836065574, ""R3_R"": 0.056, ""RL_F1"": 0.2105263157894737, ""RL_P"": 0.31746031746031744, ""RL_R"": 0.15748031496062992, ""BS_F1"": 0.8369458317756653, ""BS_P"": 0.8383491039276123, ""BS_R"": 0.8355472087860107, ""FAITH"": 0.9475433826446533}","Demand-private coded caching with multiple demands is a fundamental problem, where each user requests one file and the server broadcasts a message to ensure that each user can decode its requested file based on its own cache content and the worst-case rate of the broadcast message. In this paper, we propose a new achievable scheme for demand-private coded caching with multiple demands. The proposed scheme is based on a transformation from an RD-NP-UCC scheme to a scheme for demand-private coded caching with multiple demands. The proposed scheme is based on a transformation from an RD-NP-UCC scheme to a scheme for demand-private coded caching with multiple demands. We also establish a converse bound, showing that the proposed scheme is order optimal within a factor of , thereby covering regimes that were previously open.","{""R1_F1"": 0.5318352059925094, ""R1_P"": 0.5071428571428571, ""R1_R"": 0.5590551181102362, ""R2_F1"": 0.28679245283018867, ""R2_P"": 0.2733812949640288, ""R2_R"": 0.30158730158730157, ""R3_F1"": 0.16730038022813687, ""R3_P"": 0.15942028985507245, ""R3_R"": 0.176, ""RL_F1"": 0.3970037453183521, ""RL_P"": 0.37857142857142856, ""RL_R"": 0.41732283464566927, ""BS_F1"": 0.8857898712158203, ""BS_P"": 0.8802573680877686, ""BS_R"": 0.8913923501968384, ""FAITH"": 0.5536567091941833}","Demand-private coded caching with multiple demands is a fundamental problem, where each user requests one file and the server broadcasts a message to ensure that each user can decode its requested file based on its own cache content and the worst-case rate of the broadcast message.","{""R1_F1"": 0.3542857142857143, ""R1_P"": 0.6458333333333334, ""R1_R"": 0.2440944881889764, ""R2_F1"": 0.17341040462427743, ""R2_P"": 0.3191489361702128, ""R2_R"": 0.11904761904761904, ""R3_F1"": 0.10526315789473685, ""R3_P"": 0.1956521739130435, ""R3_R"": 0.072, ""RL_F1"": 0.25142857142857145, ""RL_P"": 0.4583333333333333, ""RL_R"": 0.1732283464566929, ""BS_F1"": 0.8595552444458008, ""BS_P"": 0.8745859861373901, ""BS_R"": 0.8450323939323425, ""FAITH"": -1.0}",lora_t5_r16_alpha64
9,"Traditional neural network models for intent inference rely heavily on observable states and struggle to generalize across diverse tasks and dynamic environments. Recent advances in Vision–Language Models (VLMs) and Vision–Language–Action (VLA) models introduce common-sense reasoning through large-scale multimodal pretraining, enabling zero-shot performance across tasks. However, these models still lack explicit mechanisms to represent and update belief, limiting their ability to reason like humans or capture the evolving human intent over long-horizon. To address this, we propose a belief-aware VLM framework that integrates retrieval-based memory and reinforcement learning. Instead of learning an explicit belief model, we approximate belief using a vector-based memory that retrieves relevant multimodal context, which is incorporated into the VLM for reasoning. We further refine decision-making using a reinforcement learning policy over the VLM latent space. We evaluate our approach on publicly available VQA datasets such as HD-EPIC and demonstrate consistent improvements over zero-shot baselines, highlighting the importance of belief-aware reasoning.","classic frameworks such as Markov Decision Processes (MDPs) and Partially Observable MDPs (POMDPs) explicitly model latent states and belief updates . these formulations have also inspired cognitive models of human reasoning, where agents maintain and update beliefs about others’ intents .","{""R1_F1"": 0.1941747572815534, ""R1_P"": 0.5128205128205128, ""R1_R"": 0.11976047904191617, ""R2_F1"": 0.03921568627450981, ""R2_P"": 0.10526315789473684, ""R2_R"": 0.024096385542168676, ""R3_F1"": 0.009900990099009901, ""R3_P"": 0.02702702702702703, ""R3_R"": 0.006060606060606061, ""RL_F1"": 0.08737864077669905, ""RL_P"": 0.23076923076923078, ""RL_R"": 0.05389221556886228, ""BS_F1"": 0.8347879648208618, ""BS_P"": 0.8533022403717041, ""BS_R"": 0.8170600533485413, ""FAITH"": 0.960046648979187}","We present a belief-aware vision–language model for egocentric video reasoning that explicitly incorporates latent states and belief updates to capture intent and contextual dependencies. Our approach leverages a retrieval-based memory of past multimodal experiences and refins the policy with reinforcement learning, enabling more consistent and goal-directed decision-making compared to standard VLMs. Experiments on the HD-EPIC dataset demonstrate significant improvements over strong baselines across diverse VQA tasks, particularly in scenarios requiring temporal reasoning and intent inference.","{""R1_F1"": 0.47580645161290325, ""R1_P"": 0.7283950617283951, ""R1_R"": 0.3532934131736527, ""R2_F1"": 0.1219512195121951, ""R2_P"": 0.1875, ""R2_R"": 0.09036144578313253, ""R3_F1"": 0.02459016393442623, ""R3_P"": 0.0379746835443038, ""R3_R"": 0.01818181818181818, ""RL_F1"": 0.21774193548387097, ""RL_P"": 0.3333333333333333, ""RL_R"": 0.16167664670658682, ""BS_F1"": 0.8811242580413818, ""BS_P"": 0.8930052518844604, ""BS_R"": 0.8695552349090576, ""FAITH"": 0.9399314125378927}","We present a belief-aware vision–language model for egocentric video reasoning that explicitly incorporates latent states and belief updates to capture intent and contextual dependencies. Our approach leverages a retrieval-based memory of past multimodal experiences and refins the policy with reinforcement learning, enabling more consistent and goal-directed decision-making compared to standard VLMs. Experiments on the HD-EPIC dataset demonstrate significant improvements over strong baselines across diverse VQA tasks, particularly in scenarios requiring temporal reasoning and intent inference.","{""R1_F1"": 0.47580645161290325, ""R1_P"": 0.7283950617283951, ""R1_R"": 0.3532934131736527, ""R2_F1"": 0.1219512195121951, ""R2_P"": 0.1875, ""R2_R"": 0.09036144578313253, ""R3_F1"": 0.02459016393442623, ""R3_P"": 0.0379746835443038, ""R3_R"": 0.01818181818181818, ""RL_F1"": 0.21774193548387097, ""RL_P"": 0.3333333333333333, ""RL_R"": 0.16167664670658682, ""BS_F1"": 0.8811242580413818, ""BS_P"": 0.8930052518844604, ""BS_R"": 0.8695552349090576, ""FAITH"": 0.9399314125378927}",lora_t5_r16_alpha64
10,"Continual Learning (CL) aims to train neural networks on a dynamic stream of tasks without forgetting previously learned knowledge. Among optimization-based approaches, C-Flat has emerged as a promising solution due to its plug-and-play nature and its ability to encourage uniformly low-loss regions for both new and old tasks. However, C-Flat requires three additional gradient computations per iteration, imposing substantial overhead on the optimization process. In this work, we propose C-Flat Turbo, a faster yet stronger optimizer that significantly reduces the training cost. We show that the gradients associated with first-order flatness contain direction-invariant components relative to the proxy-model gradients, enabling us to skip redundant gradient computations in the perturbed ascent steps. Moreover, we observe that these flatness-promoting gradients progressively stabilize across tasks, which motivates a linear scheduling strategy with an adaptive trigger to allocate larger turbo steps for later tasks. Experiments show that C-Flat Turbo is 1.0× to 1.25× faster than C-Flat across a wide range of CL methods, while achieving comparable or even improved accuracy.",continual learning (CL) is a process of learning incrementally . a major obstacle is catastrophic forgetting . various approaches have been proposed to address this challenge .,"{""R1_F1"": 0.13658536585365852, ""R1_P"": 0.5833333333333334, ""R1_R"": 0.07734806629834254, ""R2_F1"": 0.019704433497536946, ""R2_P"": 0.08695652173913043, ""R2_R"": 0.011111111111111112, ""R3_F1"": 0.009950248756218907, ""R3_P"": 0.045454545454545456, ""R3_R"": 0.00558659217877095, ""RL_F1"": 0.0878048780487805, ""RL_P"": 0.375, ""RL_R"": 0.049723756906077346, ""BS_F1"": 0.8258817195892334, ""BS_P"": 0.8542956113815308, ""BS_R"": 0.7992970943450928, ""FAITH"": 0.9363462726275126}","Continuous learning (CL) is an incremental learning process characterized by catastrophic forgetting, a major obstacle in continuous learning. Existing methods have shown that sharpness-aware minimization is a powerful mechanism for improving generalization and mitigating forgetting. We propose C-Flat Turbo, a framework that optimizes for flat regions of the oracle gradient. The algorithm is adaptively modified to adjust the oracle gradient, allowing it to be easily plugged into a wide range of CL methods. However, it remains costlier than standard optimizers due to the overhead of estimating the flatness component. Extensive experiments show that C-Flat Turbo can be seamlessly plugged into a wide range of CL methods to provide consistent training speedups.","{""R1_F1"": 0.41355932203389834, ""R1_P"": 0.5350877192982456, ""R1_R"": 0.3370165745856354, ""R2_F1"": 0.12969283276450513, ""R2_P"": 0.168141592920354, ""R2_R"": 0.10555555555555556, ""R3_F1"": 0.08934707903780069, ""R3_P"": 0.11607142857142858, ""R3_R"": 0.07262569832402235, ""RL_F1"": 0.23728813559322035, ""RL_P"": 0.30701754385964913, ""RL_R"": 0.19337016574585636, ""BS_F1"": 0.8664073944091797, ""BS_P"": 0.8783050775527954, ""BS_R"": 0.8548277616500854, ""FAITH"": 0.7299471994241079}","Continuous learning (CL) is an incremental learning process characterized by catastrophic forgetting, a major obstacle in continuous learning. Existing methods have shown that sharpness-aware minimization is a powerful mechanism for improving generalization and mitigating forgetting. We propose C-Flat Turbo, a framework that optimizes for flat regions of the oracle gradient. The algorithm is adaptively modified to adjust the oracle gradient, allowing it to be easily plugged into a wide range of CL methods. However, it remains costlier than standard optimizers due to the overhead of estimating the flatness component.","{""R1_F1"": 0.3823529411764706, ""R1_P"": 0.5714285714285714, ""R1_R"": 0.287292817679558, ""R2_F1"": 0.1037037037037037, ""R2_P"": 0.15555555555555556, ""R2_R"": 0.07777777777777778, ""R3_F1"": 0.06716417910447761, ""R3_P"": 0.10112359550561797, ""R3_R"": 0.05027932960893855, ""RL_F1"": 0.20588235294117646, ""RL_P"": 0.3076923076923077, ""RL_R"": 0.15469613259668508, ""BS_F1"": 0.8594405055046082, ""BS_P"": 0.8741341829299927, ""BS_R"": 0.8452326059341431, ""FAITH"": 0.8759366869926453}",lora_t5_r16_alpha64
1,"Conventional RGB-based high dynamic range (HDR) imaging faces a fundamental trade-off between motion artifacts in multi-exposure captures and irreversible information loss in single-shot techniques. Modulo sensors offer a promising alternative by encoding theoretically unbounded dynamic range into wrapped measurements. However, existing modulo solutions remain bottlenecked by iterative unwrapping overhead and hardware constraints limiting them to low-speed, grayscale capture. In this work, we present a complete modulo-based HDR imaging system that enables high-speed, full-color HDR acquisition by synergistically advancing both the sensing formulation and the unwrapping algorithm. At the core of our approach is an exposure-decoupled formulation of modulo imaging that allows multiple measurements to be interleaved in time, preserving a clean, observation-wise measurement model. Building upon this, we introduce an iteration-free unwrapping algorithm that integrates diffusion-based generative priors with the physical least absolute remainder property of modulo images, supporting highly efficient, physics-consistent HDR reconstruction. Finally, to validate the practical viability of our system, we demonstrate a proof-of-concept hardware implementation based on modulo-encoded spike streams. This setup preserves the native high temporal resolution of spike cameras, achieving 1000 FPS full-color imaging while reducing output data bandwidth from approximately 20 Gbps to 6 Gbps. Extensive evaluations indicate that our coordinated approach successfully overcomes key systemic bottlenecks, demonstrating the feasibility of deploying modulo imaging in dynamic scenarios.",high dynamic range (HDR) imaging has become an essential area of study . we introduce a cyclic encoding that embeds into a sinusoidal space . it can operate robustly for FPS HDR imaging with a s unwrapping time per frame .,"{""R1_F1"": 0.15613382899628253, ""R1_P"": 0.5526315789473685, ""R1_R"": 0.09090909090909091, ""R2_F1"": 0.0449438202247191, ""R2_P"": 0.16216216216216217, ""R2_R"": 0.02608695652173913, ""R3_F1"": 0.022641509433962263, ""R3_P"": 0.08333333333333333, ""R3_R"": 0.013100436681222707, ""RL_F1"": 0.09665427509293681, ""RL_P"": 0.34210526315789475, ""RL_R"": 0.05627705627705628, ""BS_F1"": 0.8384864926338196, ""BS_P"": 0.8616694808006287, ""BS_R"": 0.8165181875228882, ""FAITH"": 0.9865121046702067}","High dynamic range (HDR) imaging has become an essential area of study for preserving perceptual visual quality and ensuring the robustness of downstream computer vision tasks. Existing methods typically reconstruct HDR content from conventional LDR observations, but they often suffer from a loss of physical irradiance information. To address this limitation, we propose a modulo-based unwrapping algorithm that focuses on the modulo imaging formulation and does not explicitly address the demosaicing problem. The proposed method is based on a cyclic encoding that embeds into a sinusoidal space, enabling the refiner to explicitly reason about modulo periodicity. Extensive experiments on synthetic benchmarks, downstream application scenarios, and real-captured data collectively demonstrate the practical viability of our system.","{""R1_F1"": 0.3620689655172414, ""R1_P"": 0.5384615384615384, ""R1_R"": 0.2727272727272727, ""R2_F1"": 0.09248554913294797, ""R2_P"": 0.13793103448275862, ""R2_R"": 0.06956521739130435, ""R3_F1"": 0.04651162790697674, ""R3_P"": 0.06956521739130435, ""R3_R"": 0.034934497816593885, ""RL_F1"": 0.17241379310344826, ""RL_P"": 0.2564102564102564, ""RL_R"": 0.12987012987012986, ""BS_F1"": 0.8565282821655273, ""BS_P"": 0.8651580810546875, ""BS_R"": 0.8480689525604248, ""FAITH"": 0.8842876195907593}","High dynamic range (HDR) imaging has become an essential area of study for preserving perceptual visual quality and ensuring the robustness of downstream computer vision tasks. Existing methods typically reconstruct HDR content from conventional LDR observations, but they often suffer from a loss of physical irradiance information. To address this limitation, we propose a modulo-based unwrapping algorithm that focuses on the modulo imaging formulation and does not explicitly address the demosaicing problem. The proposed method is based on a cyclic encoding that embeds into a sinusoidal space, enabling the refiner to explicitly reason about modulo periodicity. Extensive experiments on synthetic benchmarks, downstream application scenarios, and real-captured data collectively demonstrate the practical viability of our system.","{""R1_F1"": 0.3620689655172414, ""R1_P"": 0.5384615384615384, ""R1_R"": 0.2727272727272727, ""R2_F1"": 0.09248554913294797, ""R2_P"": 0.13793103448275862, ""R2_R"": 0.06956521739130435, ""R3_F1"": 0.04651162790697674, ""R3_P"": 0.06956521739130435, ""R3_R"": 0.034934497816593885, ""RL_F1"": 0.17241379310344826, ""RL_P"": 0.2564102564102564, ""RL_R"": 0.12987012987012986, ""BS_F1"": 0.8565282821655273, ""BS_P"": 0.8651580810546875, ""BS_R"": 0.8480689525604248, ""FAITH"": 0.8842876195907593}",lora_t5_r64_alpha128
2,"The rapid progress of Artificial Intelligence Generated Content (AIGC) tools enables images, videos, and visualizations to be created on demand for webpage design, offering a flexible and increasingly adopted paradigm for modern UI/UX. However, directly integrating such tools into automated webpage generation often leads to style inconsistency and poor global coherence, as elements are generated in isolation. We propose MM-WebAgent, a hierarchical agentic framework for multimodal webpage generation that coordinates AIGC-based element generation through hierarchical planning and iterative self-reflection. MM-WebAgent jointly optimizes global layout, local multimodal content, and their integration, producing coherent and visually consistent webpages. We further introduce MM-WebGEN-Bench and a multi-level evaluation protocol for systematic assessment. Experiments demonstrate that MM-WebAgent outperforms code-generation and agent-based baselines, especially on multimodal element generation and integration.","webpage generation is a practical and high-impact application of large language models . real-world webpages contain heterogeneous multimodal elements such as images, videos, and charts . most existing pipelines populate these elements via retrieval or placeholders .","{""R1_F1"": 0.16374269005847952, ""R1_P"": 0.3888888888888889, ""R1_R"": 0.1037037037037037, ""R2_F1"": 0.04733727810650888, ""R2_P"": 0.11428571428571428, ""R2_R"": 0.029850746268656716, ""R3_F1"": 0.011976047904191616, ""R3_P"": 0.029411764705882353, ""R3_R"": 0.007518796992481203, ""RL_F1"": 0.09356725146198831, ""RL_P"": 0.2222222222222222, ""RL_R"": 0.05925925925925926, ""BS_F1"": 0.8453391790390015, ""BS_P"": 0.8628673553466797, ""BS_R"": 0.8285089731216431, ""FAITH"": 0.9229950110117594}","Webpage generation is a practical and high-impact application of large language models (LLMs). However, real-world webpages contain heterogeneous multimodal elements such as images, videos, and charts, whose content, style, and geometry must cohere with the global layout and the semantic intent. Existing pipelines typically populate these elements via retrieval or placeholders, and then generate or insert assets independently. This often leads to (i) across elements, (ii) between generated media and reserved slots, and (iii) after the creation of assets, and (iv) after the creation of assets. To address this limitation, we propose Multimodal Asset Generation, a novel agentic framework that integrates multimodal asset generation into the agent loop. The system evaluates each element to identify potential visual or semantic issues and generates corresponding refinement instructions via specialized agents, such as image editing models, or localized HTML/CSS updates. We evaluate the performance across six evaluation dimensions, where layout, style, and aesthetics measure global page-level quality, while image, video, and chart assess the quality and integration of local multimodal elements. The system achieves the best performance on both global and local metrics, with an average score of 0.75. In particular, it shows substantial improvements on multimodal element metrics, including image, video, and chart.","{""R1_F1"": 0.3519061583577712, ""R1_P"": 0.2912621359223301, ""R1_R"": 0.4444444444444444, ""R2_F1"": 0.07079646017699115, ""R2_P"": 0.05853658536585366, ""R2_R"": 0.08955223880597014, ""R3_F1"": 0.01780415430267062, ""R3_P"": 0.014705882352941176, ""R3_R"": 0.022556390977443608, ""RL_F1"": 0.1759530791788856, ""RL_P"": 0.14563106796116504, ""RL_R"": 0.2222222222222222, ""BS_F1"": 0.8556315898895264, ""BS_P"": 0.8490959405899048, ""BS_R"": 0.8622687458992004, ""FAITH"": 0.8070772290229797}","Webpage generation is a practical and high-impact application of large language models (LLMs). However, real-world webpages contain heterogeneous multimodal elements such as images, videos, and charts, whose content, style, and geometry must cohere with the global layout and the semantic intent. Existing pipelines typically populate these elements via retrieval or placeholders, and then generate or insert assets independently. To address this limitation, we propose Multimodal Asset Generation, a novel agentic framework that integrates multimodal asset generation into the agent loop. The system evaluates each element to identify potential visual or semantic issues and generates corresponding refinement instructions via specialized agents, such as image editing models, or localized HTML/CSS updates. We evaluate the performance across six evaluation dimensions, where layout, style, and aesthetics measure global page-level quality, while image, video, and chart assess the quality and integration of local multimodal elements. The system achieves the best performance on both global and local metrics, with an average score of 0.75.","{""R1_F1"": 0.36912751677852346, ""R1_P"": 0.3374233128834356, ""R1_R"": 0.4074074074074074, ""R2_F1"": 0.060810810810810814, ""R2_P"": 0.05555555555555555, ""R2_R"": 0.06716417910447761, ""R3_F1"": 0.006802721088435373, ""R3_P"": 0.006211180124223602, ""R3_R"": 0.007518796992481203, ""RL_F1"": 0.18791946308724833, ""RL_P"": 0.17177914110429449, ""RL_R"": 0.2074074074074074, ""BS_F1"": 0.8636446595191956, ""BS_P"": 0.8640291690826416, ""BS_R"": 0.8632605075836182, ""FAITH"": 0.8168963960238865}",lora_t5_r64_alpha128
3,"While LLMs have demonstrated remarkable potential in Question Answering (QA), evaluating personalization remains a critical bottleneck. Existing paradigms predominantly rely on lexical-level similarity or manual heuristics, often lacking sufficient data-driven validation. We address this by mining Community-Individual Preference Divergence (CIPD), where individual choices override consensus, to distill six key personalization factors as evaluative dimensions. Accordingly, we introduce CoPA, a benchmark with 1,985 user profiles for fine-grained, factor-level assessment. By quantifying the alignment between model outputs and user-specific cognitive preferences inferred from interaction patterns, CoPA provides a more comprehensive and discriminative standard for evaluating personalized QA than generic metrics. The code is available at .","Personalized Question Answering (QA) marks a paradigm shift from static, generic responses to dynamic, user-centric knowledge delivery .","{""R1_F1"": 0.15625, ""R1_P"": 0.5555555555555556, ""R1_R"": 0.09090909090909091, ""R2_F1"": 0.031746031746031744, ""R2_P"": 0.11764705882352941, ""R2_R"": 0.01834862385321101, ""R3_F1"": 0.016129032258064516, ""R3_P"": 0.0625, ""R3_R"": 0.009259259259259259, ""RL_F1"": 0.10937499999999997, ""RL_P"": 0.3888888888888889, ""RL_R"": 0.06363636363636363, ""BS_F1"": 0.8520329594612122, ""BS_P"": 0.8883365988731384, ""BS_R"": 0.818580150604248, ""FAITH"": 0.980903148651123}","Personalized Question Answering (QA) is a paradigm shift from static, generic responses to dynamic, user-centric knowledge delivery. While Large Language Models (LLMs) have significantly advanced the field, their evaluation protocol remains largely based on traditional NLP metrics, such as BLEU and ROUGE. We present a framework that evaluates personalized QA responses using a large language model (LLM) at multiple stages, including principle induction, factor distillation, and evaluation. The framework incorporates a human-in-the-loop validation mechanism to ensure the quality of the generated outputs. Our framework provides a robust evaluation protocol that captures user preference while minimizing the Tie Rate.","{""R1_F1"": 0.3773584905660377, ""R1_P"": 0.39215686274509803, ""R1_R"": 0.36363636363636365, ""R2_F1"": 0.05714285714285714, ""R2_P"": 0.0594059405940594, ""R2_R"": 0.05504587155963303, ""R3_F1"": 0.01923076923076923, ""R3_P"": 0.02, ""R3_R"": 0.018518518518518517, ""RL_F1"": 0.16037735849056606, ""RL_P"": 0.16666666666666666, ""RL_R"": 0.15454545454545454, ""BS_F1"": 0.854108989238739, ""BS_P"": 0.8600775599479675, ""BS_R"": 0.8482227921485901, ""FAITH"": 0.744055163860321}","Personalized Question Answering (QA) is a paradigm shift from static, generic responses to dynamic, user-centric knowledge delivery. While Large Language Models (LLMs) have significantly advanced the field, their evaluation protocol remains largely based on traditional NLP metrics, such as BLEU and ROUGE. We present a framework that evaluates personalized QA responses using a large language model (LLM) at multiple stages, including principle induction, factor distillation, and evaluation. The framework incorporates a human-in-the-loop validation mechanism to ensure the quality of the generated outputs. Our framework provides a robust evaluation protocol that captures user preference while minimizing the Tie Rate.","{""R1_F1"": 0.3773584905660377, ""R1_P"": 0.39215686274509803, ""R1_R"": 0.36363636363636365, ""R2_F1"": 0.05714285714285714, ""R2_P"": 0.0594059405940594, ""R2_R"": 0.05504587155963303, ""R3_F1"": 0.01923076923076923, ""R3_P"": 0.02, ""R3_R"": 0.018518518518518517, ""RL_F1"": 0.16037735849056606, ""RL_P"": 0.16666666666666666, ""RL_R"": 0.15454545454545454, ""BS_F1"": 0.854108989238739, ""BS_P"": 0.8600775599479675, ""BS_R"": 0.8482227921485901, ""FAITH"": 0.744055163860321}",lora_t5_r64_alpha128
4,"Large vision-language models (VLMs) are enabling interactive video reasoning, giving rise to streaming long-video understanding. In this setting, frames arrive continuously, while the system preserves long-term context and generates responses under strict latency constraints. A central challenge is KVCache management:as video streams grow, KVCache expands rapidly, increasing computation and memory overhead. Existing retrieval-based approaches exploit attention sparsity and offload inactive KVCache from GPU to CPU memory, but their token-level design causes high management overhead and fragmented data movement. We present Mosaic, the first cluster-driven VLM inference system for streaming long-video understanding. Our key insight is that VLM KVCache exhibits an implicit cross-modal clustering structure:retrieved KV states form groups jointly shaped by visual coherence and semantic relevance. Based on this observation, Mosaic uses cross-modal clusters as the basic unit of KVCache organization, maintenance, and retrieval. Evaluations show that Mosaic outperforms state-of-the-art baselines, achieving up to speedup.","early studies centered on static image-text pairs, but many of these emerging applications operate over continuous video streams . to overcome memory bottlenecks, a promising approach is to offload KVCache to CPU memory and retrieve it dynamically based on attention sparsity .","{""R1_F1"": 0.22, ""R1_P"": 0.5365853658536586, ""R1_R"": 0.13836477987421383, ""R2_F1"": 0.06060606060606061, ""R2_P"": 0.15, ""R2_R"": 0.0379746835443038, ""R3_F1"": 0.010204081632653062, ""R3_P"": 0.02564102564102564, ""R3_R"": 0.006369426751592357, ""RL_F1"": 0.14, ""RL_P"": 0.34146341463414637, ""RL_R"": 0.0880503144654088, ""BS_F1"": 0.8441630601882935, ""BS_P"": 0.8598871231079102, ""BS_R"": 0.8290036916732788, ""FAITH"": 0.9622853994369507}","Large vision-language models (VLMs) are increasingly deploying long video inference systems, where visual inputs arrive as temporally ordered frame sequences. However, existing approaches often fail to efficiently organize KVCache in VLMs, resulting in significant system overhead. To address this, we propose a cluster-driven VLM inference system for streaming long video understanding. By leveraging the cross-modal clustering of VLM KVCache, we achieve both higher accuracy and better system performance. We introduce Streaming KVCache, an algorithm-system co-design centered on cross-modal KVCache clustering in VLMs, enabling efficient KVCache organization, maintenance, and retrieval.","{""R1_F1"": 0.4566929133858267, ""R1_P"": 0.6105263157894737, ""R1_R"": 0.36477987421383645, ""R2_F1"": 0.18253968253968256, ""R2_P"": 0.24468085106382978, ""R2_R"": 0.14556962025316456, ""R3_F1"": 0.128, ""R3_P"": 0.17204301075268819, ""R3_R"": 0.10191082802547771, ""RL_F1"": 0.2992125984251968, ""RL_P"": 0.4, ""RL_R"": 0.2389937106918239, ""BS_F1"": 0.8844053149223328, ""BS_P"": 0.9013177156448364, ""BS_R"": 0.8681158423423767, ""FAITH"": 0.8946361899375915}","Large vision-language models (VLMs) are increasingly deploying long video inference systems, where visual inputs arrive as temporally ordered frame sequences. However, existing approaches often fail to efficiently organize KVCache in VLMs, resulting in significant system overhead. To address this, we propose a cluster-driven VLM inference system for streaming long video understanding. By leveraging the cross-modal clustering of VLM KVCache, we achieve both higher accuracy and better system performance.","{""R1_F1"": 0.38260869565217387, ""R1_P"": 0.6197183098591549, ""R1_R"": 0.27672955974842767, ""R2_F1"": 0.15789473684210525, ""R2_P"": 0.2571428571428571, ""R2_R"": 0.11392405063291139, ""R3_F1"": 0.11504424778761063, ""R3_P"": 0.18840579710144928, ""R3_R"": 0.08280254777070063, ""RL_F1"": 0.2782608695652174, ""RL_P"": 0.4507042253521127, ""RL_R"": 0.20125786163522014, ""BS_F1"": 0.8843961358070374, ""BS_P"": 0.9066839814186096, ""BS_R"": 0.8631778359413147, ""FAITH"": 0.9055976718664169}",lora_t5_r64_alpha128
5,"Functional magnetic resonance imaging (fMRI) is widely used for studying and diagnosing brain disorders, with functional connectivity (FC) matrices providing powerful representations of large-scale neural interactions. However, existing diagnostic models are trained either on a single site or under full multi-site access, making them unsuitable for real-world scenarios where clinical data arrive sequentially from different institutions. This results in limited generalization and severe catastrophic forgetting. This paper presents the first continual learning framework specifically designed for fMRI-based diagnosis across heterogeneous clinical sites. Our framework introduces a structure-aware variational autoencoder that synthesizes realistic FC matrices for both patient and control groups. Built on this generative backbone, we develop a multi-level knowledge distillation strategy that aligns predictions and graph representations between new-site data and replayed samples. To further enhance efficiency, we incorporate a hierarchical contextual bandit scheme for adaptive replay sampling. Experiments on multi-site datasets for major depressive disorder (MDD), schizophrenia (SZ), and autism spectrum disorder (ASD) show that the proposed generative model enhances data augmentation quality, and the overall continual learning framework substantially outperforms existing methods in mitigating catastrophic forgetting. Our code is available at .",functional magnetic resonance imaging (fMRI) is a non-invasive technique that measures brain activity through blood-oxygen-level-dependent (BOLD) signals . existing fMRI-based diagnostic models exhibit limited reliability for practical clinical deployment .,"{""R1_F1"": 0.16, ""R1_P"": 0.5454545454545454, ""R1_R"": 0.09375, ""R2_F1"": 0.06278026905829596, ""R2_P"": 0.21875, ""R2_R"": 0.03664921465968586, ""R3_F1"": 0.03619909502262443, ""R3_P"": 0.12903225806451613, ""R3_R"": 0.021052631578947368, ""RL_F1"": 0.11555555555555555, ""RL_P"": 0.3939393939393939, ""RL_R"": 0.06770833333333333, ""BS_F1"": 0.8342001438140869, ""BS_P"": 0.8615247011184692, ""BS_R"": 0.8085556030273438, ""FAITH"": 0.9822739362716675}","Functional connectivity (FC) matrices encode pairwise correlations between brain regions, providing a powerful modality for probing neurobiological mechanisms and disease-related alterations. Existing fMRI-based diagnostic models typically train offline on a single dataset or assume immediate access to all data. To address this limitation, we introduce FORGE, the first continual learning framework for fMRI-based brain disorder diagnosis. FCM-VAE is a structure-aware generative model that synthesizes high-quality functional connectivity matrices, synthesizes these matrices through dual-level distillation and adaptive sampling, ensuring knowledge retention as new sites arrive. Experiments on three large-scale neuroimaging datasets demonstrate consistent improvements in accuracy and significant reductions in forgetting compared with state-of-the-art approaches.","{""R1_F1"": 0.4495114006514658, ""R1_P"": 0.6, ""R1_R"": 0.359375, ""R2_F1"": 0.13114754098360654, ""R2_P"": 0.17543859649122806, ""R2_R"": 0.10471204188481675, ""R3_F1"": 0.052805280528052806, ""R3_P"": 0.07079646017699115, ""R3_R"": 0.042105263157894736, ""RL_F1"": 0.28664495114006516, ""RL_P"": 0.3826086956521739, ""RL_R"": 0.22916666666666666, ""BS_F1"": 0.8797656893730164, ""BS_P"": 0.8945989012718201, ""BS_R"": 0.8654163479804993, ""FAITH"": 0.9196759462356567}","Functional connectivity (FC) matrices encode pairwise correlations between brain regions, providing a powerful modality for probing neurobiological mechanisms and disease-related alterations. Existing fMRI-based diagnostic models typically train offline on a single dataset or assume immediate access to all data. To address this limitation, we introduce FORGE, the first continual learning framework for fMRI-based brain disorder diagnosis. FCM-VAE is a structure-aware generative model that synthesizes high-quality functional connectivity matrices, synthesizes these matrices through dual-level distillation and adaptive sampling, ensuring knowledge retention as new sites arrive. Experiments on three large-scale neuroimaging datasets demonstrate consistent improvements in accuracy and significant reductions in forgetting compared with state-of-the-art approaches.","{""R1_F1"": 0.4495114006514658, ""R1_P"": 0.6, ""R1_R"": 0.359375, ""R2_F1"": 0.13114754098360654, ""R2_P"": 0.17543859649122806, ""R2_R"": 0.10471204188481675, ""R3_F1"": 0.052805280528052806, ""R3_P"": 0.07079646017699115, ""R3_R"": 0.042105263157894736, ""RL_F1"": 0.28664495114006516, ""RL_P"": 0.3826086956521739, ""RL_R"": 0.22916666666666666, ""BS_F1"": 0.8797656893730164, ""BS_P"": 0.8945989012718201, ""BS_R"": 0.8654163479804993, ""FAITH"": 0.9196759462356567}",lora_t5_r64_alpha128
6,"We study the Stokes–Poisson–Boltzmann equations with Dirichlet and Navier boundary conditions. The system consists of the incompressible Stokes equations coupled with a nonlinear Poisson–Boltzmann equation through electrostatic forcing and convective transport effects. To handle the Navier boundary conditions in a unified framework, we employ Nitsche’s method for their weak imposition within a conforming finite element setting. We derive a consistent and stable discrete formulation and establish the well-posedness of the resulting problem. By carefully choosing the penalty parameters, the bilinear form is shown to be coercive and continuous. A priori error estimates are proved in the natural energy norms, yielding optimal-order convergence under suitable regularity assumptions. Furthermore, we develop residual-based a posteriori error estimators that incorporate element residuals, inter-element jump residuals, and boundary residuals arising from the Nitsche formulation. The estimators are shown to be reliable and locally efficient. Numerical experiments confirm the theoretical results and demonstrate the robustness and accuracy of the proposed method for the Stokes–Poisson–Boltzmann system.","electrically charged fluid flows play an important role in several chemical applications, such as the design of nanopores for biomedical devices and the modelling of water purification systems . in this process, the motion of an electrolyte is driven by thin electric double layers that attract and repel ions near charged surfaces .","{""R1_F1"": 0.13636363636363635, ""R1_P"": 0.29411764705882354, ""R1_R"": 0.08875739644970414, ""R2_F1"": 0.0, ""R2_P"": 0.0, ""R2_R"": 0.0, ""R3_F1"": 0.0, ""R3_P"": 0.0, ""R3_R"": 0.0, ""RL_F1"": 0.0909090909090909, ""RL_P"": 0.19607843137254902, ""RL_R"": 0.05917159763313609, ""BS_F1"": 0.7929309010505676, ""BS_P"": 0.806043803691864, ""BS_R"": 0.7802377939224243, ""FAITH"": 0.9824761748313904}","Electro-osmosis is a simple mechanism for transporting electrically charged fluid without mechanical pumping. However, the electric charge density of the electrolyte is not directly related to the electrostatic potential within the double layer. In this paper, we propose a finite element scheme that uses a fixed-point theorem combined with the Babuka-Brezzi theory and the Minty-Browder theorem. The proposed method is based on the Stokes equations, where the energy norm is determined by the electric charge density and the electric charge density. We introduce a discrete error estimator to evaluate its reliability and efficiency.","{""R1_F1"": 0.3458646616541353, ""R1_P"": 0.4742268041237113, ""R1_R"": 0.27218934911242604, ""R2_F1"": 0.06818181818181818, ""R2_P"": 0.09375, ""R2_R"": 0.05357142857142857, ""R3_F1"": 0.007633587786259542, ""R3_P"": 0.010526315789473684, ""R3_R"": 0.005988023952095809, ""RL_F1"": 0.20300751879699247, ""RL_P"": 0.27835051546391754, ""RL_R"": 0.15976331360946747, ""BS_F1"": 0.8376197218894958, ""BS_P"": 0.8470518589019775, ""BS_R"": 0.8283953666687012, ""FAITH"": 0.7508220970630646}","Electro-osmosis is a simple mechanism for transporting electrically charged fluid without mechanical pumping. However, the electric charge density of the electrolyte is not directly related to the electrostatic potential within the double layer. In this paper, we propose a finite element scheme that uses a fixed-point theorem combined with the Babuka-Brezzi theory and the Minty-Browder theorem. We introduce a discrete error estimator to evaluate its reliability and efficiency.","{""R1_F1"": 0.2738589211618257, ""R1_P"": 0.4583333333333333, ""R1_R"": 0.1952662721893491, ""R2_F1"": 0.03347280334728033, ""R2_P"": 0.056338028169014086, ""R2_R"": 0.023809523809523808, ""R3_F1"": 0.0, ""R3_P"": 0.0, ""R3_R"": 0.0, ""RL_F1"": 0.1825726141078838, ""RL_P"": 0.3055555555555556, ""RL_R"": 0.1301775147928994, ""BS_F1"": 0.8323100805282593, ""BS_P"": 0.8469709753990173, ""BS_R"": 0.8181480169296265, ""FAITH"": 0.7793328985571861}",lora_t5_r64_alpha128
7,"Existing age estimation methods treat each face as an independent sample, learning a global mapping from appearance to age. This ignores a well-documented phenomenon:individuals age at different rates due to genetics, lifestyle, and health, making the mapping from face to age identity-dependent. When reference images of the same person with known ages are available, we can exploit this context to personalize the estimate. The only existing benchmark for this task (NIST FRVT) is closed-source and limited to a single reference image. In this work, we introduce OpenPAE, the first open benchmark for -shot personalized age estimation with strict evaluation protocols. We establish a hierarchy of increasingly sophisticated baselines:from arithmetic offset, through closed-form Bayesian linear regression, to a conditional attentive neural process. Our experiments show that personalization consistently improves performance, that the gains are not merely domain adaptation, and that nonlinear methods significantly outperform simpler alternatives. We release all models, code, protocols, and evaluation splits.","standard approaches learn a global mapping from facial appearance to age, treating each face as an independent sample drawn from a shared population . the difference between a person’s apparent age and their chronological age is heavily modulated by genetics, health, and lifestyle .","{""R1_F1"": 0.2857142857142857, ""R1_P"": 0.6744186046511628, ""R1_R"": 0.18125, ""R2_F1"": 0.11940298507462686, ""R2_P"": 0.2857142857142857, ""R2_R"": 0.07547169811320754, ""R3_F1"": 0.09045226130653265, ""R3_P"": 0.21951219512195122, ""R3_R"": 0.056962025316455694, ""RL_F1"": 0.15763546798029557, ""RL_P"": 0.37209302325581395, ""RL_R"": 0.1, ""BS_F1"": 0.8604599833488464, ""BS_P"": 0.8904221057891846, ""BS_R"": 0.8324486017227173, ""FAITH"": 0.9519244730472565}","We introduce Attention Global (Attn-G), a nonlinear age estimation benchmark that combines a global mapping from facial appearance to age, treating each face as an independent sample drawn from a shared population. While effective on average, this formulation ignores a fundamental reality of human biology:people age at different rates. In certain applications, reference images of a target individual with known ages are available. Attention Global (Attn-G) operates on the exact same CLS-token embedding as the Global model and BLR. To address this challenge, we propose a benchmark to standardize evaluation across diverse, cross-domain datasets. The benchmark explicitly separates true identity-specific personalization from dataset bias and age prior correction. Extensive baseline evaluation shows that our approach consistently improves upon the global baseline on all datasets.","{""R1_F1"": 0.4896551724137931, ""R1_P"": 0.5461538461538461, ""R1_R"": 0.44375, ""R2_F1"": 0.1736111111111111, ""R2_P"": 0.1937984496124031, ""R2_R"": 0.15723270440251572, ""R3_F1"": 0.0979020979020979, ""R3_P"": 0.109375, ""R3_R"": 0.08860759493670886, ""RL_F1"": 0.2896551724137931, ""RL_P"": 0.3230769230769231, ""RL_R"": 0.2625, ""BS_F1"": 0.8686445355415344, ""BS_P"": 0.8702316880226135, ""BS_R"": 0.8670632243156433, ""FAITH"": 0.8389852132116046}","We introduce Attention Global (Attn-G), a nonlinear age estimation benchmark that combines a global mapping from facial appearance to age, treating each face as an independent sample drawn from a shared population. While effective on average, this formulation ignores a fundamental reality of human biology:people age at different rates. In certain applications, reference images of a target individual with known ages are available. Attention Global (Attn-G) operates on the exact same CLS-token embedding as the Global model and BLR. To address this challenge, we propose a benchmark to standardize evaluation across diverse, cross-domain datasets. The benchmark explicitly separates true identity-specific personalization from dataset bias and age prior correction. Extensive baseline evaluation shows that our approach consistently improves upon the global baseline on all datasets.","{""R1_F1"": 0.4896551724137931, ""R1_P"": 0.5461538461538461, ""R1_R"": 0.44375, ""R2_F1"": 0.1736111111111111, ""R2_P"": 0.1937984496124031, ""R2_R"": 0.15723270440251572, ""R3_F1"": 0.0979020979020979, ""R3_P"": 0.109375, ""R3_R"": 0.08860759493670886, ""RL_F1"": 0.2896551724137931, ""RL_P"": 0.3230769230769231, ""RL_R"": 0.2625, ""BS_F1"": 0.8686445355415344, ""BS_P"": 0.8702316880226135, ""BS_R"": 0.8670632243156433, ""FAITH"": 0.8389852132116046}",lora_t5_r64_alpha128
8,"We consider a coded caching problem with multiple demands under a privacy constraint. In this problem, a server with access to files serves users over a shared link, and each user requests distinct files. The privacy constraint requires that each user obtain no information about the demands of the other users. We propose a new achievable scheme for arbitrary numbers of files and users. The scheme is obtained via a transformation from a non-private coded caching scheme under uncoded placement for files and users, where each user requests one file and the demands are restricted to a subset of all possible demands. We then derive a converse bound, and the proposed scheme is shown to be order optimal within a factor of 6 of this bound.","coded caching, formulated by Maddah-Ali and Niesen in , has received significant attention . the system consists of two phases:a placement phase, where each user fills its cache as a function of the files, and a delivery phase . in the delivery phase, each user requests one file, and the server broadcasts a message to ensure that each user can decode its requested file .","{""R1_F1"": 0.35789473684210527, ""R1_P"": 0.5396825396825397, ""R1_R"": 0.2677165354330709, ""R2_F1"": 0.1382978723404255, ""R2_P"": 0.20967741935483872, ""R2_R"": 0.10317460317460317, ""R3_F1"": 0.07526881720430108, ""R3_P"": 0.11475409836065574, ""R3_R"": 0.056, ""RL_F1"": 0.2105263157894737, ""RL_P"": 0.31746031746031744, ""RL_R"": 0.15748031496062992, ""BS_F1"": 0.8369458317756653, ""BS_P"": 0.8383491039276123, ""BS_R"": 0.8355472087860107, ""FAITH"": 0.9475433826446533}","Demand-private coded caching with multiple demands is a fundamental problem, where each user requests distinct files, and the server broadcasts a message to ensure that each user can decode its requested file based on its own cache content and the broadcast message. However, existing approaches do not characterize the tradeoff between the cache size and the worst-case rate of the broadcast message. In this paper, we propose a new achievable scheme for demand-private coded caching with multiple demands. The proposed scheme is based on a transformation from an RD-NP-UCC scheme to a scheme for demand-private coded caching with multiple demands. We also establish a converse bound, showing that the proposed scheme is order optimal within a factor of .","{""R1_F1"": 0.549800796812749, ""R1_P"": 0.5564516129032258, ""R1_R"": 0.5433070866141733, ""R2_F1"": 0.30522088353413657, ""R2_P"": 0.3089430894308943, ""R2_R"": 0.30158730158730157, ""R3_F1"": 0.1700404858299595, ""R3_P"": 0.1721311475409836, ""R3_R"": 0.168, ""RL_F1"": 0.40637450199203184, ""RL_P"": 0.4112903225806452, ""RL_R"": 0.4015748031496063, ""BS_F1"": 0.8897221088409424, ""BS_P"": 0.8858687877655029, ""BS_R"": 0.8936092257499695, ""FAITH"": 0.529328465461731}","Demand-private coded caching with multiple demands is a fundamental problem, where each user requests distinct files, and the server broadcasts a message to ensure that each user can decode its requested file based on its own cache content and the broadcast message.","{""R1_F1"": 0.3411764705882353, ""R1_P"": 0.6744186046511628, ""R1_R"": 0.2283464566929134, ""R2_F1"": 0.16666666666666666, ""R2_P"": 0.3333333333333333, ""R2_R"": 0.1111111111111111, ""R3_F1"": 0.0963855421686747, ""R3_P"": 0.1951219512195122, ""R3_R"": 0.064, ""RL_F1"": 0.24705882352941175, ""RL_P"": 0.4883720930232558, ""RL_R"": 0.16535433070866143, ""BS_F1"": 0.8642116785049438, ""BS_P"": 0.8829185962677002, ""BS_R"": 0.8462810516357422, ""FAITH"": -1.0}",lora_t5_r64_alpha128
9,"Traditional neural network models for intent inference rely heavily on observable states and struggle to generalize across diverse tasks and dynamic environments. Recent advances in Vision–Language Models (VLMs) and Vision–Language–Action (VLA) models introduce common-sense reasoning through large-scale multimodal pretraining, enabling zero-shot performance across tasks. However, these models still lack explicit mechanisms to represent and update belief, limiting their ability to reason like humans or capture the evolving human intent over long-horizon. To address this, we propose a belief-aware VLM framework that integrates retrieval-based memory and reinforcement learning. Instead of learning an explicit belief model, we approximate belief using a vector-based memory that retrieves relevant multimodal context, which is incorporated into the VLM for reasoning. We further refine decision-making using a reinforcement learning policy over the VLM latent space. We evaluate our approach on publicly available VQA datasets such as HD-EPIC and demonstrate consistent improvements over zero-shot baselines, highlighting the importance of belief-aware reasoning.","classic frameworks such as Markov Decision Processes (MDPs) and Partially Observable MDPs (POMDPs) explicitly model latent states and belief updates . these formulations have also inspired cognitive models of human reasoning, where agents maintain and update beliefs about others’ intents .","{""R1_F1"": 0.1941747572815534, ""R1_P"": 0.5128205128205128, ""R1_R"": 0.11976047904191617, ""R2_F1"": 0.03921568627450981, ""R2_P"": 0.10526315789473684, ""R2_R"": 0.024096385542168676, ""R3_F1"": 0.009900990099009901, ""R3_P"": 0.02702702702702703, ""R3_R"": 0.006060606060606061, ""RL_F1"": 0.08737864077669905, ""RL_P"": 0.23076923076923078, ""RL_R"": 0.05389221556886228, ""BS_F1"": 0.8347879648208618, ""BS_P"": 0.8533022403717041, ""BS_R"": 0.8170600533485413, ""FAITH"": 0.960046648979187}","Robotic systems operating in human-centric environments must reason under uncertainty, anticipate future actions, and adapt to partially observable, dynamically evolving contexts. Traditional cognitive models rely on hand-crafted representations and simplifying assumptions that limit scalability in high-dimensional, multimodal settings. We present a belief-aware vision–language model for egocentric video reasoning that explicitly incorporates latent belief to capture intent and contextual dependencies. Our approach leverages a retrieval-based memory of past multimodal experiences and refines the policy with reinforcement learning. Experiments on the HD-EPIC dataset demonstrate significant improvements over strong baselines across diverse VQA tasks, particularly in scenarios requiring temporal reasoning and intent inference.","{""R1_F1"": 0.48905109489051096, ""R1_P"": 0.6261682242990654, ""R1_R"": 0.40119760479041916, ""R2_F1"": 0.09558823529411765, ""R2_P"": 0.12264150943396226, ""R2_R"": 0.0783132530120482, ""R3_F1"": 0.022222222222222223, ""R3_P"": 0.02857142857142857, ""R3_R"": 0.01818181818181818, ""RL_F1"": 0.22627737226277372, ""RL_P"": 0.2897196261682243, ""RL_R"": 0.18562874251497005, ""BS_F1"": 0.8796553611755371, ""BS_P"": 0.8859553337097168, ""BS_R"": 0.8734444975852966, ""FAITH"": 0.9676546454429626}","Robotic systems operating in human-centric environments must reason under uncertainty, anticipate future actions, and adapt to partially observable, dynamically evolving contexts. Traditional cognitive models rely on hand-crafted representations and simplifying assumptions that limit scalability in high-dimensional, multimodal settings. We present a belief-aware vision–language model for egocentric video reasoning that explicitly incorporates latent belief to capture intent and contextual dependencies. Our approach leverages a retrieval-based memory of past multimodal experiences and refines the policy with reinforcement learning. Experiments on the HD-EPIC dataset demonstrate significant improvements over strong baselines across diverse VQA tasks, particularly in scenarios requiring temporal reasoning and intent inference.","{""R1_F1"": 0.48905109489051096, ""R1_P"": 0.6261682242990654, ""R1_R"": 0.40119760479041916, ""R2_F1"": 0.09558823529411765, ""R2_P"": 0.12264150943396226, ""R2_R"": 0.0783132530120482, ""R3_F1"": 0.022222222222222223, ""R3_P"": 0.02857142857142857, ""R3_R"": 0.01818181818181818, ""RL_F1"": 0.22627737226277372, ""RL_P"": 0.2897196261682243, ""RL_R"": 0.18562874251497005, ""BS_F1"": 0.8796553611755371, ""BS_P"": 0.8859553337097168, ""BS_R"": 0.8734444975852966, ""FAITH"": 0.9676546454429626}",lora_t5_r64_alpha128
10,"Continual Learning (CL) aims to train neural networks on a dynamic stream of tasks without forgetting previously learned knowledge. Among optimization-based approaches, C-Flat has emerged as a promising solution due to its plug-and-play nature and its ability to encourage uniformly low-loss regions for both new and old tasks. However, C-Flat requires three additional gradient computations per iteration, imposing substantial overhead on the optimization process. In this work, we propose C-Flat Turbo, a faster yet stronger optimizer that significantly reduces the training cost. We show that the gradients associated with first-order flatness contain direction-invariant components relative to the proxy-model gradients, enabling us to skip redundant gradient computations in the perturbed ascent steps. Moreover, we observe that these flatness-promoting gradients progressively stabilize across tasks, which motivates a linear scheduling strategy with an adaptive trigger to allocate larger turbo steps for later tasks. Experiments show that C-Flat Turbo is 1.0× to 1.25× faster than C-Flat across a wide range of CL methods, while achieving comparable or even improved accuracy.",continual learning (CL) is a process of learning incrementally . a major obstacle is catastrophic forgetting . various approaches have been proposed to address this challenge .,"{""R1_F1"": 0.13658536585365852, ""R1_P"": 0.5833333333333334, ""R1_R"": 0.07734806629834254, ""R2_F1"": 0.019704433497536946, ""R2_P"": 0.08695652173913043, ""R2_R"": 0.011111111111111112, ""R3_F1"": 0.009950248756218907, ""R3_P"": 0.045454545454545456, ""R3_R"": 0.00558659217877095, ""RL_F1"": 0.0878048780487805, ""RL_P"": 0.375, ""RL_R"": 0.049723756906077346, ""BS_F1"": 0.8258817195892334, ""BS_P"": 0.8542956113815308, ""BS_R"": 0.7992970943450928, ""FAITH"": 0.9363462726275126}","Continuous learning (CL) is a continuous learning process that requires continuous learning to absorb new knowledge incrementally. While memory-based, regularization-based, expansion-based, and pre-trained model (PTM)-based methods have demonstrated strong resistance to catastrophic forgetting, their generalization capabilities have been underexplored. In this paper, we propose C-Flat Turbo, a novel optimization framework for continual learning (CIL) that adapts the oracle gradient to the flatness component of the gradient. We show that C-Flat Turbo can be seamlessly plugged into a wide range of CL methods to provide consistent training speedups. Our results demonstrate that adaptively modifying the oracle gradient can yield tangible efficiency gains in continuous learning.","{""R1_F1"": 0.40410958904109584, ""R1_P"": 0.5315315315315315, ""R1_R"": 0.3259668508287293, ""R2_F1"": 0.13793103448275862, ""R2_P"": 0.18181818181818182, ""R2_R"": 0.1111111111111111, ""R3_F1"": 0.09027777777777778, ""R3_P"": 0.11926605504587157, ""R3_R"": 0.07262569832402235, ""RL_F1"": 0.2534246575342466, ""RL_P"": 0.3333333333333333, ""RL_R"": 0.20441988950276244, ""BS_F1"": 0.860950231552124, ""BS_P"": 0.8694955110549927, ""BS_R"": 0.8525712490081787, ""FAITH"": 0.8013782858848572}","Continuous learning (CL) is a continuous learning process that requires continuous learning to absorb new knowledge incrementally. While memory-based, regularization-based, expansion-based, and pre-trained model (PTM)-based methods have demonstrated strong resistance to catastrophic forgetting, their generalization capabilities have been underexplored. In this paper, we propose C-Flat Turbo, a novel optimization framework for continual learning (CIL) that adapts the oracle gradient to the flatness component of the gradient. We show that C-Flat Turbo can be seamlessly plugged into a wide range of CL methods to provide consistent training speedups.","{""R1_F1"": 0.4, ""R1_P"": 0.5851063829787234, ""R1_R"": 0.30386740331491713, ""R2_F1"": 0.14652014652014653, ""R2_P"": 0.21505376344086022, ""R2_R"": 0.1111111111111111, ""R3_F1"": 0.0959409594095941, ""R3_P"": 0.14130434782608695, ""R3_R"": 0.07262569832402235, ""RL_F1"": 0.2690909090909091, ""RL_P"": 0.39361702127659576, ""RL_R"": 0.20441988950276244, ""BS_F1"": 0.8624659776687622, ""BS_P"": 0.8727445006370544, ""BS_R"": 0.8524267673492432, ""FAITH"": 0.7564822733402252}",lora_t5_r64_alpha128
1,"Conventional RGB-based high dynamic range (HDR) imaging faces a fundamental trade-off between motion artifacts in multi-exposure captures and irreversible information loss in single-shot techniques. Modulo sensors offer a promising alternative by encoding theoretically unbounded dynamic range into wrapped measurements. However, existing modulo solutions remain bottlenecked by iterative unwrapping overhead and hardware constraints limiting them to low-speed, grayscale capture. In this work, we present a complete modulo-based HDR imaging system that enables high-speed, full-color HDR acquisition by synergistically advancing both the sensing formulation and the unwrapping algorithm. At the core of our approach is an exposure-decoupled formulation of modulo imaging that allows multiple measurements to be interleaved in time, preserving a clean, observation-wise measurement model. Building upon this, we introduce an iteration-free unwrapping algorithm that integrates diffusion-based generative priors with the physical least absolute remainder property of modulo images, supporting highly efficient, physics-consistent HDR reconstruction. Finally, to validate the practical viability of our system, we demonstrate a proof-of-concept hardware implementation based on modulo-encoded spike streams. This setup preserves the native high temporal resolution of spike cameras, achieving 1000 FPS full-color imaging while reducing output data bandwidth from approximately 20 Gbps to 6 Gbps. Extensive evaluations indicate that our coordinated approach successfully overcomes key systemic bottlenecks, demonstrating the feasibility of deploying modulo imaging in dynamic scenarios.",high dynamic range (HDR) imaging has become an essential area of study . we introduce a cyclic encoding that embeds into a sinusoidal space . it can operate robustly for FPS HDR imaging with a s unwrapping time per frame .,"{""R1_F1"": 0.15613382899628253, ""R1_P"": 0.5526315789473685, ""R1_R"": 0.09090909090909091, ""R2_F1"": 0.0449438202247191, ""R2_P"": 0.16216216216216217, ""R2_R"": 0.02608695652173913, ""R3_F1"": 0.022641509433962263, ""R3_P"": 0.08333333333333333, ""R3_R"": 0.013100436681222707, ""RL_F1"": 0.09665427509293681, ""RL_P"": 0.34210526315789475, ""RL_R"": 0.05627705627705628, ""BS_F1"": 0.8384864926338196, ""BS_P"": 0.8616694808006287, ""BS_R"": 0.8165181875228882, ""FAITH"": 0.9865121046702067}","High dynamic range (HDR) imaging has become an essential area of study for preserving perceptual visual quality and ensuring the robustness of downstream computer vision tasks. To achieve high dynamic range (HDR) imaging, we introduce a cyclic encoding that embeds into a sinusoidal space, enabling the refiner to explicitly reason about modulo periodicity. This design is highly consistent with the intrinsic periodic structure of modulo-based HDR imaging, where irradiance values differing by integer multiples of the modulo period are physically indistinguishable. Extensive experiments on synthetic benchmarks, downstream applications, and real-captured data collectively demonstrate the practical viability of our system. Extensive experiments on synthetic benchmarks, downstream applications, and real-captured data demonstrate the feasibility of our system.","{""R1_F1"": 0.3782234957020057, ""R1_P"": 0.559322033898305, ""R1_R"": 0.2857142857142857, ""R2_F1"": 0.11527377521613832, ""R2_P"": 0.17094017094017094, ""R2_R"": 0.08695652173913043, ""R3_F1"": 0.06376811594202898, ""R3_P"": 0.09482758620689655, ""R3_R"": 0.048034934497816595, ""RL_F1"": 0.18911174785100285, ""RL_P"": 0.2796610169491525, ""RL_R"": 0.14285714285714285, ""BS_F1"": 0.8467139601707458, ""BS_P"": 0.8573471903800964, ""BS_R"": 0.8363413214683533, ""FAITH"": 0.9555575966835022}","High dynamic range (HDR) imaging has become an essential area of study for preserving perceptual visual quality and ensuring the robustness of downstream computer vision tasks. This design is highly consistent with the intrinsic periodic structure of modulo-based HDR imaging, where irradiance values differing by integer multiples of the modulo period are physically indistinguishable. Extensive experiments on synthetic benchmarks, downstream applications, and real-captured data collectively demonstrate the practical viability of our system.","{""R1_F1"": 0.2622950819672131, ""R1_P"": 0.5405405405405406, ""R1_R"": 0.17316017316017315, ""R2_F1"": 0.099009900990099, ""R2_P"": 0.2054794520547945, ""R2_R"": 0.06521739130434782, ""R3_F1"": 0.05980066445182724, ""R3_P"": 0.125, ""R3_R"": 0.039301310043668124, ""RL_F1"": 0.14426229508196722, ""RL_P"": 0.2972972972972973, ""RL_R"": 0.09523809523809523, ""BS_F1"": 0.8477922677993774, ""BS_P"": 0.864323616027832, ""BS_R"": 0.8318814039230347, ""FAITH"": 0.9484790762265524}",lora_t5_r16_alpha4
2,"The rapid progress of Artificial Intelligence Generated Content (AIGC) tools enables images, videos, and visualizations to be created on demand for webpage design, offering a flexible and increasingly adopted paradigm for modern UI/UX. However, directly integrating such tools into automated webpage generation often leads to style inconsistency and poor global coherence, as elements are generated in isolation. We propose MM-WebAgent, a hierarchical agentic framework for multimodal webpage generation that coordinates AIGC-based element generation through hierarchical planning and iterative self-reflection. MM-WebAgent jointly optimizes global layout, local multimodal content, and their integration, producing coherent and visually consistent webpages. We further introduce MM-WebGEN-Bench and a multi-level evaluation protocol for systematic assessment. Experiments demonstrate that MM-WebAgent outperforms code-generation and agent-based baselines, especially on multimodal element generation and integration.","webpage generation is a practical and high-impact application of large language models . real-world webpages contain heterogeneous multimodal elements such as images, videos, and charts . most existing pipelines populate these elements via retrieval or placeholders .","{""R1_F1"": 0.16374269005847952, ""R1_P"": 0.3888888888888889, ""R1_R"": 0.1037037037037037, ""R2_F1"": 0.04733727810650888, ""R2_P"": 0.11428571428571428, ""R2_R"": 0.029850746268656716, ""R3_F1"": 0.011976047904191616, ""R3_P"": 0.029411764705882353, ""R3_R"": 0.007518796992481203, ""RL_F1"": 0.09356725146198831, ""RL_P"": 0.2222222222222222, ""RL_R"": 0.05925925925925926, ""BS_F1"": 0.8453391790390015, ""BS_P"": 0.8628673553466797, ""BS_R"": 0.8285089731216431, ""FAITH"": 0.9229950110117594}","Webpage generation is a practical and high-impact application of large language models (LLMs). However, real-world webpages contain heterogeneous multimodal elements such as images, videos, and charts, whose content, style, and geometry must cohere with the global layout and the semantic intent. Existing pipelines populate these elements via retrieval or placeholders, and then generate or insert assets independently. This often leads to (i) across elements, (ii) between generated media and reserved slots, and (iii) after assets are composed into the page, and (iii) after assets are composed into the page, and (iii) after assets are composed into the page, and (iii) after assets are composed into the page, and (iii) after assets are composed into the page, and (iii) after assets are created. We evaluate under different webpage generation paradigms, where layout, style, and aesthetics measure global page-level quality, while image, video, and chart assess the integration of local multimodal elements. The system achieves the best performance on both global and local metrics, with an average score of 0.75.","{""R1_F1"": 0.3192182410423453, ""R1_P"": 0.28488372093023256, ""R1_R"": 0.362962962962963, ""R2_F1"": 0.059016393442622946, ""R2_P"": 0.05263157894736842, ""R2_R"": 0.06716417910447761, ""R3_F1"": 0.0132013201320132, ""R3_P"": 0.011764705882352941, ""R3_R"": 0.015037593984962405, ""RL_F1"": 0.14332247557003258, ""RL_P"": 0.12790697674418605, ""RL_R"": 0.16296296296296298, ""BS_F1"": 0.8389242887496948, ""BS_P"": 0.8289223909378052, ""BS_R"": 0.849170446395874, ""FAITH"": 0.8767955849568049}","Webpage generation is a practical and high-impact application of large language models (LLMs). However, real-world webpages contain heterogeneous multimodal elements such as images, videos, and charts, whose content, style, and geometry must cohere with the global layout and the semantic intent. Existing pipelines populate these elements via retrieval or placeholders, and then generate or insert assets independently. We evaluate under different webpage generation paradigms, where layout, style, and aesthetics measure global page-level quality, while image, video, and chart assess the integration of local multimodal elements. The system achieves the best performance on both global and local metrics, with an average score of 0.75.","{""R1_F1"": 0.33884297520661155, ""R1_P"": 0.38317757009345793, ""R1_R"": 0.3037037037037037, ""R2_F1"": 0.058333333333333334, ""R2_P"": 0.0660377358490566, ""R2_R"": 0.05223880597014925, ""R3_F1"": 0.008403361344537815, ""R3_P"": 0.009523809523809525, ""R3_R"": 0.007518796992481203, ""RL_F1"": 0.16528925619834708, ""RL_P"": 0.18691588785046728, ""RL_R"": 0.14814814814814814, ""BS_F1"": 0.8582947254180908, ""BS_P"": 0.8645627498626709, ""BS_R"": 0.8521169424057007, ""FAITH"": 0.9521728038787842}",lora_t5_r16_alpha4
3,"While LLMs have demonstrated remarkable potential in Question Answering (QA), evaluating personalization remains a critical bottleneck. Existing paradigms predominantly rely on lexical-level similarity or manual heuristics, often lacking sufficient data-driven validation. We address this by mining Community-Individual Preference Divergence (CIPD), where individual choices override consensus, to distill six key personalization factors as evaluative dimensions. Accordingly, we introduce CoPA, a benchmark with 1,985 user profiles for fine-grained, factor-level assessment. By quantifying the alignment between model outputs and user-specific cognitive preferences inferred from interaction patterns, CoPA provides a more comprehensive and discriminative standard for evaluating personalized QA than generic metrics. The code is available at .","Personalized Question Answering (QA) marks a paradigm shift from static, generic responses to dynamic, user-centric knowledge delivery .","{""R1_F1"": 0.15625, ""R1_P"": 0.5555555555555556, ""R1_R"": 0.09090909090909091, ""R2_F1"": 0.031746031746031744, ""R2_P"": 0.11764705882352941, ""R2_R"": 0.01834862385321101, ""R3_F1"": 0.016129032258064516, ""R3_P"": 0.0625, ""R3_R"": 0.009259259259259259, ""RL_F1"": 0.10937499999999997, ""RL_P"": 0.3888888888888889, ""RL_R"": 0.06363636363636363, ""BS_F1"": 0.8520329594612122, ""BS_P"": 0.8883365988731384, ""BS_R"": 0.818580150604248, ""FAITH"": 0.980903148651123}","Large Language Models (LLMs) have significantly advanced personalized QA methods, leveraging their instruction-following and context-adaptation capabilities to dynamically generate such tailored responses. However, existing research on the evaluation of personalized generative responses often falls into three categories: First, traditional NLP metrics focus on the lexical overlap between the generated text and a reference. Second, our framework heavily relies on Large Language Models (LLMs) at multiple stages, including principle induction, factor distillation, and evaluation. We propose a human-in-the-loop validation mechanism to ensure the quality of the generated outputs. Third, the stability and reliability of the current ""LLM-as-a-Judge"" mechanism are susceptible to the intrinsic biases of LLMs.","{""R1_F1"": 0.28699551569506726, ""R1_P"": 0.2831858407079646, ""R1_R"": 0.2909090909090909, ""R2_F1"": 0.027149321266968323, ""R2_P"": 0.026785714285714284, ""R2_R"": 0.027522935779816515, ""R3_F1"": 0.0, ""R3_P"": 0.0, ""R3_R"": 0.0, ""RL_F1"": 0.1524663677130045, ""RL_P"": 0.1504424778761062, ""RL_R"": 0.15454545454545454, ""BS_F1"": 0.8456425666809082, ""BS_P"": 0.85076904296875, ""BS_R"": 0.8405774831771851, ""FAITH"": 0.9414620280265809}","Large Language Models (LLMs) have significantly advanced personalized QA methods, leveraging their instruction-following and context-adaptation capabilities to dynamically generate such tailored responses. However, existing research on the evaluation of personalized generative responses often falls into three categories: First, traditional NLP metrics focus on the lexical overlap between the generated text and a reference. We propose a human-in-the-loop validation mechanism to ensure the quality of the generated outputs. Third, the stability and reliability of the current ""LLM-as-a-Judge"" mechanism are susceptible to the intrinsic biases of LLMs.","{""R1_F1"": 0.2660098522167488, ""R1_P"": 0.2903225806451613, ""R1_R"": 0.24545454545454545, ""R2_F1"": 0.01990049751243781, ""R2_P"": 0.021739130434782608, ""R2_R"": 0.01834862385321101, ""R3_F1"": 0.0, ""R3_P"": 0.0, ""R3_R"": 0.0, ""RL_F1"": 0.1379310344827586, ""RL_P"": 0.15053763440860216, ""RL_R"": 0.12727272727272726, ""BS_F1"": 0.8470750451087952, ""BS_P"": 0.8555764555931091, ""BS_R"": 0.8387410640716553, ""FAITH"": 0.9323873817920685}",lora_t5_r16_alpha4
4,"Large vision-language models (VLMs) are enabling interactive video reasoning, giving rise to streaming long-video understanding. In this setting, frames arrive continuously, while the system preserves long-term context and generates responses under strict latency constraints. A central challenge is KVCache management:as video streams grow, KVCache expands rapidly, increasing computation and memory overhead. Existing retrieval-based approaches exploit attention sparsity and offload inactive KVCache from GPU to CPU memory, but their token-level design causes high management overhead and fragmented data movement. We present Mosaic, the first cluster-driven VLM inference system for streaming long-video understanding. Our key insight is that VLM KVCache exhibits an implicit cross-modal clustering structure:retrieved KV states form groups jointly shaped by visual coherence and semantic relevance. Based on this observation, Mosaic uses cross-modal clusters as the basic unit of KVCache organization, maintenance, and retrieval. Evaluations show that Mosaic outperforms state-of-the-art baselines, achieving up to speedup.","early studies centered on static image-text pairs, but many of these emerging applications operate over continuous video streams . to overcome memory bottlenecks, a promising approach is to offload KVCache to CPU memory and retrieve it dynamically based on attention sparsity .","{""R1_F1"": 0.22, ""R1_P"": 0.5365853658536586, ""R1_R"": 0.13836477987421383, ""R2_F1"": 0.06060606060606061, ""R2_P"": 0.15, ""R2_R"": 0.0379746835443038, ""R3_F1"": 0.010204081632653062, ""R3_P"": 0.02564102564102564, ""R3_R"": 0.006369426751592357, ""RL_F1"": 0.14, ""RL_P"": 0.34146341463414637, ""RL_R"": 0.0880503144654088, ""BS_F1"": 0.8441630601882935, ""BS_P"": 0.8598871231079102, ""BS_R"": 0.8290036916732788, ""FAITH"": 0.9622853994369507}","Large vision-language models (VLMs) have evolved over text and visual inputs. However, many of these emerging applications operate over continuous video streams. We present a cluster-driven VLM inference system for streaming long video understanding. By leveraging the cross-modal clustering of VLM KVCache, we achieve both higher accuracy and better system performance. We demonstrate that this system can efficiently organize KVCache at the token level, enabling efficient KVCache organization, maintenance, and retrieval. The proposed system is based on cross-modal clustering, enabling efficient KVCache organization, maintenance, and retrieval.","{""R1_F1"": 0.45783132530120485, ""R1_P"": 0.6333333333333333, ""R1_R"": 0.3584905660377358, ""R2_F1"": 0.21052631578947367, ""R2_P"": 0.29213483146067415, ""R2_R"": 0.16455696202531644, ""R3_F1"": 0.1306122448979592, ""R3_P"": 0.18181818181818182, ""R3_R"": 0.10191082802547771, ""RL_F1"": 0.27309236947791166, ""RL_P"": 0.37777777777777777, ""RL_R"": 0.2138364779874214, ""BS_F1"": 0.8813568353652954, ""BS_P"": 0.8999904990196228, ""BS_R"": 0.8634791374206543, ""FAITH"": 0.8660981853802999}","Large vision-language models (VLMs) have evolved over text and visual inputs. However, many of these emerging applications operate over continuous video streams. We present a cluster-driven VLM inference system for streaming long video understanding. By leveraging the cross-modal clustering of VLM KVCache, we achieve both higher accuracy and better system performance. We demonstrate that this system can efficiently organize KVCache at the token level, enabling efficient KVCache organization, maintenance, and retrieval.","{""R1_F1"": 0.4034334763948498, ""R1_P"": 0.6351351351351351, ""R1_R"": 0.29559748427672955, ""R2_F1"": 0.1991341991341991, ""R2_P"": 0.3150684931506849, ""R2_R"": 0.14556962025316456, ""R3_F1"": 0.13100436681222707, ""R3_P"": 0.20833333333333334, ""R3_R"": 0.09554140127388536, ""RL_F1"": 0.26609442060085836, ""RL_P"": 0.4189189189189189, ""RL_R"": 0.1949685534591195, ""BS_F1"": 0.885881245136261, ""BS_P"": 0.9076539278030396, ""BS_R"": 0.8651286363601685, ""FAITH"": 0.8464824199676514}",lora_t5_r16_alpha4
5,"Functional magnetic resonance imaging (fMRI) is widely used for studying and diagnosing brain disorders, with functional connectivity (FC) matrices providing powerful representations of large-scale neural interactions. However, existing diagnostic models are trained either on a single site or under full multi-site access, making them unsuitable for real-world scenarios where clinical data arrive sequentially from different institutions. This results in limited generalization and severe catastrophic forgetting. This paper presents the first continual learning framework specifically designed for fMRI-based diagnosis across heterogeneous clinical sites. Our framework introduces a structure-aware variational autoencoder that synthesizes realistic FC matrices for both patient and control groups. Built on this generative backbone, we develop a multi-level knowledge distillation strategy that aligns predictions and graph representations between new-site data and replayed samples. To further enhance efficiency, we incorporate a hierarchical contextual bandit scheme for adaptive replay sampling. Experiments on multi-site datasets for major depressive disorder (MDD), schizophrenia (SZ), and autism spectrum disorder (ASD) show that the proposed generative model enhances data augmentation quality, and the overall continual learning framework substantially outperforms existing methods in mitigating catastrophic forgetting. Our code is available at .",functional magnetic resonance imaging (fMRI) is a non-invasive technique that measures brain activity through blood-oxygen-level-dependent (BOLD) signals . existing fMRI-based diagnostic models exhibit limited reliability for practical clinical deployment .,"{""R1_F1"": 0.16, ""R1_P"": 0.5454545454545454, ""R1_R"": 0.09375, ""R2_F1"": 0.06278026905829596, ""R2_P"": 0.21875, ""R2_R"": 0.03664921465968586, ""R3_F1"": 0.03619909502262443, ""R3_P"": 0.12903225806451613, ""R3_R"": 0.021052631578947368, ""RL_F1"": 0.11555555555555555, ""RL_P"": 0.3939393939393939, ""RL_R"": 0.06770833333333333, ""BS_F1"": 0.8342001438140869, ""BS_P"": 0.8615247011184692, ""BS_R"": 0.8085556030273438, ""FAITH"": 0.9822739362716675}","Functional magnetic resonance imaging (fMRI) is a non-invasive technique that measures brain activity through blood-oxygen-level-dependent (BOLD) signals. Functional connectivity (FC) matrices encode pairwise correlations between brain regions, characterizing large-scale network organization and inter-regional interaction patterns. However, existing fMRI-based diagnostic models still exhibit limited reliability for practical clinical deployment. We introduce FORGE, the first continual learning framework for fMRI-based brain disorder diagnosis. At its core, FCM-VAE synthesizes high-quality functional connectivity matrices, providing a viable solution for privacy-preserving replay in clinical environments. Experiments on three large-scale neuroimaging datasets demonstrate consistent improvements in accuracy and substantial reductions in forgetting compared with state-of-the-art approaches. Experiments on three large-scale neuroimaging datasets demonstrate consistent improvements in accuracy and substantial reductions in forgetting compared with state-of-the-art approaches.","{""R1_F1"": 0.3746223564954683, ""R1_P"": 0.4460431654676259, ""R1_R"": 0.3229166666666667, ""R2_F1"": 0.12158054711246201, ""R2_P"": 0.14492753623188406, ""R2_R"": 0.10471204188481675, ""R3_F1"": 0.06116207951070336, ""R3_P"": 0.072992700729927, ""R3_R"": 0.05263157894736842, ""RL_F1"": 0.25981873111782483, ""RL_P"": 0.30935251798561153, ""RL_R"": 0.22395833333333334, ""BS_F1"": 0.8613348603248596, ""BS_P"": 0.8723117113113403, ""BS_R"": 0.8506308197975159, ""FAITH"": 0.9634068182536534}","Functional magnetic resonance imaging (fMRI) is a non-invasive technique that measures brain activity through blood-oxygen-level-dependent (BOLD) signals. Functional connectivity (FC) matrices encode pairwise correlations between brain regions, characterizing large-scale network organization and inter-regional interaction patterns. However, existing fMRI-based diagnostic models still exhibit limited reliability for practical clinical deployment. We introduce FORGE, the first continual learning framework for fMRI-based brain disorder diagnosis. At its core, FCM-VAE synthesizes high-quality functional connectivity matrices, providing a viable solution for privacy-preserving replay in clinical environments. Experiments on three large-scale neuroimaging datasets demonstrate consistent improvements in accuracy and substantial reductions in forgetting compared with state-of-the-art approaches.","{""R1_F1"": 0.3778501628664495, ""R1_P"": 0.5043478260869565, ""R1_R"": 0.3020833333333333, ""R2_F1"": 0.13114754098360654, ""R2_P"": 0.17543859649122806, ""R2_R"": 0.10471204188481675, ""R3_F1"": 0.066006600660066, ""R3_P"": 0.08849557522123894, ""R3_R"": 0.05263157894736842, ""RL_F1"": 0.2671009771986971, ""RL_P"": 0.3565217391304348, ""RL_R"": 0.21354166666666666, ""BS_F1"": 0.8655109405517578, ""BS_P"": 0.879406213760376, ""BS_R"": 0.8520480990409851, ""FAITH"": 0.9650714794794718}",lora_t5_r16_alpha4
6,"We study the Stokes–Poisson–Boltzmann equations with Dirichlet and Navier boundary conditions. The system consists of the incompressible Stokes equations coupled with a nonlinear Poisson–Boltzmann equation through electrostatic forcing and convective transport effects. To handle the Navier boundary conditions in a unified framework, we employ Nitsche’s method for their weak imposition within a conforming finite element setting. We derive a consistent and stable discrete formulation and establish the well-posedness of the resulting problem. By carefully choosing the penalty parameters, the bilinear form is shown to be coercive and continuous. A priori error estimates are proved in the natural energy norms, yielding optimal-order convergence under suitable regularity assumptions. Furthermore, we develop residual-based a posteriori error estimators that incorporate element residuals, inter-element jump residuals, and boundary residuals arising from the Nitsche formulation. The estimators are shown to be reliable and locally efficient. Numerical experiments confirm the theoretical results and demonstrate the robustness and accuracy of the proposed method for the Stokes–Poisson–Boltzmann system.","electrically charged fluid flows play an important role in several chemical applications, such as the design of nanopores for biomedical devices and the modelling of water purification systems . in this process, the motion of an electrolyte is driven by thin electric double layers that attract and repel ions near charged surfaces .","{""R1_F1"": 0.13636363636363635, ""R1_P"": 0.29411764705882354, ""R1_R"": 0.08875739644970414, ""R2_F1"": 0.0, ""R2_P"": 0.0, ""R2_R"": 0.0, ""R3_F1"": 0.0, ""R3_P"": 0.0, ""R3_R"": 0.0, ""RL_F1"": 0.0909090909090909, ""RL_P"": 0.19607843137254902, ""RL_R"": 0.05917159763313609, ""BS_F1"": 0.7929309010505676, ""BS_P"": 0.806043803691864, ""BS_R"": 0.7802377939224243, ""FAITH"": 0.9824761748313904}","Electro-osmosis is one of the simplest mechanisms for transporting fluid without mechanical pumping. In many simplified situations, the electric charge density can be directly related to the electrostatic potential through simplified forms of the Poisson–Boltzmann equation. However, when an inequality involves positive constants that are independent of the mesh size but may depend on model parameters, we introduce a symmetric variant of Nitsche’s method to weakly impose the slip boundary conditions. Under suitable small data assumptions, we establish the existence and uniqueness of the discrete solution using Banach’s fixed-point theorem combined with the Babuka-Brezzi theory and the Minty-Browder theorem. Furthermore, a residual-based a posteriori error estimator is developed and analyzed, with its reliability and efficiency rigorously established. Finally, a residual-based a posteriori error estimator is developed and analyzed, with its reliability and efficiency rigorously established.","{""R1_F1"": 0.42172523961661346, ""R1_P"": 0.4583333333333333, ""R1_R"": 0.3905325443786982, ""R2_F1"": 0.10932475884244373, ""R2_P"": 0.11888111888111888, ""R2_R"": 0.10119047619047619, ""R3_F1"": 0.038834951456310676, ""R3_P"": 0.04225352112676056, ""R3_R"": 0.03592814371257485, ""RL_F1"": 0.21086261980830673, ""RL_P"": 0.22916666666666666, ""RL_R"": 0.1952662721893491, ""BS_F1"": 0.8561241626739502, ""BS_P"": 0.8582625985145569, ""BS_R"": 0.8539964556694031, ""FAITH"": 0.948779304822286}","Electro-osmosis is one of the simplest mechanisms for transporting fluid without mechanical pumping. In many simplified situations, the electric charge density can be directly related to the electrostatic potential through simplified forms of the Poisson–Boltzmann equation. However, when an inequality involves positive constants that are independent of the mesh size but may depend on model parameters, we introduce a symmetric variant of Nitsche’s method to weakly impose the slip boundary conditions. Under suitable small data assumptions, we establish the existence and uniqueness of the discrete solution using Banach’s fixed-point theorem combined with the Babuka-Brezzi theory and the Minty-Browder theorem. Furthermore, a residual-based a posteriori error estimator is developed and analyzed, with its reliability and efficiency rigorously established.","{""R1_F1"": 0.4013605442176871, ""R1_P"": 0.472, ""R1_R"": 0.34911242603550297, ""R2_F1"": 0.1095890410958904, ""R2_P"": 0.12903225806451613, ""R2_R"": 0.09523809523809523, ""R3_F1"": 0.041379310344827586, ""R3_P"": 0.04878048780487805, ""R3_R"": 0.03592814371257485, ""RL_F1"": 0.2108843537414966, ""RL_P"": 0.248, ""RL_R"": 0.1834319526627219, ""BS_F1"": 0.8568596839904785, ""BS_P"": 0.857022225856781, ""BS_R"": 0.8566972017288208, ""FAITH"": 0.9531429409980774}",lora_t5_r16_alpha4
7,"Existing age estimation methods treat each face as an independent sample, learning a global mapping from appearance to age. This ignores a well-documented phenomenon:individuals age at different rates due to genetics, lifestyle, and health, making the mapping from face to age identity-dependent. When reference images of the same person with known ages are available, we can exploit this context to personalize the estimate. The only existing benchmark for this task (NIST FRVT) is closed-source and limited to a single reference image. In this work, we introduce OpenPAE, the first open benchmark for -shot personalized age estimation with strict evaluation protocols. We establish a hierarchy of increasingly sophisticated baselines:from arithmetic offset, through closed-form Bayesian linear regression, to a conditional attentive neural process. Our experiments show that personalization consistently improves performance, that the gains are not merely domain adaptation, and that nonlinear methods significantly outperform simpler alternatives. We release all models, code, protocols, and evaluation splits.","standard approaches learn a global mapping from facial appearance to age, treating each face as an independent sample drawn from a shared population . the difference between a person’s apparent age and their chronological age is heavily modulated by genetics, health, and lifestyle .","{""R1_F1"": 0.2857142857142857, ""R1_P"": 0.6744186046511628, ""R1_R"": 0.18125, ""R2_F1"": 0.11940298507462686, ""R2_P"": 0.2857142857142857, ""R2_R"": 0.07547169811320754, ""R3_F1"": 0.09045226130653265, ""R3_P"": 0.21951219512195122, ""R3_R"": 0.056962025316455694, ""RL_F1"": 0.15763546798029557, ""RL_P"": 0.37209302325581395, ""RL_R"": 0.1, ""BS_F1"": 0.8604599833488464, ""BS_P"": 0.8904221057891846, ""BS_R"": 0.8324486017227173, ""FAITH"": 0.9519244730472565}","Attention Global (Attn-G) tests the benefit of nonlinearity in strict isolation. It operates on the exact same CLS-token embedding as the Global model and BLR. We propose a benchmark to standardize evaluation across diverse, cross-domain datasets. We demonstrate that human aging trajectories are highly complex and identity-dependent; effectively modeling them requires deep models and joint-context aggregation rather than simple arithmetic offsets. Our extensive baseline evaluation demonstrates that human aging trajectories are highly complex and identity-dependent.","{""R1_F1"": 0.3070539419087137, ""R1_P"": 0.4567901234567901, ""R1_R"": 0.23125, ""R2_F1"": 0.016736401673640166, ""R2_P"": 0.025, ""R2_R"": 0.012578616352201259, ""R3_F1"": 0.0, ""R3_P"": 0.0, ""R3_R"": 0.0, ""RL_F1"": 0.14107883817427386, ""RL_P"": 0.20987654320987653, ""RL_R"": 0.10625, ""BS_F1"": 0.8395164608955383, ""BS_P"": 0.849526047706604, ""BS_R"": 0.829740047454834, ""FAITH"": 0.9155877232551575}","Attention Global (Attn-G) tests the benefit of nonlinearity in strict isolation. It operates on the exact same CLS-token embedding as the Global model and BLR. We propose a benchmark to standardize evaluation across diverse, cross-domain datasets. We demonstrate that human aging trajectories are highly complex and identity-dependent; effectively modeling them requires deep models and joint-context aggregation rather than simple arithmetic offsets.","{""R1_F1"": 0.2654867256637168, ""R1_P"": 0.45454545454545453, ""R1_R"": 0.1875, ""R2_F1"": 0.01785714285714286, ""R2_P"": 0.03076923076923077, ""R2_R"": 0.012578616352201259, ""R3_F1"": 0.0, ""R3_P"": 0.0, ""R3_R"": 0.0, ""RL_F1"": 0.14159292035398233, ""RL_P"": 0.24242424242424243, ""RL_R"": 0.1, ""BS_F1"": 0.8407952189445496, ""BS_P"": 0.8502359390258789, ""BS_R"": 0.831561803817749, ""FAITH"": 0.8986916393041611}",lora_t5_r16_alpha4
8,"We consider a coded caching problem with multiple demands under a privacy constraint. In this problem, a server with access to files serves users over a shared link, and each user requests distinct files. The privacy constraint requires that each user obtain no information about the demands of the other users. We propose a new achievable scheme for arbitrary numbers of files and users. The scheme is obtained via a transformation from a non-private coded caching scheme under uncoded placement for files and users, where each user requests one file and the demands are restricted to a subset of all possible demands. We then derive a converse bound, and the proposed scheme is shown to be order optimal within a factor of 6 of this bound.","coded caching, formulated by Maddah-Ali and Niesen in , has received significant attention . the system consists of two phases:a placement phase, where each user fills its cache as a function of the files, and a delivery phase . in the delivery phase, each user requests one file, and the server broadcasts a message to ensure that each user can decode its requested file .","{""R1_F1"": 0.35789473684210527, ""R1_P"": 0.5396825396825397, ""R1_R"": 0.2677165354330709, ""R2_F1"": 0.1382978723404255, ""R2_P"": 0.20967741935483872, ""R2_R"": 0.10317460317460317, ""R3_F1"": 0.07526881720430108, ""R3_P"": 0.11475409836065574, ""R3_R"": 0.056, ""RL_F1"": 0.2105263157894737, ""RL_P"": 0.31746031746031744, ""RL_R"": 0.15748031496062992, ""BS_F1"": 0.8369458317756653, ""BS_P"": 0.8383491039276123, ""BS_R"": 0.8355472087860107, ""FAITH"": 0.9475433826446533}","Coded caching, formulated by Maddah-Ali and Niesen in , has received significant attention. In this paper, we propose a new achievable scheme for demand-private coded caching with multiple demands. The proposed scheme is based on a transformation from an RD-NP-UCC scheme to a scheme for demand-private coded caching with multiple demands. We also establish a converse bound, showing that the proposed scheme is order optimal within a factor of , thereby covering regimes that were previously open.","{""R1_F1"": 0.45410628019323673, ""R1_P"": 0.5875, ""R1_R"": 0.3700787401574803, ""R2_F1"": 0.2634146341463415, ""R2_P"": 0.34177215189873417, ""R2_R"": 0.21428571428571427, ""R3_F1"": 0.1477832512315271, ""R3_P"": 0.19230769230769232, ""R3_R"": 0.12, ""RL_F1"": 0.3478260869565218, ""RL_P"": 0.45, ""RL_R"": 0.28346456692913385, ""BS_F1"": 0.8693525791168213, ""BS_P"": 0.8759183883666992, ""BS_R"": 0.862884521484375, ""FAITH"": 0.9474659413099289}","Coded caching, formulated by Maddah-Ali and Niesen in , has received significant attention. In this paper, we propose a new achievable scheme for demand-private coded caching with multiple demands.","{""R1_F1"": 0.24203821656050958, ""R1_P"": 0.6333333333333333, ""R1_R"": 0.14960629921259844, ""R2_F1"": 0.15483870967741933, ""R2_P"": 0.41379310344827586, ""R2_R"": 0.09523809523809523, ""R3_F1"": 0.09150326797385622, ""R3_P"": 0.25, ""R3_R"": 0.056, ""RL_F1"": 0.19108280254777069, ""RL_P"": 0.5, ""RL_R"": 0.11811023622047244, ""BS_F1"": 0.8467974066734314, ""BS_P"": 0.8623520731925964, ""BS_R"": 0.831794023513794, ""FAITH"": 0.9728704690933228}",lora_t5_r16_alpha4
9,"Traditional neural network models for intent inference rely heavily on observable states and struggle to generalize across diverse tasks and dynamic environments. Recent advances in Vision–Language Models (VLMs) and Vision–Language–Action (VLA) models introduce common-sense reasoning through large-scale multimodal pretraining, enabling zero-shot performance across tasks. However, these models still lack explicit mechanisms to represent and update belief, limiting their ability to reason like humans or capture the evolving human intent over long-horizon. To address this, we propose a belief-aware VLM framework that integrates retrieval-based memory and reinforcement learning. Instead of learning an explicit belief model, we approximate belief using a vector-based memory that retrieves relevant multimodal context, which is incorporated into the VLM for reasoning. We further refine decision-making using a reinforcement learning policy over the VLM latent space. We evaluate our approach on publicly available VQA datasets such as HD-EPIC and demonstrate consistent improvements over zero-shot baselines, highlighting the importance of belief-aware reasoning.","classic frameworks such as Markov Decision Processes (MDPs) and Partially Observable MDPs (POMDPs) explicitly model latent states and belief updates . these formulations have also inspired cognitive models of human reasoning, where agents maintain and update beliefs about others’ intents .","{""R1_F1"": 0.1941747572815534, ""R1_P"": 0.5128205128205128, ""R1_R"": 0.11976047904191617, ""R2_F1"": 0.03921568627450981, ""R2_P"": 0.10526315789473684, ""R2_R"": 0.024096385542168676, ""R3_F1"": 0.009900990099009901, ""R3_P"": 0.02702702702702703, ""R3_R"": 0.006060606060606061, ""RL_F1"": 0.08737864077669905, ""RL_P"": 0.23076923076923078, ""RL_R"": 0.05389221556886228, ""BS_F1"": 0.8347879648208618, ""BS_P"": 0.8533022403717041, ""BS_R"": 0.8170600533485413, ""FAITH"": 0.960046648979187}","We present a belief-aware vision–language model for egocentric video reasoning that explicitly incorporates latent states and belief updates to capture intent and contextual dependencies. By leveraging a retrieval-based memory of past multimodal experiences and refining the policy with reinforcement learning, our approach enables more consistent and goal-directed decision-making than standard VLMs. Experiments on the HD-EPIC dataset demonstrate significant improvements over strong baselines across diverse VQA tasks, particularly in scenarios requiring temporal reasoning and intent inference.","{""R1_F1"": 0.467741935483871, ""R1_P"": 0.7160493827160493, ""R1_R"": 0.3473053892215569, ""R2_F1"": 0.1219512195121951, ""R2_P"": 0.1875, ""R2_R"": 0.09036144578313253, ""R3_F1"": 0.02459016393442623, ""R3_P"": 0.0379746835443038, ""R3_R"": 0.01818181818181818, ""RL_F1"": 0.22580645161290322, ""RL_P"": 0.345679012345679, ""RL_R"": 0.16766467065868262, ""BS_F1"": 0.8828654885292053, ""BS_P"": 0.895125150680542, ""BS_R"": 0.8709371089935303, ""FAITH"": 0.9509895245234171}","We present a belief-aware vision–language model for egocentric video reasoning that explicitly incorporates latent states and belief updates to capture intent and contextual dependencies. By leveraging a retrieval-based memory of past multimodal experiences and refining the policy with reinforcement learning, our approach enables more consistent and goal-directed decision-making than standard VLMs. Experiments on the HD-EPIC dataset demonstrate significant improvements over strong baselines across diverse VQA tasks, particularly in scenarios requiring temporal reasoning and intent inference.","{""R1_F1"": 0.467741935483871, ""R1_P"": 0.7160493827160493, ""R1_R"": 0.3473053892215569, ""R2_F1"": 0.1219512195121951, ""R2_P"": 0.1875, ""R2_R"": 0.09036144578313253, ""R3_F1"": 0.02459016393442623, ""R3_P"": 0.0379746835443038, ""R3_R"": 0.01818181818181818, ""RL_F1"": 0.22580645161290322, ""RL_P"": 0.345679012345679, ""RL_R"": 0.16766467065868262, ""BS_F1"": 0.8828654885292053, ""BS_P"": 0.895125150680542, ""BS_R"": 0.8709371089935303, ""FAITH"": 0.9509895245234171}",lora_t5_r16_alpha4
10,"Continual Learning (CL) aims to train neural networks on a dynamic stream of tasks without forgetting previously learned knowledge. Among optimization-based approaches, C-Flat has emerged as a promising solution due to its plug-and-play nature and its ability to encourage uniformly low-loss regions for both new and old tasks. However, C-Flat requires three additional gradient computations per iteration, imposing substantial overhead on the optimization process. In this work, we propose C-Flat Turbo, a faster yet stronger optimizer that significantly reduces the training cost. We show that the gradients associated with first-order flatness contain direction-invariant components relative to the proxy-model gradients, enabling us to skip redundant gradient computations in the perturbed ascent steps. Moreover, we observe that these flatness-promoting gradients progressively stabilize across tasks, which motivates a linear scheduling strategy with an adaptive trigger to allocate larger turbo steps for later tasks. Experiments show that C-Flat Turbo is 1.0× to 1.25× faster than C-Flat across a wide range of CL methods, while achieving comparable or even improved accuracy.",continual learning (CL) is a process of learning incrementally . a major obstacle is catastrophic forgetting . various approaches have been proposed to address this challenge .,"{""R1_F1"": 0.13658536585365852, ""R1_P"": 0.5833333333333334, ""R1_R"": 0.07734806629834254, ""R2_F1"": 0.019704433497536946, ""R2_P"": 0.08695652173913043, ""R2_R"": 0.011111111111111112, ""R3_F1"": 0.009950248756218907, ""R3_P"": 0.045454545454545456, ""R3_R"": 0.00558659217877095, ""RL_F1"": 0.0878048780487805, ""RL_P"": 0.375, ""RL_R"": 0.049723756906077346, ""BS_F1"": 0.8258817195892334, ""BS_P"": 0.8542956113815308, ""BS_R"": 0.7992970943450928, ""FAITH"": 0.9363462726275126}","Continuous learning (CL) is a continuous learning process in which learning systems absorb new knowledge incrementally, a challenge known as catastrophic forgetting. To address this challenge, several approaches have been proposed to optimize for flat regions, including memory-based, regularization-based, expansion-based, and pre-trained model (PTM)-based methods. However, these methods are not widely used in continuous learning (CL), but they do provide a powerful mechanism for improving generalization and mitigating forgetting. We demonstrate that adaptively modifying the oracle gradients can yield tangible efficiency gains in continual learning. Our results demonstrate that adaptively modifying the oracle gradients can be seamlessly plugged into a wide range of CL methods to provide consistent training speedups.","{""R1_F1"": 0.3445945945945946, ""R1_P"": 0.4434782608695652, ""R1_R"": 0.281767955801105, ""R2_F1"": 0.05442176870748299, ""R2_P"": 0.07017543859649122, ""R2_R"": 0.044444444444444446, ""R3_F1"": 0.03424657534246575, ""R3_P"": 0.04424778761061947, ""R3_R"": 0.027932960893854747, ""RL_F1"": 0.18243243243243243, ""RL_P"": 0.23478260869565218, ""RL_R"": 0.14917127071823205, ""BS_F1"": 0.8501169681549072, ""BS_P"": 0.8639315366744995, ""BS_R"": 0.8367372751235962, ""FAITH"": 0.5218379378318787}","Continuous learning (CL) is a continuous learning process in which learning systems absorb new knowledge incrementally, a challenge known as catastrophic forgetting. To address this challenge, several approaches have been proposed to optimize for flat regions, including memory-based, regularization-based, expansion-based, and pre-trained model (PTM)-based methods. However, these methods are not widely used in continuous learning (CL), but they do provide a powerful mechanism for improving generalization and mitigating forgetting. We demonstrate that adaptively modifying the oracle gradients can yield tangible efficiency gains in continual learning.","{""R1_F1"": 0.30996309963099633, ""R1_P"": 0.4666666666666667, ""R1_R"": 0.23204419889502761, ""R2_F1"": 0.022304832713754646, ""R2_P"": 0.033707865168539325, ""R2_R"": 0.016666666666666666, ""R3_F1"": 0.00749063670411985, ""R3_P"": 0.011363636363636364, ""R3_R"": 0.00558659217877095, ""RL_F1"": 0.14022140221402213, ""RL_P"": 0.2111111111111111, ""RL_R"": 0.10497237569060773, ""BS_F1"": 0.847331702709198, ""BS_P"": 0.8636680841445923, ""BS_R"": 0.8316018581390381, ""FAITH"": 0.40961529314517975}",lora_t5_r16_alpha4
1,"Conventional RGB-based high dynamic range (HDR) imaging faces a fundamental trade-off between motion artifacts in multi-exposure captures and irreversible information loss in single-shot techniques. Modulo sensors offer a promising alternative by encoding theoretically unbounded dynamic range into wrapped measurements. However, existing modulo solutions remain bottlenecked by iterative unwrapping overhead and hardware constraints limiting them to low-speed, grayscale capture. In this work, we present a complete modulo-based HDR imaging system that enables high-speed, full-color HDR acquisition by synergistically advancing both the sensing formulation and the unwrapping algorithm. At the core of our approach is an exposure-decoupled formulation of modulo imaging that allows multiple measurements to be interleaved in time, preserving a clean, observation-wise measurement model. Building upon this, we introduce an iteration-free unwrapping algorithm that integrates diffusion-based generative priors with the physical least absolute remainder property of modulo images, supporting highly efficient, physics-consistent HDR reconstruction. Finally, to validate the practical viability of our system, we demonstrate a proof-of-concept hardware implementation based on modulo-encoded spike streams. This setup preserves the native high temporal resolution of spike cameras, achieving 1000 FPS full-color imaging while reducing output data bandwidth from approximately 20 Gbps to 6 Gbps. Extensive evaluations indicate that our coordinated approach successfully overcomes key systemic bottlenecks, demonstrating the feasibility of deploying modulo imaging in dynamic scenarios.",high dynamic range (HDR) imaging has become an essential area of study . we introduce a cyclic encoding that embeds into a sinusoidal space . it can operate robustly for FPS HDR imaging with a s unwrapping time per frame .,"{""R1_F1"": 0.15613382899628253, ""R1_P"": 0.5526315789473685, ""R1_R"": 0.09090909090909091, ""R2_F1"": 0.0449438202247191, ""R2_P"": 0.16216216216216217, ""R2_R"": 0.02608695652173913, ""R3_F1"": 0.022641509433962263, ""R3_P"": 0.08333333333333333, ""R3_R"": 0.013100436681222707, ""RL_F1"": 0.09665427509293681, ""RL_P"": 0.34210526315789475, ""RL_R"": 0.05627705627705628, ""BS_F1"": 0.8384864926338196, ""BS_P"": 0.8616694808006287, ""BS_R"": 0.8165181875228882, ""FAITH"": 0.9865121046702067}","High dynamic range (HDR) imaging has become an essential area of study for preserving perceptual visual quality and ensuring the robustness of downstream computer vision tasks. To achieve HDR imaging, conventional digital cameras typically suffer from saturation in bright areas and severe noise in dark regions, resulting in a loss of physical irradiance information. We propose a novel modulo-based unwrapping algorithm that focuses on the modulo imaging formulation and does not explicitly address the demosaicing problem. The proposed system operates robustly for FPS HDR imaging with a s unwrapping time per frame, while effectively reducing the transmission bandwidth to approximately Gbps. Extensive experiments on synthetic benchmarks, downstream application scenarios, and real-captured data collectively demonstrate the practical viability of our system.","{""R1_F1"": 0.38526912181303113, ""R1_P"": 0.5573770491803278, ""R1_R"": 0.2943722943722944, ""R2_F1"": 0.09686609686609687, ""R2_P"": 0.14049586776859505, ""R2_R"": 0.07391304347826087, ""R3_F1"": 0.045845272206303724, ""R3_P"": 0.06666666666666667, ""R3_R"": 0.034934497816593885, ""RL_F1"": 0.18130311614730876, ""RL_P"": 0.26229508196721313, ""RL_R"": 0.13852813852813853, ""BS_F1"": 0.8619419932365417, ""BS_P"": 0.8724865913391113, ""BS_R"": 0.8516491651535034, ""FAITH"": 0.9193883776664734}","High dynamic range (HDR) imaging has become an essential area of study for preserving perceptual visual quality and ensuring the robustness of downstream computer vision tasks. To achieve HDR imaging, conventional digital cameras typically suffer from saturation in bright areas and severe noise in dark regions, resulting in a loss of physical irradiance information. We propose a novel modulo-based unwrapping algorithm that focuses on the modulo imaging formulation and does not explicitly address the demosaicing problem. The proposed system operates robustly for FPS HDR imaging with a s unwrapping time per frame, while effectively reducing the transmission bandwidth to approximately Gbps. Extensive experiments on synthetic benchmarks, downstream application scenarios, and real-captured data collectively demonstrate the practical viability of our system.","{""R1_F1"": 0.38526912181303113, ""R1_P"": 0.5573770491803278, ""R1_R"": 0.2943722943722944, ""R2_F1"": 0.09686609686609687, ""R2_P"": 0.14049586776859505, ""R2_R"": 0.07391304347826087, ""R3_F1"": 0.045845272206303724, ""R3_P"": 0.06666666666666667, ""R3_R"": 0.034934497816593885, ""RL_F1"": 0.18130311614730876, ""RL_P"": 0.26229508196721313, ""RL_R"": 0.13852813852813853, ""BS_F1"": 0.8619419932365417, ""BS_P"": 0.8724865913391113, ""BS_R"": 0.8516491651535034, ""FAITH"": 0.9193883776664734}",lora_t5_r16_alpha32
2,"The rapid progress of Artificial Intelligence Generated Content (AIGC) tools enables images, videos, and visualizations to be created on demand for webpage design, offering a flexible and increasingly adopted paradigm for modern UI/UX. However, directly integrating such tools into automated webpage generation often leads to style inconsistency and poor global coherence, as elements are generated in isolation. We propose MM-WebAgent, a hierarchical agentic framework for multimodal webpage generation that coordinates AIGC-based element generation through hierarchical planning and iterative self-reflection. MM-WebAgent jointly optimizes global layout, local multimodal content, and their integration, producing coherent and visually consistent webpages. We further introduce MM-WebGEN-Bench and a multi-level evaluation protocol for systematic assessment. Experiments demonstrate that MM-WebAgent outperforms code-generation and agent-based baselines, especially on multimodal element generation and integration.","webpage generation is a practical and high-impact application of large language models . real-world webpages contain heterogeneous multimodal elements such as images, videos, and charts . most existing pipelines populate these elements via retrieval or placeholders .","{""R1_F1"": 0.16374269005847952, ""R1_P"": 0.3888888888888889, ""R1_R"": 0.1037037037037037, ""R2_F1"": 0.04733727810650888, ""R2_P"": 0.11428571428571428, ""R2_R"": 0.029850746268656716, ""R3_F1"": 0.011976047904191616, ""R3_P"": 0.029411764705882353, ""R3_R"": 0.007518796992481203, ""RL_F1"": 0.09356725146198831, ""RL_P"": 0.2222222222222222, ""RL_R"": 0.05925925925925926, ""BS_F1"": 0.8453391790390015, ""BS_P"": 0.8628673553466797, ""BS_R"": 0.8285089731216431, ""FAITH"": 0.9229950110117594}","Webpage generation is a practical and high-impact application of large language models (LLMs). However, real-world webpages contain heterogeneous multimodal elements such as images, videos, and charts, whose content, style, and geometry must cohere with the global layout and the semantic intent. Existing pipelines typically populate these elements via retrieval or placeholders, and then generate or insert assets independently. This often leads to (i) across elements, (ii) between generated media and reserved slots, and (iii) after assets are composed into the page, and (iii) after they are composed into the page. We evaluate our system under different webpage generation paradigms:layout, style, and aesthetics measure global page-level quality, while image, video, and chart assess the quality and integration of local multimodal elements. Our system achieves the best performance on both global and local metrics, with an average score of 0.75. These results highlight the limitations of code-only generation pipelines and demonstrate the advantage of treating multimodal content generation as a first-class action within the agent loop.","{""R1_F1"": 0.36601307189542487, ""R1_P"": 0.32748538011695905, ""R1_R"": 0.4148148148148148, ""R2_F1"": 0.07236842105263158, ""R2_P"": 0.06470588235294118, ""R2_R"": 0.08208955223880597, ""R3_F1"": 0.013245033112582781, ""R3_P"": 0.011834319526627219, ""R3_R"": 0.015037593984962405, ""RL_F1"": 0.15686274509803919, ""RL_P"": 0.14035087719298245, ""RL_R"": 0.17777777777777778, ""BS_F1"": 0.8537103533744812, ""BS_P"": 0.8496286273002625, ""BS_R"": 0.8578315377235413, ""FAITH"": 0.9128854445048741}","Webpage generation is a practical and high-impact application of large language models (LLMs). However, real-world webpages contain heterogeneous multimodal elements such as images, videos, and charts, whose content, style, and geometry must cohere with the global layout and the semantic intent. Existing pipelines typically populate these elements via retrieval or placeholders, and then generate or insert assets independently. We evaluate our system under different webpage generation paradigms:layout, style, and aesthetics measure global page-level quality, while image, video, and chart assess the quality and integration of local multimodal elements. Our system achieves the best performance on both global and local metrics, with an average score of 0.75. These results highlight the limitations of code-only generation pipelines and demonstrate the advantage of treating multimodal content generation as a first-class action within the agent loop.","{""R1_F1"": 0.36496350364963503, ""R1_P"": 0.3597122302158273, ""R1_R"": 0.37037037037037035, ""R2_F1"": 0.0661764705882353, ""R2_P"": 0.06521739130434782, ""R2_R"": 0.06716417910447761, ""R3_F1"": 0.007407407407407408, ""R3_P"": 0.0072992700729927005, ""R3_R"": 0.007518796992481203, ""RL_F1"": 0.1678832116788321, ""RL_P"": 0.16546762589928057, ""RL_R"": 0.17037037037037037, ""BS_F1"": 0.8603827953338623, ""BS_P"": 0.8626172542572021, ""BS_R"": 0.8581598997116089, ""FAITH"": 0.9429225325584412}",lora_t5_r16_alpha32
3,"While LLMs have demonstrated remarkable potential in Question Answering (QA), evaluating personalization remains a critical bottleneck. Existing paradigms predominantly rely on lexical-level similarity or manual heuristics, often lacking sufficient data-driven validation. We address this by mining Community-Individual Preference Divergence (CIPD), where individual choices override consensus, to distill six key personalization factors as evaluative dimensions. Accordingly, we introduce CoPA, a benchmark with 1,985 user profiles for fine-grained, factor-level assessment. By quantifying the alignment between model outputs and user-specific cognitive preferences inferred from interaction patterns, CoPA provides a more comprehensive and discriminative standard for evaluating personalized QA than generic metrics. The code is available at .","Personalized Question Answering (QA) marks a paradigm shift from static, generic responses to dynamic, user-centric knowledge delivery .","{""R1_F1"": 0.15625, ""R1_P"": 0.5555555555555556, ""R1_R"": 0.09090909090909091, ""R2_F1"": 0.031746031746031744, ""R2_P"": 0.11764705882352941, ""R2_R"": 0.01834862385321101, ""R3_F1"": 0.016129032258064516, ""R3_P"": 0.0625, ""R3_R"": 0.009259259259259259, ""RL_F1"": 0.10937499999999997, ""RL_P"": 0.3888888888888889, ""RL_R"": 0.06363636363636363, ""BS_F1"": 0.8520329594612122, ""BS_P"": 0.8883365988731384, ""BS_R"": 0.818580150604248, ""FAITH"": 0.980903148651123}","Recent Large Language Models (LLMs) have significantly advanced personalized QA methods, but establishing a reliable evaluation protocol for personalization remains a critical challenge. Existing evaluation metrics typically focus on the lexical overlap between the generated text and a reference. We propose a framework that leverages Large Language Models (LLMs) at multiple stages, including principle induction, factor distillation, and evaluation. The framework is based on a human-in-the-loop validation mechanism to ensure the quality of the generated outputs. Our framework is based on a rigorous theoretical framework that incorporates a robustness and reliability of the framework.","{""R1_F1"": 0.32850241545893716, ""R1_P"": 0.35051546391752575, ""R1_R"": 0.3090909090909091, ""R2_F1"": 0.04878048780487805, ""R2_P"": 0.052083333333333336, ""R2_R"": 0.045871559633027525, ""R3_F1"": 0.019704433497536946, ""R3_P"": 0.021052631578947368, ""R3_R"": 0.018518518518518517, ""RL_F1"": 0.1932367149758454, ""RL_P"": 0.20618556701030927, ""RL_R"": 0.18181818181818182, ""BS_F1"": 0.8554762601852417, ""BS_P"": 0.8649600148200989, ""BS_R"": 0.8461982011795044, ""FAITH"": 0.4761495590209961}","Recent Large Language Models (LLMs) have significantly advanced personalized QA methods, but establishing a reliable evaluation protocol for personalization remains a critical challenge. Existing evaluation metrics typically focus on the lexical overlap between the generated text and a reference. The framework is based on a human-in-the-loop validation mechanism to ensure the quality of the generated outputs.","{""R1_F1"": 0.33136094674556216, ""R1_P"": 0.4745762711864407, ""R1_R"": 0.2545454545454545, ""R2_F1"": 0.059880239520958084, ""R2_P"": 0.08620689655172414, ""R2_R"": 0.045871559633027525, ""R3_F1"": 0.024242424242424242, ""R3_P"": 0.03508771929824561, ""R3_R"": 0.018518518518518517, ""RL_F1"": 0.18934911242603553, ""RL_P"": 0.2711864406779661, ""RL_R"": 0.14545454545454545, ""BS_F1"": 0.8629948496818542, ""BS_P"": 0.8861502408981323, ""BS_R"": 0.841018795967102, ""FAITH"": 0.3003998001416524}",lora_t5_r16_alpha32
4,"Large vision-language models (VLMs) are enabling interactive video reasoning, giving rise to streaming long-video understanding. In this setting, frames arrive continuously, while the system preserves long-term context and generates responses under strict latency constraints. A central challenge is KVCache management:as video streams grow, KVCache expands rapidly, increasing computation and memory overhead. Existing retrieval-based approaches exploit attention sparsity and offload inactive KVCache from GPU to CPU memory, but their token-level design causes high management overhead and fragmented data movement. We present Mosaic, the first cluster-driven VLM inference system for streaming long-video understanding. Our key insight is that VLM KVCache exhibits an implicit cross-modal clustering structure:retrieved KV states form groups jointly shaped by visual coherence and semantic relevance. Based on this observation, Mosaic uses cross-modal clusters as the basic unit of KVCache organization, maintenance, and retrieval. Evaluations show that Mosaic outperforms state-of-the-art baselines, achieving up to speedup.","early studies centered on static image-text pairs, but many of these emerging applications operate over continuous video streams . to overcome memory bottlenecks, a promising approach is to offload KVCache to CPU memory and retrieve it dynamically based on attention sparsity .","{""R1_F1"": 0.22, ""R1_P"": 0.5365853658536586, ""R1_R"": 0.13836477987421383, ""R2_F1"": 0.06060606060606061, ""R2_P"": 0.15, ""R2_R"": 0.0379746835443038, ""R3_F1"": 0.010204081632653062, ""R3_P"": 0.02564102564102564, ""R3_R"": 0.006369426751592357, ""RL_F1"": 0.14, ""RL_P"": 0.34146341463414637, ""RL_R"": 0.0880503144654088, ""BS_F1"": 0.8441630601882935, ""BS_P"": 0.8598871231079102, ""BS_R"": 0.8290036916732788, ""FAITH"": 0.9622853994369507}","Large vision-language models (VLMs) are increasingly deployed over continuous video streams, where visual inputs arrive as temporally ordered frames. However, existing approaches primarily focus on offloading KVCache to CPU memory and retrieving it dynamically based on attention sparsity. To address these bottlenecks, we propose a cluster-driven VLM inference system for streaming long video understanding. By leveraging the cross-modal clustering of VLM KVCache, we achieve both higher accuracy and better system performance. We introduce a cluster-driven VLM inference system for streaming long video understanding. Our approach leverages cross-modal clustering, enabling efficient KVCache organization, maintenance, and retrieval.","{""R1_F1"": 0.4942084942084943, ""R1_P"": 0.64, ""R1_R"": 0.4025157232704403, ""R2_F1"": 0.2490272373540856, ""R2_P"": 0.32323232323232326, ""R2_R"": 0.20253164556962025, ""R3_F1"": 0.16470588235294117, ""R3_P"": 0.21428571428571427, ""R3_R"": 0.1337579617834395, ""RL_F1"": 0.3166023166023166, ""RL_P"": 0.41, ""RL_R"": 0.2578616352201258, ""BS_F1"": 0.8915237784385681, ""BS_P"": 0.9077964425086975, ""BS_R"": 0.8758242130279541, ""FAITH"": 0.8950072328249613}","Large vision-language models (VLMs) are increasingly deployed over continuous video streams, where visual inputs arrive as temporally ordered frames. However, existing approaches primarily focus on offloading KVCache to CPU memory and retrieving it dynamically based on attention sparsity. To address these bottlenecks, we propose a cluster-driven VLM inference system for streaming long video understanding. By leveraging the cross-modal clustering of VLM KVCache, we achieve both higher accuracy and better system performance.","{""R1_F1"": 0.4291845493562232, ""R1_P"": 0.6756756756756757, ""R1_R"": 0.31446540880503143, ""R2_F1"": 0.1991341991341991, ""R2_P"": 0.3150684931506849, ""R2_R"": 0.14556962025316456, ""R3_F1"": 0.12227074235807858, ""R3_P"": 0.19444444444444445, ""R3_R"": 0.08917197452229299, ""RL_F1"": 0.30901287553648066, ""RL_P"": 0.4864864864864865, ""RL_R"": 0.22641509433962265, ""BS_F1"": 0.8846843242645264, ""BS_P"": 0.9017508625984192, ""BS_R"": 0.8682517409324646, ""FAITH"": 0.8556414097547531}",lora_t5_r16_alpha32
5,"Functional magnetic resonance imaging (fMRI) is widely used for studying and diagnosing brain disorders, with functional connectivity (FC) matrices providing powerful representations of large-scale neural interactions. However, existing diagnostic models are trained either on a single site or under full multi-site access, making them unsuitable for real-world scenarios where clinical data arrive sequentially from different institutions. This results in limited generalization and severe catastrophic forgetting. This paper presents the first continual learning framework specifically designed for fMRI-based diagnosis across heterogeneous clinical sites. Our framework introduces a structure-aware variational autoencoder that synthesizes realistic FC matrices for both patient and control groups. Built on this generative backbone, we develop a multi-level knowledge distillation strategy that aligns predictions and graph representations between new-site data and replayed samples. To further enhance efficiency, we incorporate a hierarchical contextual bandit scheme for adaptive replay sampling. Experiments on multi-site datasets for major depressive disorder (MDD), schizophrenia (SZ), and autism spectrum disorder (ASD) show that the proposed generative model enhances data augmentation quality, and the overall continual learning framework substantially outperforms existing methods in mitigating catastrophic forgetting. Our code is available at .",functional magnetic resonance imaging (fMRI) is a non-invasive technique that measures brain activity through blood-oxygen-level-dependent (BOLD) signals . existing fMRI-based diagnostic models exhibit limited reliability for practical clinical deployment .,"{""R1_F1"": 0.16, ""R1_P"": 0.5454545454545454, ""R1_R"": 0.09375, ""R2_F1"": 0.06278026905829596, ""R2_P"": 0.21875, ""R2_R"": 0.03664921465968586, ""R3_F1"": 0.03619909502262443, ""R3_P"": 0.12903225806451613, ""R3_R"": 0.021052631578947368, ""RL_F1"": 0.11555555555555555, ""RL_P"": 0.3939393939393939, ""RL_R"": 0.06770833333333333, ""BS_F1"": 0.8342001438140869, ""BS_P"": 0.8615247011184692, ""BS_R"": 0.8085556030273438, ""FAITH"": 0.9822739362716675}","Functional magnetic resonance imaging (fMRI) is a non-invasive technique that measures brain activity through blood-oxygen-level-dependent (BOLD) signals. Functional connectivity (FC) matrices encode pairwise correlations between brain regions, characterizing large-scale network organization and inter-regional interaction patterns. However, existing fMRI-based diagnostic models still exhibit limited reliability for practical clinical deployment. We introduce FORGE, the first continual learning framework for fMRI-based brain disorder diagnosis. FCM-VAE is a structure-aware generative model that synthesizes high-quality functional connectivity matrices, providing a viable solution for privacy-preserving replay in clinical environments. Experiments on three large-scale neuroimaging datasets demonstrate consistent improvements in accuracy and substantial reductions in forgetting compared with state-of-the-art approaches.","{""R1_F1"": 0.41157556270096457, ""R1_P"": 0.5378151260504201, ""R1_R"": 0.3333333333333333, ""R2_F1"": 0.1553398058252427, ""R2_P"": 0.2033898305084746, ""R2_R"": 0.1256544502617801, ""R3_F1"": 0.07166123778501628, ""R3_P"": 0.09401709401709402, ""R3_R"": 0.05789473684210526, ""RL_F1"": 0.28938906752411575, ""RL_P"": 0.37815126050420167, ""RL_R"": 0.234375, ""BS_F1"": 0.871534526348114, ""BS_P"": 0.885025680065155, ""BS_R"": 0.8584483861923218, ""FAITH"": 0.9661946594715118}","Functional magnetic resonance imaging (fMRI) is a non-invasive technique that measures brain activity through blood-oxygen-level-dependent (BOLD) signals. Functional connectivity (FC) matrices encode pairwise correlations between brain regions, characterizing large-scale network organization and inter-regional interaction patterns. However, existing fMRI-based diagnostic models still exhibit limited reliability for practical clinical deployment. We introduce FORGE, the first continual learning framework for fMRI-based brain disorder diagnosis. FCM-VAE is a structure-aware generative model that synthesizes high-quality functional connectivity matrices, providing a viable solution for privacy-preserving replay in clinical environments. Experiments on three large-scale neuroimaging datasets demonstrate consistent improvements in accuracy and substantial reductions in forgetting compared with state-of-the-art approaches.","{""R1_F1"": 0.41157556270096457, ""R1_P"": 0.5378151260504201, ""R1_R"": 0.3333333333333333, ""R2_F1"": 0.1553398058252427, ""R2_P"": 0.2033898305084746, ""R2_R"": 0.1256544502617801, ""R3_F1"": 0.07166123778501628, ""R3_P"": 0.09401709401709402, ""R3_R"": 0.05789473684210526, ""RL_F1"": 0.28938906752411575, ""RL_P"": 0.37815126050420167, ""RL_R"": 0.234375, ""BS_F1"": 0.871534526348114, ""BS_P"": 0.885025680065155, ""BS_R"": 0.8584483861923218, ""FAITH"": 0.9661946594715118}",lora_t5_r16_alpha32
6,"We study the Stokes–Poisson–Boltzmann equations with Dirichlet and Navier boundary conditions. The system consists of the incompressible Stokes equations coupled with a nonlinear Poisson–Boltzmann equation through electrostatic forcing and convective transport effects. To handle the Navier boundary conditions in a unified framework, we employ Nitsche’s method for their weak imposition within a conforming finite element setting. We derive a consistent and stable discrete formulation and establish the well-posedness of the resulting problem. By carefully choosing the penalty parameters, the bilinear form is shown to be coercive and continuous. A priori error estimates are proved in the natural energy norms, yielding optimal-order convergence under suitable regularity assumptions. Furthermore, we develop residual-based a posteriori error estimators that incorporate element residuals, inter-element jump residuals, and boundary residuals arising from the Nitsche formulation. The estimators are shown to be reliable and locally efficient. Numerical experiments confirm the theoretical results and demonstrate the robustness and accuracy of the proposed method for the Stokes–Poisson–Boltzmann system.","electrically charged fluid flows play an important role in several chemical applications, such as the design of nanopores for biomedical devices and the modelling of water purification systems . in this process, the motion of an electrolyte is driven by thin electric double layers that attract and repel ions near charged surfaces .","{""R1_F1"": 0.13636363636363635, ""R1_P"": 0.29411764705882354, ""R1_R"": 0.08875739644970414, ""R2_F1"": 0.0, ""R2_P"": 0.0, ""R2_R"": 0.0, ""R3_F1"": 0.0, ""R3_P"": 0.0, ""R3_R"": 0.0, ""RL_F1"": 0.0909090909090909, ""RL_P"": 0.19607843137254902, ""RL_R"": 0.05917159763313609, ""BS_F1"": 0.7929309010505676, ""BS_P"": 0.806043803691864, ""BS_R"": 0.7802377939224243, ""FAITH"": 0.9824761748313904}","Electro-osmosis is a simple mechanism for transporting electrically charged fluid without mechanical pumping. In this paper, we propose a finite element scheme that combines Banach’s fixed-point theorem with the Babuka-Brezzi theory and the Minty-Browder theorem. The proposed method is based on a discrete-element finite element scheme, where the energy norm is the optimal convergence of the method in the energy norm. Furthermore, a residual-based a posteriori error estimator is developed and analyzed to demonstrate the robustness and efficiency of the proposed approach.","{""R1_F1"": 0.3953488372093023, ""R1_P"": 0.5730337078651685, ""R1_R"": 0.30177514792899407, ""R2_F1"": 0.11718750000000001, ""R2_P"": 0.17045454545454544, ""R2_R"": 0.08928571428571429, ""R3_F1"": 0.06299212598425197, ""R3_P"": 0.09195402298850575, ""R3_R"": 0.04790419161676647, ""RL_F1"": 0.2558139534883721, ""RL_P"": 0.3707865168539326, ""RL_R"": 0.1952662721893491, ""BS_F1"": 0.8490709662437439, ""BS_P"": 0.8655205965042114, ""BS_R"": 0.8332350254058838, ""FAITH"": 0.9095478355884552}","Electro-osmosis is a simple mechanism for transporting electrically charged fluid without mechanical pumping. In this paper, we propose a finite element scheme that combines Banach’s fixed-point theorem with the Babuka-Brezzi theory and the Minty-Browder theorem. The proposed method is based on a discrete-element finite element scheme, where the energy norm is the optimal convergence of the method in the energy norm. Furthermore, a residual-based a posteriori error estimator is developed and analyzed to demonstrate the robustness and efficiency of the proposed approach.","{""R1_F1"": 0.3953488372093023, ""R1_P"": 0.5730337078651685, ""R1_R"": 0.30177514792899407, ""R2_F1"": 0.11718750000000001, ""R2_P"": 0.17045454545454544, ""R2_R"": 0.08928571428571429, ""R3_F1"": 0.06299212598425197, ""R3_P"": 0.09195402298850575, ""R3_R"": 0.04790419161676647, ""RL_F1"": 0.2558139534883721, ""RL_P"": 0.3707865168539326, ""RL_R"": 0.1952662721893491, ""BS_F1"": 0.8490709662437439, ""BS_P"": 0.8655205965042114, ""BS_R"": 0.8332350254058838, ""FAITH"": 0.9095478355884552}",lora_t5_r16_alpha32
7,"Existing age estimation methods treat each face as an independent sample, learning a global mapping from appearance to age. This ignores a well-documented phenomenon:individuals age at different rates due to genetics, lifestyle, and health, making the mapping from face to age identity-dependent. When reference images of the same person with known ages are available, we can exploit this context to personalize the estimate. The only existing benchmark for this task (NIST FRVT) is closed-source and limited to a single reference image. In this work, we introduce OpenPAE, the first open benchmark for -shot personalized age estimation with strict evaluation protocols. We establish a hierarchy of increasingly sophisticated baselines:from arithmetic offset, through closed-form Bayesian linear regression, to a conditional attentive neural process. Our experiments show that personalization consistently improves performance, that the gains are not merely domain adaptation, and that nonlinear methods significantly outperform simpler alternatives. We release all models, code, protocols, and evaluation splits.","standard approaches learn a global mapping from facial appearance to age, treating each face as an independent sample drawn from a shared population . the difference between a person’s apparent age and their chronological age is heavily modulated by genetics, health, and lifestyle .","{""R1_F1"": 0.2857142857142857, ""R1_P"": 0.6744186046511628, ""R1_R"": 0.18125, ""R2_F1"": 0.11940298507462686, ""R2_P"": 0.2857142857142857, ""R2_R"": 0.07547169811320754, ""R3_F1"": 0.09045226130653265, ""R3_P"": 0.21951219512195122, ""R3_R"": 0.056962025316455694, ""RL_F1"": 0.15763546798029557, ""RL_P"": 0.37209302325581395, ""RL_R"": 0.1, ""BS_F1"": 0.8604599833488464, ""BS_P"": 0.8904221057891846, ""BS_R"": 0.8324486017227173, ""FAITH"": 0.9519244730472565}","We propose Attention Global (Attn-G), a nonlinear age estimation benchmark for computer vision. The benchmark is based on the CSFD dataset, a cross-domain dataset that consists mostly of age differences within years. This results in a significant improvement in temporal robustness under severe distribution shifts. To address this challenge, we propose a benchmark to standardize evaluation across diverse, cross-domain datasets. We introduce the -shot personalized age estimation benchmark, which explicitly separates true identity-specific personalization from dataset bias and age prior correction. Our baseline evaluation demonstrates that human aging trajectories are highly complex and identity-dependent; effectively modeling them requires deep models and joint-context aggregation rather than simple arithmetic offsets.","{""R1_F1"": 0.40145985401459855, ""R1_P"": 0.4824561403508772, ""R1_R"": 0.34375, ""R2_F1"": 0.058823529411764705, ""R2_P"": 0.07079646017699115, ""R2_R"": 0.050314465408805034, ""R3_F1"": 0.014814814814814815, ""R3_P"": 0.017857142857142856, ""R3_R"": 0.012658227848101266, ""RL_F1"": 0.17518248175182477, ""RL_P"": 0.21052631578947367, ""RL_R"": 0.15, ""BS_F1"": 0.8512610197067261, ""BS_P"": 0.8574858903884888, ""BS_R"": 0.8451259732246399, ""FAITH"": 0.7877954641977946}","We propose Attention Global (Attn-G), a nonlinear age estimation benchmark for computer vision. The benchmark is based on the CSFD dataset, a cross-domain dataset that consists mostly of age differences within years. This results in a significant improvement in temporal robustness under severe distribution shifts. To address this challenge, we propose a benchmark to standardize evaluation across diverse, cross-domain datasets. We introduce the -shot personalized age estimation benchmark, which explicitly separates true identity-specific personalization from dataset bias and age prior correction. Our baseline evaluation demonstrates that human aging trajectories are highly complex and identity-dependent; effectively modeling them requires deep models and joint-context aggregation rather than simple arithmetic offsets.","{""R1_F1"": 0.40145985401459855, ""R1_P"": 0.4824561403508772, ""R1_R"": 0.34375, ""R2_F1"": 0.058823529411764705, ""R2_P"": 0.07079646017699115, ""R2_R"": 0.050314465408805034, ""R3_F1"": 0.014814814814814815, ""R3_P"": 0.017857142857142856, ""R3_R"": 0.012658227848101266, ""RL_F1"": 0.17518248175182477, ""RL_P"": 0.21052631578947367, ""RL_R"": 0.15, ""BS_F1"": 0.8512610197067261, ""BS_P"": 0.8574858903884888, ""BS_R"": 0.8451259732246399, ""FAITH"": 0.7877954641977946}",lora_t5_r16_alpha32
8,"We consider a coded caching problem with multiple demands under a privacy constraint. In this problem, a server with access to files serves users over a shared link, and each user requests distinct files. The privacy constraint requires that each user obtain no information about the demands of the other users. We propose a new achievable scheme for arbitrary numbers of files and users. The scheme is obtained via a transformation from a non-private coded caching scheme under uncoded placement for files and users, where each user requests one file and the demands are restricted to a subset of all possible demands. We then derive a converse bound, and the proposed scheme is shown to be order optimal within a factor of 6 of this bound.","coded caching, formulated by Maddah-Ali and Niesen in , has received significant attention . the system consists of two phases:a placement phase, where each user fills its cache as a function of the files, and a delivery phase . in the delivery phase, each user requests one file, and the server broadcasts a message to ensure that each user can decode its requested file .","{""R1_F1"": 0.35789473684210527, ""R1_P"": 0.5396825396825397, ""R1_R"": 0.2677165354330709, ""R2_F1"": 0.1382978723404255, ""R2_P"": 0.20967741935483872, ""R2_R"": 0.10317460317460317, ""R3_F1"": 0.07526881720430108, ""R3_P"": 0.11475409836065574, ""R3_R"": 0.056, ""RL_F1"": 0.2105263157894737, ""RL_P"": 0.31746031746031744, ""RL_R"": 0.15748031496062992, ""BS_F1"": 0.8369458317756653, ""BS_P"": 0.8383491039276123, ""BS_R"": 0.8355472087860107, ""FAITH"": 0.9475433826446533}","Coded caching, formulated by Maddah-Ali and Niesen, has received significant attention in recent years. However, a fundamental problem is to characterize the tradeoff between the cache size and the worst-case rate of the broadcast message, i.e., the memory-rate tradeoff. In this paper, we propose a new achievable scheme for demand-private coded caching with multiple demands. The proposed scheme is based on a transformation from an RD-NP-UCC scheme to a scheme for demand-private coded caching with multiple demands. We also establish a converse bound, showing that the proposed scheme is order optimal within a factor of , thereby covering regimes that were previously open.","{""R1_F1"": 0.4725738396624472, ""R1_P"": 0.509090909090909, ""R1_R"": 0.4409448818897638, ""R2_F1"": 0.24680851063829787, ""R2_P"": 0.26605504587155965, ""R2_R"": 0.23015873015873015, ""R3_F1"": 0.12875536480686695, ""R3_P"": 0.1388888888888889, ""R3_R"": 0.12, ""RL_F1"": 0.3459915611814346, ""RL_P"": 0.37272727272727274, ""RL_R"": 0.3228346456692913, ""BS_F1"": 0.8691387176513672, ""BS_P"": 0.8675518035888672, ""BS_R"": 0.8707315325737, ""FAITH"": 0.7023910641670227}","Coded caching, formulated by Maddah-Ali and Niesen, has received significant attention in recent years. However, a fundamental problem is to characterize the tradeoff between the cache size and the worst-case rate of the broadcast message, i.e., the memory-rate tradeoff. In this paper, we propose a new achievable scheme for demand-private coded caching with multiple demands.","{""R1_F1"": 0.32085561497326204, ""R1_P"": 0.5, ""R1_R"": 0.23622047244094488, ""R2_F1"": 0.15135135135135136, ""R2_P"": 0.23728813559322035, ""R2_R"": 0.1111111111111111, ""R3_F1"": 0.07650273224043716, ""R3_P"": 0.1206896551724138, ""R3_R"": 0.056, ""RL_F1"": 0.21390374331550802, ""RL_P"": 0.3333333333333333, ""RL_R"": 0.15748031496062992, ""BS_F1"": 0.8443868160247803, ""BS_P"": 0.848603367805481, ""BS_R"": 0.8402119874954224, ""FAITH"": 0.5559442440668741}",lora_t5_r16_alpha32
9,"Traditional neural network models for intent inference rely heavily on observable states and struggle to generalize across diverse tasks and dynamic environments. Recent advances in Vision–Language Models (VLMs) and Vision–Language–Action (VLA) models introduce common-sense reasoning through large-scale multimodal pretraining, enabling zero-shot performance across tasks. However, these models still lack explicit mechanisms to represent and update belief, limiting their ability to reason like humans or capture the evolving human intent over long-horizon. To address this, we propose a belief-aware VLM framework that integrates retrieval-based memory and reinforcement learning. Instead of learning an explicit belief model, we approximate belief using a vector-based memory that retrieves relevant multimodal context, which is incorporated into the VLM for reasoning. We further refine decision-making using a reinforcement learning policy over the VLM latent space. We evaluate our approach on publicly available VQA datasets such as HD-EPIC and demonstrate consistent improvements over zero-shot baselines, highlighting the importance of belief-aware reasoning.","classic frameworks such as Markov Decision Processes (MDPs) and Partially Observable MDPs (POMDPs) explicitly model latent states and belief updates . these formulations have also inspired cognitive models of human reasoning, where agents maintain and update beliefs about others’ intents .","{""R1_F1"": 0.1941747572815534, ""R1_P"": 0.5128205128205128, ""R1_R"": 0.11976047904191617, ""R2_F1"": 0.03921568627450981, ""R2_P"": 0.10526315789473684, ""R2_R"": 0.024096385542168676, ""R3_F1"": 0.009900990099009901, ""R3_P"": 0.02702702702702703, ""R3_R"": 0.006060606060606061, ""RL_F1"": 0.08737864077669905, ""RL_P"": 0.23076923076923078, ""RL_R"": 0.05389221556886228, ""BS_F1"": 0.8347879648208618, ""BS_P"": 0.8533022403717041, ""BS_R"": 0.8170600533485413, ""FAITH"": 0.960046648979187}",We present a belief-aware vision–language model for egocentric video reasoning that explicitly incorporates latent belief to capture intent and contextual dependencies. Our approach leverages a retrieval-based memory of past multimodal experiences and refining the policy with reinforcement learning. Experiments on the HD-EPIC dataset demonstrate significant improvements over strong baselines across diverse VQA tasks. These results highlight the importance of modeling belief for human-like reasoning and suggest a promising direction for integrating cognitive principles into large multimodal models.,"{""R1_F1"": 0.4979919678714859, ""R1_P"": 0.7560975609756098, ""R1_R"": 0.3712574850299401, ""R2_F1"": 0.1214574898785425, ""R2_P"": 0.18518518518518517, ""R2_R"": 0.09036144578313253, ""R3_F1"": 0.04081632653061225, ""R3_P"": 0.0625, ""R3_R"": 0.030303030303030304, ""RL_F1"": 0.24096385542168675, ""RL_P"": 0.36585365853658536, ""RL_R"": 0.17964071856287425, ""BS_F1"": 0.8829060196876526, ""BS_P"": 0.8973694443702698, ""BS_R"": 0.8689014315605164, ""FAITH"": 0.9732563346624374}",We present a belief-aware vision–language model for egocentric video reasoning that explicitly incorporates latent belief to capture intent and contextual dependencies. Our approach leverages a retrieval-based memory of past multimodal experiences and refining the policy with reinforcement learning. Experiments on the HD-EPIC dataset demonstrate significant improvements over strong baselines across diverse VQA tasks. These results highlight the importance of modeling belief for human-like reasoning and suggest a promising direction for integrating cognitive principles into large multimodal models.,"{""R1_F1"": 0.4979919678714859, ""R1_P"": 0.7560975609756098, ""R1_R"": 0.3712574850299401, ""R2_F1"": 0.1214574898785425, ""R2_P"": 0.18518518518518517, ""R2_R"": 0.09036144578313253, ""R3_F1"": 0.04081632653061225, ""R3_P"": 0.0625, ""R3_R"": 0.030303030303030304, ""RL_F1"": 0.24096385542168675, ""RL_P"": 0.36585365853658536, ""RL_R"": 0.17964071856287425, ""BS_F1"": 0.8829060196876526, ""BS_P"": 0.8973694443702698, ""BS_R"": 0.8689014315605164, ""FAITH"": 0.9732563346624374}",lora_t5_r16_alpha32
10,"Continual Learning (CL) aims to train neural networks on a dynamic stream of tasks without forgetting previously learned knowledge. Among optimization-based approaches, C-Flat has emerged as a promising solution due to its plug-and-play nature and its ability to encourage uniformly low-loss regions for both new and old tasks. However, C-Flat requires three additional gradient computations per iteration, imposing substantial overhead on the optimization process. In this work, we propose C-Flat Turbo, a faster yet stronger optimizer that significantly reduces the training cost. We show that the gradients associated with first-order flatness contain direction-invariant components relative to the proxy-model gradients, enabling us to skip redundant gradient computations in the perturbed ascent steps. Moreover, we observe that these flatness-promoting gradients progressively stabilize across tasks, which motivates a linear scheduling strategy with an adaptive trigger to allocate larger turbo steps for later tasks. Experiments show that C-Flat Turbo is 1.0× to 1.25× faster than C-Flat across a wide range of CL methods, while achieving comparable or even improved accuracy.",continual learning (CL) is a process of learning incrementally . a major obstacle is catastrophic forgetting . various approaches have been proposed to address this challenge .,"{""R1_F1"": 0.13658536585365852, ""R1_P"": 0.5833333333333334, ""R1_R"": 0.07734806629834254, ""R2_F1"": 0.019704433497536946, ""R2_P"": 0.08695652173913043, ""R2_R"": 0.011111111111111112, ""R3_F1"": 0.009950248756218907, ""R3_P"": 0.045454545454545456, ""R3_R"": 0.00558659217877095, ""RL_F1"": 0.0878048780487805, ""RL_P"": 0.375, ""RL_R"": 0.049723756906077346, ""BS_F1"": 0.8258817195892334, ""BS_P"": 0.8542956113815308, ""BS_R"": 0.7992970943450928, ""FAITH"": 0.9363462726275126}","Continuous learning (CL) is expected to absorb new knowledge incrementally, but catastrophic forgetting remains a major obstacle. Existing methods have demonstrated that sharpness-aware minimization can improve generalization and mitigate forgetting. However, existing approaches lack the robustness to adapt to flat regions, limiting their effectiveness. To address this challenge, we propose C-Flat Turbo, an adaptive optimization framework that optimizes for flat regions. We show that C-Flat Turbo can be seamlessly plugged into a wide range of CL methods to provide consistent training speedups. Our results demonstrate that adaptively modifying the oracle gradient can yield tangible efficiency gains in continual learning, and that C-Flat Turbo can be seamlessly plugged into a wide range of CL methods.","{""R1_F1"": 0.39464882943143814, ""R1_P"": 0.5, ""R1_R"": 0.3259668508287293, ""R2_F1"": 0.12121212121212123, ""R2_P"": 0.15384615384615385, ""R2_R"": 0.1, ""R3_F1"": 0.08135593220338982, ""R3_P"": 0.10344827586206896, ""R3_R"": 0.0670391061452514, ""RL_F1"": 0.24080267558528426, ""RL_P"": 0.3050847457627119, ""RL_R"": 0.19889502762430938, ""BS_F1"": 0.8677632808685303, ""BS_P"": 0.8830410242080688, ""BS_R"": 0.8530051708221436, ""FAITH"": 0.830522800485293}","Continuous learning (CL) is expected to absorb new knowledge incrementally, but catastrophic forgetting remains a major obstacle. Existing methods have demonstrated that sharpness-aware minimization can improve generalization and mitigate forgetting. However, existing approaches lack the robustness to adapt to flat regions, limiting their effectiveness. To address this challenge, we propose C-Flat Turbo, an adaptive optimization framework that optimizes for flat regions. We show that C-Flat Turbo can be seamlessly plugged into a wide range of CL methods to provide consistent training speedups.","{""R1_F1"": 0.3609022556390978, ""R1_P"": 0.5647058823529412, ""R1_R"": 0.26519337016574585, ""R2_F1"": 0.12878787878787878, ""R2_P"": 0.20238095238095238, ""R2_R"": 0.09444444444444444, ""R3_F1"": 0.09160305343511449, ""R3_P"": 0.14457831325301204, ""R3_R"": 0.0670391061452514, ""RL_F1"": 0.2330827067669173, ""RL_P"": 0.36470588235294116, ""RL_R"": 0.1712707182320442, ""BS_F1"": 0.8699939250946045, ""BS_P"": 0.8890784382820129, ""BS_R"": 0.8517115116119385, ""FAITH"": 0.8006307303905487}",lora_t5_r16_alpha32
1,"Conventional RGB-based high dynamic range (HDR) imaging faces a fundamental trade-off between motion artifacts in multi-exposure captures and irreversible information loss in single-shot techniques. Modulo sensors offer a promising alternative by encoding theoretically unbounded dynamic range into wrapped measurements. However, existing modulo solutions remain bottlenecked by iterative unwrapping overhead and hardware constraints limiting them to low-speed, grayscale capture. In this work, we present a complete modulo-based HDR imaging system that enables high-speed, full-color HDR acquisition by synergistically advancing both the sensing formulation and the unwrapping algorithm. At the core of our approach is an exposure-decoupled formulation of modulo imaging that allows multiple measurements to be interleaved in time, preserving a clean, observation-wise measurement model. Building upon this, we introduce an iteration-free unwrapping algorithm that integrates diffusion-based generative priors with the physical least absolute remainder property of modulo images, supporting highly efficient, physics-consistent HDR reconstruction. Finally, to validate the practical viability of our system, we demonstrate a proof-of-concept hardware implementation based on modulo-encoded spike streams. This setup preserves the native high temporal resolution of spike cameras, achieving 1000 FPS full-color imaging while reducing output data bandwidth from approximately 20 Gbps to 6 Gbps. Extensive evaluations indicate that our coordinated approach successfully overcomes key systemic bottlenecks, demonstrating the feasibility of deploying modulo imaging in dynamic scenarios.",high dynamic range (HDR) imaging has become an essential area of study . we introduce a cyclic encoding that embeds into a sinusoidal space . it can operate robustly for FPS HDR imaging with a s unwrapping time per frame .,"{""R1_F1"": 0.15613382899628253, ""R1_P"": 0.5526315789473685, ""R1_R"": 0.09090909090909091, ""R2_F1"": 0.0449438202247191, ""R2_P"": 0.16216216216216217, ""R2_R"": 0.02608695652173913, ""R3_F1"": 0.022641509433962263, ""R3_P"": 0.08333333333333333, ""R3_R"": 0.013100436681222707, ""RL_F1"": 0.09665427509293681, ""RL_P"": 0.34210526315789475, ""RL_R"": 0.05627705627705628, ""BS_F1"": 0.8384864926338196, ""BS_P"": 0.8616694808006287, ""BS_R"": 0.8165181875228882, ""FAITH"": 0.9865121046702067}","High dynamic range (HDR) imaging has become an essential area of study for preserving perceptual visual quality and ensuring the robustness of downstream computer vision tasks. To achieve HDR imaging, we propose a modulo-based unwrapping algorithm that embeds into a sinusoidal space, enabling the refiner to explicitly reason about modulo periodicity. The proposed algorithm is based on a non-Bayer chromatic sampling pattern that favors direct full-color acquisition at the cost of reduced spatial resolution. Extensive experiments on synthetic benchmarks, downstream application scenarios, and real-captured data collectively demonstrate the practical viability of our system.","{""R1_F1"": 0.33536585365853655, ""R1_P"": 0.5670103092783505, ""R1_R"": 0.23809523809523808, ""R2_F1"": 0.10429447852760738, ""R2_P"": 0.17708333333333334, ""R2_R"": 0.07391304347826087, ""R3_F1"": 0.04938271604938271, ""R3_P"": 0.08421052631578947, ""R3_R"": 0.034934497816593885, ""RL_F1"": 0.1646341463414634, ""RL_P"": 0.27835051546391754, ""RL_R"": 0.11688311688311688, ""BS_F1"": 0.8560890555381775, ""BS_P"": 0.8677343130111694, ""BS_R"": 0.844752311706543, ""FAITH"": 0.9270862191915512}","High dynamic range (HDR) imaging has become an essential area of study for preserving perceptual visual quality and ensuring the robustness of downstream computer vision tasks. To achieve HDR imaging, we propose a modulo-based unwrapping algorithm that embeds into a sinusoidal space, enabling the refiner to explicitly reason about modulo periodicity. The proposed algorithm is based on a non-Bayer chromatic sampling pattern that favors direct full-color acquisition at the cost of reduced spatial resolution. Extensive experiments on synthetic benchmarks, downstream application scenarios, and real-captured data collectively demonstrate the practical viability of our system.","{""R1_F1"": 0.33536585365853655, ""R1_P"": 0.5670103092783505, ""R1_R"": 0.23809523809523808, ""R2_F1"": 0.10429447852760738, ""R2_P"": 0.17708333333333334, ""R2_R"": 0.07391304347826087, ""R3_F1"": 0.04938271604938271, ""R3_P"": 0.08421052631578947, ""R3_R"": 0.034934497816593885, ""RL_F1"": 0.1646341463414634, ""RL_P"": 0.27835051546391754, ""RL_R"": 0.11688311688311688, ""BS_F1"": 0.8560890555381775, ""BS_P"": 0.8677343130111694, ""BS_R"": 0.844752311706543, ""FAITH"": 0.9270862191915512}",lora_t5_r16_alpha16
2,"The rapid progress of Artificial Intelligence Generated Content (AIGC) tools enables images, videos, and visualizations to be created on demand for webpage design, offering a flexible and increasingly adopted paradigm for modern UI/UX. However, directly integrating such tools into automated webpage generation often leads to style inconsistency and poor global coherence, as elements are generated in isolation. We propose MM-WebAgent, a hierarchical agentic framework for multimodal webpage generation that coordinates AIGC-based element generation through hierarchical planning and iterative self-reflection. MM-WebAgent jointly optimizes global layout, local multimodal content, and their integration, producing coherent and visually consistent webpages. We further introduce MM-WebGEN-Bench and a multi-level evaluation protocol for systematic assessment. Experiments demonstrate that MM-WebAgent outperforms code-generation and agent-based baselines, especially on multimodal element generation and integration.","webpage generation is a practical and high-impact application of large language models . real-world webpages contain heterogeneous multimodal elements such as images, videos, and charts . most existing pipelines populate these elements via retrieval or placeholders .","{""R1_F1"": 0.16374269005847952, ""R1_P"": 0.3888888888888889, ""R1_R"": 0.1037037037037037, ""R2_F1"": 0.04733727810650888, ""R2_P"": 0.11428571428571428, ""R2_R"": 0.029850746268656716, ""R3_F1"": 0.011976047904191616, ""R3_P"": 0.029411764705882353, ""R3_R"": 0.007518796992481203, ""RL_F1"": 0.09356725146198831, ""RL_P"": 0.2222222222222222, ""RL_R"": 0.05925925925925926, ""BS_F1"": 0.8453391790390015, ""BS_P"": 0.8628673553466797, ""BS_R"": 0.8285089731216431, ""FAITH"": 0.9229950110117594}","Webpage generation is a practical and high-impact application of large language models (LLMs). However, most existing pipelines populate multimodal elements such as images, videos, and charts via retrieval or placeholders, and then generate or insert assets independently. This often leads to (i) across elements, (ii) between generated media and reserved slots, and (iii) after assets are composed into the page. To address these issues, we propose a new framework that integrates multimodal content generation with native multimodal asset generation. The system evaluates each element to identify potential visual or semantic issues and generates corresponding refinement instructions, which are then executed via specialized agents, such as image editing models, or localized HTML/CSS updates. We evaluate under different webpage generation paradigms:layout, style, and aesthetics measure global page-level quality, while image, video, and chart assess the quality and integration of local multimodal elements. We demonstrate that this approach achieves the best performance on both global and local metrics, with an average score of 0.75. These results highlight the limitation of code-only generation pipelines and demonstrate the advantage of treating multimodal content generation as a first-class action within the agent loop.","{""R1_F1"": 0.39513677811550146, ""R1_P"": 0.33505154639175255, ""R1_R"": 0.48148148148148145, ""R2_F1"": 0.07339449541284404, ""R2_P"": 0.06217616580310881, ""R2_R"": 0.08955223880597014, ""R3_F1"": 0.012307692307692308, ""R3_P"": 0.010416666666666666, ""R3_R"": 0.015037593984962405, ""RL_F1"": 0.1884498480243161, ""RL_P"": 0.15979381443298968, ""RL_R"": 0.22962962962962963, ""BS_F1"": 0.8572607636451721, ""BS_P"": 0.853387713432312, ""BS_R"": 0.8611690998077393, ""FAITH"": 0.8896425142884254}","Webpage generation is a practical and high-impact application of large language models (LLMs). However, most existing pipelines populate multimodal elements such as images, videos, and charts via retrieval or placeholders, and then generate or insert assets independently. This often leads to (i) across elements, (ii) between generated media and reserved slots, and (iii) after assets are composed into the page. To address these issues, we propose a new framework that integrates multimodal content generation with native multimodal asset generation. The system evaluates each element to identify potential visual or semantic issues and generates corresponding refinement instructions, which are then executed via specialized agents, such as image editing models, or localized HTML/CSS updates. We evaluate under different webpage generation paradigms:layout, style, and aesthetics measure global page-level quality, while image, video, and chart assess the quality and integration of local multimodal elements. We demonstrate that this approach achieves the best performance on both global and local metrics, with an average score of 0.75.","{""R1_F1"": 0.40531561461794025, ""R1_P"": 0.3674698795180723, ""R1_R"": 0.45185185185185184, ""R2_F1"": 0.08026755852842808, ""R2_P"": 0.07272727272727272, ""R2_R"": 0.08955223880597014, ""R3_F1"": 0.013468013468013467, ""R3_P"": 0.012195121951219513, ""R3_R"": 0.015037593984962405, ""RL_F1"": 0.186046511627907, ""RL_P"": 0.1686746987951807, ""RL_R"": 0.2074074074074074, ""BS_F1"": 0.857248842716217, ""BS_P"": 0.854856014251709, ""BS_R"": 0.8596550822257996, ""FAITH"": 0.8807339327675956}",lora_t5_r16_alpha16
3,"While LLMs have demonstrated remarkable potential in Question Answering (QA), evaluating personalization remains a critical bottleneck. Existing paradigms predominantly rely on lexical-level similarity or manual heuristics, often lacking sufficient data-driven validation. We address this by mining Community-Individual Preference Divergence (CIPD), where individual choices override consensus, to distill six key personalization factors as evaluative dimensions. Accordingly, we introduce CoPA, a benchmark with 1,985 user profiles for fine-grained, factor-level assessment. By quantifying the alignment between model outputs and user-specific cognitive preferences inferred from interaction patterns, CoPA provides a more comprehensive and discriminative standard for evaluating personalized QA than generic metrics. The code is available at .","Personalized Question Answering (QA) marks a paradigm shift from static, generic responses to dynamic, user-centric knowledge delivery .","{""R1_F1"": 0.15625, ""R1_P"": 0.5555555555555556, ""R1_R"": 0.09090909090909091, ""R2_F1"": 0.031746031746031744, ""R2_P"": 0.11764705882352941, ""R2_R"": 0.01834862385321101, ""R3_F1"": 0.016129032258064516, ""R3_P"": 0.0625, ""R3_R"": 0.009259259259259259, ""RL_F1"": 0.10937499999999997, ""RL_P"": 0.3888888888888889, ""RL_R"": 0.06363636363636363, ""BS_F1"": 0.8520329594612122, ""BS_P"": 0.8883365988731384, ""BS_R"": 0.818580150604248, ""FAITH"": 0.980903148651123}","Large Language Models (LLMs) have significantly advanced personalized QA methods, enabling them to dynamically generate tailored responses. However, existing evaluation protocols for personalized generative responses remain limited due to the inherent biases of LLMs. To address this challenge, we propose a framework that leverages large language models (LLMs) at multiple stages, including principle induction, factor distillation, and evaluation. This framework incorporates a human-in-the-loop validation mechanism to ensure the quality of the generated outputs. We demonstrate that our framework is robust enough to distinguish the user’s personal choice from the community consensus. Our framework is highly dependent on Large Language Models (LLMs) at multiple stages, including principle induction, factor distillation, and evaluation.","{""R1_F1"": 0.3555555555555555, ""R1_P"": 0.34782608695652173, ""R1_R"": 0.36363636363636365, ""R2_F1"": 0.026905829596412554, ""R2_P"": 0.02631578947368421, ""R2_R"": 0.027522935779816515, ""R3_F1"": 0.0, ""R3_P"": 0.0, ""R3_R"": 0.0, ""RL_F1"": 0.16, ""RL_P"": 0.1565217391304348, ""RL_R"": 0.16363636363636364, ""BS_F1"": 0.8471881151199341, ""BS_P"": 0.8529276847839355, ""BS_R"": 0.8415252566337585, ""FAITH"": 0.5286156435807546}","Large Language Models (LLMs) have significantly advanced personalized QA methods, enabling them to dynamically generate tailored responses. However, existing evaluation protocols for personalized generative responses remain limited due to the inherent biases of LLMs. This framework incorporates a human-in-the-loop validation mechanism to ensure the quality of the generated outputs. We demonstrate that our framework is robust enough to distinguish the user’s personal choice from the community consensus.","{""R1_F1"": 0.3093922651933701, ""R1_P"": 0.39436619718309857, ""R1_R"": 0.2545454545454545, ""R2_F1"": 0.0223463687150838, ""R2_P"": 0.02857142857142857, ""R2_R"": 0.01834862385321101, ""R3_F1"": 0.0, ""R3_P"": 0.0, ""R3_R"": 0.0, ""RL_F1"": 0.15469613259668505, ""RL_P"": 0.19718309859154928, ""RL_R"": 0.12727272727272726, ""BS_F1"": 0.8542980551719666, ""BS_P"": 0.8717531561851501, ""BS_R"": 0.8375281095504761, ""FAITH"": 0.31738194823265076}",lora_t5_r16_alpha16
4,"Large vision-language models (VLMs) are enabling interactive video reasoning, giving rise to streaming long-video understanding. In this setting, frames arrive continuously, while the system preserves long-term context and generates responses under strict latency constraints. A central challenge is KVCache management:as video streams grow, KVCache expands rapidly, increasing computation and memory overhead. Existing retrieval-based approaches exploit attention sparsity and offload inactive KVCache from GPU to CPU memory, but their token-level design causes high management overhead and fragmented data movement. We present Mosaic, the first cluster-driven VLM inference system for streaming long-video understanding. Our key insight is that VLM KVCache exhibits an implicit cross-modal clustering structure:retrieved KV states form groups jointly shaped by visual coherence and semantic relevance. Based on this observation, Mosaic uses cross-modal clusters as the basic unit of KVCache organization, maintenance, and retrieval. Evaluations show that Mosaic outperforms state-of-the-art baselines, achieving up to speedup.","early studies centered on static image-text pairs, but many of these emerging applications operate over continuous video streams . to overcome memory bottlenecks, a promising approach is to offload KVCache to CPU memory and retrieve it dynamically based on attention sparsity .","{""R1_F1"": 0.22, ""R1_P"": 0.5365853658536586, ""R1_R"": 0.13836477987421383, ""R2_F1"": 0.06060606060606061, ""R2_P"": 0.15, ""R2_R"": 0.0379746835443038, ""R3_F1"": 0.010204081632653062, ""R3_P"": 0.02564102564102564, ""R3_R"": 0.006369426751592357, ""RL_F1"": 0.14, ""RL_P"": 0.34146341463414637, ""RL_R"": 0.0880503144654088, ""BS_F1"": 0.8441630601882935, ""BS_P"": 0.8598871231079102, ""BS_R"": 0.8290036916732788, ""FAITH"": 0.9622853994369507}","Large vision-language models (VLMs) have emerged as a promising alternative to text-only LLMs. However, their performance is limited by the complexity of the visual inputs and the complexity of the visual inputs. To address these challenges, we propose a cluster-driven VLM inference system for streaming long video understanding. The system leverages cross-modal clustering of VLM KVCache, which enables efficient KVCache organization, maintenance, and retrieval. This approach enables efficient KVCache organization, maintenance, and retrieval, leading to improved overall system performance.","{""R1_F1"": 0.4132231404958677, ""R1_P"": 0.6024096385542169, ""R1_R"": 0.31446540880503143, ""R2_F1"": 0.18333333333333332, ""R2_P"": 0.2682926829268293, ""R2_R"": 0.13924050632911392, ""R3_F1"": 0.12605042016806722, ""R3_P"": 0.18518518518518517, ""R3_R"": 0.09554140127388536, ""RL_F1"": 0.25619834710743805, ""RL_P"": 0.37349397590361444, ""RL_R"": 0.1949685534591195, ""BS_F1"": 0.8749632835388184, ""BS_P"": 0.8934617042541504, ""BS_R"": 0.857215404510498, ""FAITH"": 0.7671197652816772}","Large vision-language models (VLMs) have emerged as a promising alternative to text-only LLMs. To address these challenges, we propose a cluster-driven VLM inference system for streaming long video understanding. The system leverages cross-modal clustering of VLM KVCache, which enables efficient KVCache organization, maintenance, and retrieval.","{""R1_F1"": 0.33653846153846156, ""R1_P"": 0.7142857142857143, ""R1_R"": 0.22012578616352202, ""R2_F1"": 0.20388349514563103, ""R2_P"": 0.4375, ""R2_R"": 0.13291139240506328, ""R3_F1"": 0.14705882352941177, ""R3_P"": 0.3191489361702128, ""R3_R"": 0.09554140127388536, ""RL_F1"": 0.2596153846153846, ""RL_P"": 0.5510204081632653, ""RL_R"": 0.16981132075471697, ""BS_F1"": 0.8854237198829651, ""BS_P"": 0.9139931201934814, ""BS_R"": 0.8585861921310425, ""FAITH"": 0.9610189398129781}",lora_t5_r16_alpha16
5,"Functional magnetic resonance imaging (fMRI) is widely used for studying and diagnosing brain disorders, with functional connectivity (FC) matrices providing powerful representations of large-scale neural interactions. However, existing diagnostic models are trained either on a single site or under full multi-site access, making them unsuitable for real-world scenarios where clinical data arrive sequentially from different institutions. This results in limited generalization and severe catastrophic forgetting. This paper presents the first continual learning framework specifically designed for fMRI-based diagnosis across heterogeneous clinical sites. Our framework introduces a structure-aware variational autoencoder that synthesizes realistic FC matrices for both patient and control groups. Built on this generative backbone, we develop a multi-level knowledge distillation strategy that aligns predictions and graph representations between new-site data and replayed samples. To further enhance efficiency, we incorporate a hierarchical contextual bandit scheme for adaptive replay sampling. Experiments on multi-site datasets for major depressive disorder (MDD), schizophrenia (SZ), and autism spectrum disorder (ASD) show that the proposed generative model enhances data augmentation quality, and the overall continual learning framework substantially outperforms existing methods in mitigating catastrophic forgetting. Our code is available at .",functional magnetic resonance imaging (fMRI) is a non-invasive technique that measures brain activity through blood-oxygen-level-dependent (BOLD) signals . existing fMRI-based diagnostic models exhibit limited reliability for practical clinical deployment .,"{""R1_F1"": 0.16, ""R1_P"": 0.5454545454545454, ""R1_R"": 0.09375, ""R2_F1"": 0.06278026905829596, ""R2_P"": 0.21875, ""R2_R"": 0.03664921465968586, ""R3_F1"": 0.03619909502262443, ""R3_P"": 0.12903225806451613, ""R3_R"": 0.021052631578947368, ""RL_F1"": 0.11555555555555555, ""RL_P"": 0.3939393939393939, ""RL_R"": 0.06770833333333333, ""BS_F1"": 0.8342001438140869, ""BS_P"": 0.8615247011184692, ""BS_R"": 0.8085556030273438, ""FAITH"": 0.9822739362716675}","Functional magnetic resonance imaging (fMRI) is a non-invasive technique that measures brain activity through blood-oxygen-level-dependent (BOLD) signals. However, existing fMRI-based diagnostic models still exhibit limited reliability for practical clinical deployment. We introduce FORGE, the first continual learning framework for fMRI-based brain disorder diagnosis. FCM-VAE is a structure-aware generative model that synthesizes high-quality functional connectivity matrices, providing a viable solution for privacy-preserving replay in clinical environments. Experiments on three large-scale neuroimaging datasets demonstrate consistent improvements in accuracy and substantial reductions in forgetting compared with state-of-the-art approaches.","{""R1_F1"": 0.4054982817869416, ""R1_P"": 0.5959595959595959, ""R1_R"": 0.3072916666666667, ""R2_F1"": 0.1522491349480969, ""R2_P"": 0.22448979591836735, ""R2_R"": 0.11518324607329843, ""R3_F1"": 0.0627177700348432, ""R3_P"": 0.09278350515463918, ""R3_R"": 0.04736842105263158, ""RL_F1"": 0.26116838487972505, ""RL_P"": 0.3838383838383838, ""RL_R"": 0.19791666666666666, ""BS_F1"": 0.8687300086021423, ""BS_P"": 0.8851275444030762, ""BS_R"": 0.8529289960861206, ""FAITH"": 0.9655927062034607}","Functional magnetic resonance imaging (fMRI) is a non-invasive technique that measures brain activity through blood-oxygen-level-dependent (BOLD) signals. However, existing fMRI-based diagnostic models still exhibit limited reliability for practical clinical deployment. We introduce FORGE, the first continual learning framework for fMRI-based brain disorder diagnosis. FCM-VAE is a structure-aware generative model that synthesizes high-quality functional connectivity matrices, providing a viable solution for privacy-preserving replay in clinical environments. Experiments on three large-scale neuroimaging datasets demonstrate consistent improvements in accuracy and substantial reductions in forgetting compared with state-of-the-art approaches.","{""R1_F1"": 0.4054982817869416, ""R1_P"": 0.5959595959595959, ""R1_R"": 0.3072916666666667, ""R2_F1"": 0.1522491349480969, ""R2_P"": 0.22448979591836735, ""R2_R"": 0.11518324607329843, ""R3_F1"": 0.0627177700348432, ""R3_P"": 0.09278350515463918, ""R3_R"": 0.04736842105263158, ""RL_F1"": 0.26116838487972505, ""RL_P"": 0.3838383838383838, ""RL_R"": 0.19791666666666666, ""BS_F1"": 0.8687300086021423, ""BS_P"": 0.8851275444030762, ""BS_R"": 0.8529289960861206, ""FAITH"": 0.9655927062034607}",lora_t5_r16_alpha16
6,"We study the Stokes–Poisson–Boltzmann equations with Dirichlet and Navier boundary conditions. The system consists of the incompressible Stokes equations coupled with a nonlinear Poisson–Boltzmann equation through electrostatic forcing and convective transport effects. To handle the Navier boundary conditions in a unified framework, we employ Nitsche’s method for their weak imposition within a conforming finite element setting. We derive a consistent and stable discrete formulation and establish the well-posedness of the resulting problem. By carefully choosing the penalty parameters, the bilinear form is shown to be coercive and continuous. A priori error estimates are proved in the natural energy norms, yielding optimal-order convergence under suitable regularity assumptions. Furthermore, we develop residual-based a posteriori error estimators that incorporate element residuals, inter-element jump residuals, and boundary residuals arising from the Nitsche formulation. The estimators are shown to be reliable and locally efficient. Numerical experiments confirm the theoretical results and demonstrate the robustness and accuracy of the proposed method for the Stokes–Poisson–Boltzmann system.","electrically charged fluid flows play an important role in several chemical applications, such as the design of nanopores for biomedical devices and the modelling of water purification systems . in this process, the motion of an electrolyte is driven by thin electric double layers that attract and repel ions near charged surfaces .","{""R1_F1"": 0.13636363636363635, ""R1_P"": 0.29411764705882354, ""R1_R"": 0.08875739644970414, ""R2_F1"": 0.0, ""R2_P"": 0.0, ""R2_R"": 0.0, ""R3_F1"": 0.0, ""R3_P"": 0.0, ""R3_R"": 0.0, ""RL_F1"": 0.0909090909090909, ""RL_P"": 0.19607843137254902, ""RL_R"": 0.05917159763313609, ""BS_F1"": 0.7929309010505676, ""BS_P"": 0.806043803691864, ""BS_R"": 0.7802377939224243, ""FAITH"": 0.9824761748313904}","Electro-osmosis is one of the simplest mechanisms for transporting electrically charged fluid without mechanical pumping. In many simplified situations, the electric charge density can be directly related to the electrostatic potential through simplified forms of the Poisson–Boltzmann equation. However, the boundary conditions are not homogeneous enough to significantly influence the distribution of the electrostatic potential within the double layer. We propose Banach’s fixed-point theorem combined with the Babuka-Brezzi theory and the Minty-Browder theorem. Under suitable small data assumptions, we establish the existence and uniqueness of the discrete solution using Banach’s fixed-point theorem combined with the Babuka-Brezzi theory and the Minty-Browder theorem. Furthermore, a residual-based a posteriori error estimator is developed and analyzed, with its reliability and efficiency rigorously established.","{""R1_F1"": 0.4080267558528428, ""R1_P"": 0.46923076923076923, ""R1_R"": 0.3609467455621302, ""R2_F1"": 0.09427609427609426, ""R2_P"": 0.10852713178294573, ""R2_R"": 0.08333333333333333, ""R3_F1"": 0.03389830508474576, ""R3_P"": 0.0390625, ""R3_R"": 0.029940119760479042, ""RL_F1"": 0.21404682274247494, ""RL_P"": 0.24615384615384617, ""RL_R"": 0.1893491124260355, ""BS_F1"": 0.8525984883308411, ""BS_P"": 0.854252815246582, ""BS_R"": 0.8509506583213806, ""FAITH"": 0.9153214593728384}","Electro-osmosis is one of the simplest mechanisms for transporting electrically charged fluid without mechanical pumping. In many simplified situations, the electric charge density can be directly related to the electrostatic potential through simplified forms of the Poisson–Boltzmann equation. We propose Banach’s fixed-point theorem combined with the Babuka-Brezzi theory and the Minty-Browder theorem. Furthermore, a residual-based a posteriori error estimator is developed and analyzed, with its reliability and efficiency rigorously established.","{""R1_F1"": 0.3252032520325203, ""R1_P"": 0.5194805194805194, ""R1_R"": 0.23668639053254437, ""R2_F1"": 0.0819672131147541, ""R2_P"": 0.13157894736842105, ""R2_R"": 0.05952380952380952, ""R3_F1"": 0.04132231404958677, ""R3_P"": 0.06666666666666667, ""R3_R"": 0.029940119760479042, ""RL_F1"": 0.18699186991869918, ""RL_P"": 0.2987012987012987, ""RL_R"": 0.13609467455621302, ""BS_F1"": 0.8480849862098694, ""BS_P"": 0.8557474613189697, ""BS_R"": 0.8405585289001465, ""FAITH"": 0.9648722857236862}",lora_t5_r16_alpha16
7,"Existing age estimation methods treat each face as an independent sample, learning a global mapping from appearance to age. This ignores a well-documented phenomenon:individuals age at different rates due to genetics, lifestyle, and health, making the mapping from face to age identity-dependent. When reference images of the same person with known ages are available, we can exploit this context to personalize the estimate. The only existing benchmark for this task (NIST FRVT) is closed-source and limited to a single reference image. In this work, we introduce OpenPAE, the first open benchmark for -shot personalized age estimation with strict evaluation protocols. We establish a hierarchy of increasingly sophisticated baselines:from arithmetic offset, through closed-form Bayesian linear regression, to a conditional attentive neural process. Our experiments show that personalization consistently improves performance, that the gains are not merely domain adaptation, and that nonlinear methods significantly outperform simpler alternatives. We release all models, code, protocols, and evaluation splits.","standard approaches learn a global mapping from facial appearance to age, treating each face as an independent sample drawn from a shared population . the difference between a person’s apparent age and their chronological age is heavily modulated by genetics, health, and lifestyle .","{""R1_F1"": 0.2857142857142857, ""R1_P"": 0.6744186046511628, ""R1_R"": 0.18125, ""R2_F1"": 0.11940298507462686, ""R2_P"": 0.2857142857142857, ""R2_R"": 0.07547169811320754, ""R3_F1"": 0.09045226130653265, ""R3_P"": 0.21951219512195122, ""R3_R"": 0.056962025316455694, ""RL_F1"": 0.15763546798029557, ""RL_P"": 0.37209302325581395, ""RL_R"": 0.1, ""BS_F1"": 0.8604599833488464, ""BS_P"": 0.8904221057891846, ""BS_R"": 0.8324486017227173, ""FAITH"": 0.9519244730472565}","We propose Attention Global (Attn-G), a nonlinear age estimation benchmark for face-based age estimation. The benchmark is based on the CSFD dataset and tests across diverse target datasets. This benchmark explicitly evaluates the performance of the personalized model under severe distribution shifts. We demonstrate that human aging trajectories are highly complex and identity-dependent; effectively modeling them requires deep models and joint-context aggregation rather than simple arithmetic offsets. In this paper, we introduce Attention Global (Attn-G) to standardize evaluation across diverse, cross-domain datasets. Our extensive baseline evaluation demonstrates that human aging trajectories are highly complex and identity-dependent; effectively modeling them requires deep models and joint-context aggregation rather than simple arithmetic offsets.","{""R1_F1"": 0.35251798561151076, ""R1_P"": 0.4152542372881356, ""R1_R"": 0.30625, ""R2_F1"": 0.06521739130434784, ""R2_P"": 0.07692307692307693, ""R2_R"": 0.05660377358490566, ""R3_F1"": 0.0, ""R3_P"": 0.0, ""R3_R"": 0.0, ""RL_F1"": 0.16546762589928057, ""RL_P"": 0.19491525423728814, ""RL_R"": 0.14375, ""BS_F1"": 0.8404756188392639, ""BS_P"": 0.8464664816856384, ""BS_R"": 0.834568977355957, ""FAITH"": 0.9250421722730001}","We propose Attention Global (Attn-G), a nonlinear age estimation benchmark for face-based age estimation. The benchmark is based on the CSFD dataset and tests across diverse target datasets. This benchmark explicitly evaluates the performance of the personalized model under severe distribution shifts. We demonstrate that human aging trajectories are highly complex and identity-dependent; effectively modeling them requires deep models and joint-context aggregation rather than simple arithmetic offsets.","{""R1_F1"": 0.3116883116883117, ""R1_P"": 0.5070422535211268, ""R1_R"": 0.225, ""R2_F1"": 0.0611353711790393, ""R2_P"": 0.1, ""R2_R"": 0.0440251572327044, ""R3_F1"": 0.0, ""R3_P"": 0.0, ""R3_R"": 0.0, ""RL_F1"": 0.17316017316017315, ""RL_P"": 0.28169014084507044, ""RL_R"": 0.125, ""BS_F1"": 0.8513452410697937, ""BS_P"": 0.864501953125, ""BS_R"": 0.8385829925537109, ""FAITH"": 0.9282797276973724}",lora_t5_r16_alpha16
8,"We consider a coded caching problem with multiple demands under a privacy constraint. In this problem, a server with access to files serves users over a shared link, and each user requests distinct files. The privacy constraint requires that each user obtain no information about the demands of the other users. We propose a new achievable scheme for arbitrary numbers of files and users. The scheme is obtained via a transformation from a non-private coded caching scheme under uncoded placement for files and users, where each user requests one file and the demands are restricted to a subset of all possible demands. We then derive a converse bound, and the proposed scheme is shown to be order optimal within a factor of 6 of this bound.","coded caching, formulated by Maddah-Ali and Niesen in , has received significant attention . the system consists of two phases:a placement phase, where each user fills its cache as a function of the files, and a delivery phase . in the delivery phase, each user requests one file, and the server broadcasts a message to ensure that each user can decode its requested file .","{""R1_F1"": 0.35789473684210527, ""R1_P"": 0.5396825396825397, ""R1_R"": 0.2677165354330709, ""R2_F1"": 0.1382978723404255, ""R2_P"": 0.20967741935483872, ""R2_R"": 0.10317460317460317, ""R3_F1"": 0.07526881720430108, ""R3_P"": 0.11475409836065574, ""R3_R"": 0.056, ""RL_F1"": 0.2105263157894737, ""RL_P"": 0.31746031746031744, ""RL_R"": 0.15748031496062992, ""BS_F1"": 0.8369458317756653, ""BS_P"": 0.8383491039276123, ""BS_R"": 0.8355472087860107, ""FAITH"": 0.9475433826446533}","Coded caching is a new problem in which a server accessing a library of files serves users over an error-free shared link, where each user requests one file and the server broadcasts a message to ensure that each user can decode its requested file based on its cache size and the worst-case rate of the broadcast message. However, order optimality for this problem has not been established in all parameter regimes. In this paper, we propose a new achievable scheme for demand-private coded caching with multiple demands by proposing a transformation from an RD-NP-UCC scheme to a scheme for demand-private coded caching with multiple demands. The proposed scheme is based on a transformation from an RD-NP-UCC scheme to a scheme for demand-private coded caching with multiple demands. We also establish a converse bound, showing that the proposed scheme is order optimal within a factor of .","{""R1_F1"": 0.5836298932384341, ""R1_P"": 0.5324675324675324, ""R1_R"": 0.6456692913385826, ""R2_F1"": 0.3225806451612903, ""R2_P"": 0.29411764705882354, ""R2_R"": 0.35714285714285715, ""R3_F1"": 0.17328519855595667, ""R3_P"": 0.15789473684210525, ""R3_R"": 0.192, ""RL_F1"": 0.398576512455516, ""RL_P"": 0.36363636363636365, ""RL_R"": 0.4409448818897638, ""BS_F1"": 0.8886854648590088, ""BS_P"": 0.8813760876655579, ""BS_R"": 0.896117091178894, ""FAITH"": 0.8318834900856018}","Coded caching is a new problem in which a server accessing a library of files serves users over an error-free shared link, where each user requests one file and the server broadcasts a message to ensure that each user can decode its requested file based on its cache size and the worst-case rate of the broadcast message. However, order optimality for this problem has not been established in all parameter regimes.","{""R1_F1"": 0.44, ""R1_P"": 0.6027397260273972, ""R1_R"": 0.3464566929133858, ""R2_F1"": 0.2121212121212121, ""R2_P"": 0.2916666666666667, ""R2_R"": 0.16666666666666666, ""R3_F1"": 0.09183673469387754, ""R3_P"": 0.1267605633802817, ""R3_R"": 0.072, ""RL_F1"": 0.31, ""RL_P"": 0.4246575342465753, ""RL_R"": 0.2440944881889764, ""BS_F1"": 0.8695510625839233, ""BS_P"": 0.8808417320251465, ""BS_R"": 0.8585461974143982, ""FAITH"": 0.6564683616161346}",lora_t5_r16_alpha16
9,"Traditional neural network models for intent inference rely heavily on observable states and struggle to generalize across diverse tasks and dynamic environments. Recent advances in Vision–Language Models (VLMs) and Vision–Language–Action (VLA) models introduce common-sense reasoning through large-scale multimodal pretraining, enabling zero-shot performance across tasks. However, these models still lack explicit mechanisms to represent and update belief, limiting their ability to reason like humans or capture the evolving human intent over long-horizon. To address this, we propose a belief-aware VLM framework that integrates retrieval-based memory and reinforcement learning. Instead of learning an explicit belief model, we approximate belief using a vector-based memory that retrieves relevant multimodal context, which is incorporated into the VLM for reasoning. We further refine decision-making using a reinforcement learning policy over the VLM latent space. We evaluate our approach on publicly available VQA datasets such as HD-EPIC and demonstrate consistent improvements over zero-shot baselines, highlighting the importance of belief-aware reasoning.","classic frameworks such as Markov Decision Processes (MDPs) and Partially Observable MDPs (POMDPs) explicitly model latent states and belief updates . these formulations have also inspired cognitive models of human reasoning, where agents maintain and update beliefs about others’ intents .","{""R1_F1"": 0.1941747572815534, ""R1_P"": 0.5128205128205128, ""R1_R"": 0.11976047904191617, ""R2_F1"": 0.03921568627450981, ""R2_P"": 0.10526315789473684, ""R2_R"": 0.024096385542168676, ""R3_F1"": 0.009900990099009901, ""R3_P"": 0.02702702702702703, ""R3_R"": 0.006060606060606061, ""RL_F1"": 0.08737864077669905, ""RL_P"": 0.23076923076923078, ""RL_R"": 0.05389221556886228, ""BS_F1"": 0.8347879648208618, ""BS_P"": 0.8533022403717041, ""BS_R"": 0.8170600533485413, ""FAITH"": 0.960046648979187}","We present a belief-aware vision–language model for egocentric video reasoning that explicitly incorporates latent states and belief updates to capture intent and contextual dependencies. Our approach leverages a retrieval-based memory of past multimodal experiences and refining the policy with reinforcement learning, enabling more consistent and goal-directed decision-making compared to standard VLMs. Experiments on the HD-EPIC dataset demonstrate significant improvements over strong baselines across diverse VQA tasks, particularly in scenarios requiring temporal reasoning and intent inference.","{""R1_F1"": 0.47580645161290325, ""R1_P"": 0.7283950617283951, ""R1_R"": 0.3532934131736527, ""R2_F1"": 0.1219512195121951, ""R2_P"": 0.1875, ""R2_R"": 0.09036144578313253, ""R3_F1"": 0.02459016393442623, ""R3_P"": 0.0379746835443038, ""R3_R"": 0.01818181818181818, ""RL_F1"": 0.21774193548387097, ""RL_P"": 0.3333333333333333, ""RL_R"": 0.16167664670658682, ""BS_F1"": 0.8801993131637573, ""BS_P"": 0.8922538161277771, ""BS_R"": 0.8684661984443665, ""FAITH"": 0.950454592704773}","We present a belief-aware vision–language model for egocentric video reasoning that explicitly incorporates latent states and belief updates to capture intent and contextual dependencies. Our approach leverages a retrieval-based memory of past multimodal experiences and refining the policy with reinforcement learning, enabling more consistent and goal-directed decision-making compared to standard VLMs. Experiments on the HD-EPIC dataset demonstrate significant improvements over strong baselines across diverse VQA tasks, particularly in scenarios requiring temporal reasoning and intent inference.","{""R1_F1"": 0.47580645161290325, ""R1_P"": 0.7283950617283951, ""R1_R"": 0.3532934131736527, ""R2_F1"": 0.1219512195121951, ""R2_P"": 0.1875, ""R2_R"": 0.09036144578313253, ""R3_F1"": 0.02459016393442623, ""R3_P"": 0.0379746835443038, ""R3_R"": 0.01818181818181818, ""RL_F1"": 0.21774193548387097, ""RL_P"": 0.3333333333333333, ""RL_R"": 0.16167664670658682, ""BS_F1"": 0.8801993131637573, ""BS_P"": 0.8922538161277771, ""BS_R"": 0.8684661984443665, ""FAITH"": 0.950454592704773}",lora_t5_r16_alpha16
10,"Continual Learning (CL) aims to train neural networks on a dynamic stream of tasks without forgetting previously learned knowledge. Among optimization-based approaches, C-Flat has emerged as a promising solution due to its plug-and-play nature and its ability to encourage uniformly low-loss regions for both new and old tasks. However, C-Flat requires three additional gradient computations per iteration, imposing substantial overhead on the optimization process. In this work, we propose C-Flat Turbo, a faster yet stronger optimizer that significantly reduces the training cost. We show that the gradients associated with first-order flatness contain direction-invariant components relative to the proxy-model gradients, enabling us to skip redundant gradient computations in the perturbed ascent steps. Moreover, we observe that these flatness-promoting gradients progressively stabilize across tasks, which motivates a linear scheduling strategy with an adaptive trigger to allocate larger turbo steps for later tasks. Experiments show that C-Flat Turbo is 1.0× to 1.25× faster than C-Flat across a wide range of CL methods, while achieving comparable or even improved accuracy.",continual learning (CL) is a process of learning incrementally . a major obstacle is catastrophic forgetting . various approaches have been proposed to address this challenge .,"{""R1_F1"": 0.13658536585365852, ""R1_P"": 0.5833333333333334, ""R1_R"": 0.07734806629834254, ""R2_F1"": 0.019704433497536946, ""R2_P"": 0.08695652173913043, ""R2_R"": 0.011111111111111112, ""R3_F1"": 0.009950248756218907, ""R3_P"": 0.045454545454545456, ""R3_R"": 0.00558659217877095, ""RL_F1"": 0.0878048780487805, ""RL_P"": 0.375, ""RL_R"": 0.049723756906077346, ""BS_F1"": 0.8258817195892334, ""BS_P"": 0.8542956113815308, ""BS_R"": 0.7992970943450928, ""FAITH"": 0.9363462726275126}","Continuous learning (CL) is expected to absorb new knowledge incrementally, a process known as continual learning (CL). To address this challenge, several approaches have been proposed to optimize for flat regions. However, these methods lack robust generalization capabilities, and they are often limited by the overhead of estimating the flatness component. We propose C-Flat Turbo, which can be seamlessly plugged into a wide range of CL methods to provide consistent training speedups. Our results show that adaptively modifying the oracle gradient can yield tangible efficiency gains in continual learning.","{""R1_F1"": 0.36162361623616235, ""R1_P"": 0.5444444444444444, ""R1_R"": 0.27071823204419887, ""R2_F1"": 0.08921933085501858, ""R2_P"": 0.1348314606741573, ""R2_R"": 0.06666666666666667, ""R3_F1"": 0.0599250936329588, ""R3_P"": 0.09090909090909091, ""R3_R"": 0.0446927374301676, ""RL_F1"": 0.17712177121771217, ""RL_P"": 0.26666666666666666, ""RL_R"": 0.13259668508287292, ""BS_F1"": 0.8653604984283447, ""BS_P"": 0.883621335029602, ""BS_R"": 0.8478391170501709, ""FAITH"": 0.5190886855125427}","Continuous learning (CL) is expected to absorb new knowledge incrementally, a process known as continual learning (CL). To address this challenge, several approaches have been proposed to optimize for flat regions. However, these methods lack robust generalization capabilities, and they are often limited by the overhead of estimating the flatness component. We propose C-Flat Turbo, which can be seamlessly plugged into a wide range of CL methods to provide consistent training speedups. Our results show that adaptively modifying the oracle gradient can yield tangible efficiency gains in continual learning.","{""R1_F1"": 0.36162361623616235, ""R1_P"": 0.5444444444444444, ""R1_R"": 0.27071823204419887, ""R2_F1"": 0.08921933085501858, ""R2_P"": 0.1348314606741573, ""R2_R"": 0.06666666666666667, ""R3_F1"": 0.0599250936329588, ""R3_P"": 0.09090909090909091, ""R3_R"": 0.0446927374301676, ""RL_F1"": 0.17712177121771217, ""RL_P"": 0.26666666666666666, ""RL_R"": 0.13259668508287292, ""BS_F1"": 0.8653604984283447, ""BS_P"": 0.883621335029602, ""BS_R"": 0.8478391170501709, ""FAITH"": 0.5190886855125427}",lora_t5_r16_alpha16
1,"Conventional RGB-based high dynamic range (HDR) imaging faces a fundamental trade-off between motion artifacts in multi-exposure captures and irreversible information loss in single-shot techniques. Modulo sensors offer a promising alternative by encoding theoretically unbounded dynamic range into wrapped measurements. However, existing modulo solutions remain bottlenecked by iterative unwrapping overhead and hardware constraints limiting them to low-speed, grayscale capture. In this work, we present a complete modulo-based HDR imaging system that enables high-speed, full-color HDR acquisition by synergistically advancing both the sensing formulation and the unwrapping algorithm. At the core of our approach is an exposure-decoupled formulation of modulo imaging that allows multiple measurements to be interleaved in time, preserving a clean, observation-wise measurement model. Building upon this, we introduce an iteration-free unwrapping algorithm that integrates diffusion-based generative priors with the physical least absolute remainder property of modulo images, supporting highly efficient, physics-consistent HDR reconstruction. Finally, to validate the practical viability of our system, we demonstrate a proof-of-concept hardware implementation based on modulo-encoded spike streams. This setup preserves the native high temporal resolution of spike cameras, achieving 1000 FPS full-color imaging while reducing output data bandwidth from approximately 20 Gbps to 6 Gbps. Extensive evaluations indicate that our coordinated approach successfully overcomes key systemic bottlenecks, demonstrating the feasibility of deploying modulo imaging in dynamic scenarios.",high dynamic range (HDR) imaging has become an essential area of study . we introduce a cyclic encoding that embeds into a sinusoidal space . it can operate robustly for FPS HDR imaging with a s unwrapping time per frame .,"{""R1_F1"": 0.15613382899628253, ""R1_P"": 0.5526315789473685, ""R1_R"": 0.09090909090909091, ""R2_F1"": 0.0449438202247191, ""R2_P"": 0.16216216216216217, ""R2_R"": 0.02608695652173913, ""R3_F1"": 0.022641509433962263, ""R3_P"": 0.08333333333333333, ""R3_R"": 0.013100436681222707, ""RL_F1"": 0.09665427509293681, ""RL_P"": 0.34210526315789475, ""RL_R"": 0.05627705627705628, ""BS_F1"": 0.8384864926338196, ""BS_P"": 0.8616694808006287, ""BS_R"": 0.8165181875228882, ""FAITH"": 0.9865121046702067}","High dynamic range (HDR) imaging has become an essential area of study for preserving perceptual visual quality and ensuring the robustness of downstream computer vision tasks. Existing methods typically reconstruct HDR content from conventional LDR observations, but they often fail to explicitly reason about modulo periodicity. To address this problem, we propose a novel modulo-based unwrapping algorithm that focuses on the modulo imaging formulation and does not explicitly address the demosaicing problem. The proposed method is based on a non-Bayer chromatic sampling pattern, which favors direct full-color acquisition at the cost of reduced spatial resolution. Extensive experiments on synthetic benchmarks, downstream application scenarios, and real-captured data collectively demonstrate the practical viability of our system.","{""R1_F1"": 0.33810888252148996, ""R1_P"": 0.5, ""R1_R"": 0.2554112554112554, ""R2_F1"": 0.10374639769452451, ""R2_P"": 0.15384615384615385, ""R2_R"": 0.0782608695652174, ""R3_F1"": 0.04637681159420289, ""R3_P"": 0.06896551724137931, ""R3_R"": 0.034934497816593885, ""RL_F1"": 0.17191977077363896, ""RL_P"": 0.2542372881355932, ""RL_R"": 0.12987012987012986, ""BS_F1"": 0.8585919737815857, ""BS_P"": 0.8679946064949036, ""BS_R"": 0.8493908047676086, ""FAITH"": 0.8875609636306763}","High dynamic range (HDR) imaging has become an essential area of study for preserving perceptual visual quality and ensuring the robustness of downstream computer vision tasks. Existing methods typically reconstruct HDR content from conventional LDR observations, but they often fail to explicitly reason about modulo periodicity. To address this problem, we propose a novel modulo-based unwrapping algorithm that focuses on the modulo imaging formulation and does not explicitly address the demosaicing problem. The proposed method is based on a non-Bayer chromatic sampling pattern, which favors direct full-color acquisition at the cost of reduced spatial resolution. Extensive experiments on synthetic benchmarks, downstream application scenarios, and real-captured data collectively demonstrate the practical viability of our system.","{""R1_F1"": 0.33810888252148996, ""R1_P"": 0.5, ""R1_R"": 0.2554112554112554, ""R2_F1"": 0.10374639769452451, ""R2_P"": 0.15384615384615385, ""R2_R"": 0.0782608695652174, ""R3_F1"": 0.04637681159420289, ""R3_P"": 0.06896551724137931, ""R3_R"": 0.034934497816593885, ""RL_F1"": 0.17191977077363896, ""RL_P"": 0.2542372881355932, ""RL_R"": 0.12987012987012986, ""BS_F1"": 0.8585919737815857, ""BS_P"": 0.8679946064949036, ""BS_R"": 0.8493908047676086, ""FAITH"": 0.8875609636306763}",lora_t5_r32_alpha64
2,"The rapid progress of Artificial Intelligence Generated Content (AIGC) tools enables images, videos, and visualizations to be created on demand for webpage design, offering a flexible and increasingly adopted paradigm for modern UI/UX. However, directly integrating such tools into automated webpage generation often leads to style inconsistency and poor global coherence, as elements are generated in isolation. We propose MM-WebAgent, a hierarchical agentic framework for multimodal webpage generation that coordinates AIGC-based element generation through hierarchical planning and iterative self-reflection. MM-WebAgent jointly optimizes global layout, local multimodal content, and their integration, producing coherent and visually consistent webpages. We further introduce MM-WebGEN-Bench and a multi-level evaluation protocol for systematic assessment. Experiments demonstrate that MM-WebAgent outperforms code-generation and agent-based baselines, especially on multimodal element generation and integration.","webpage generation is a practical and high-impact application of large language models . real-world webpages contain heterogeneous multimodal elements such as images, videos, and charts . most existing pipelines populate these elements via retrieval or placeholders .","{""R1_F1"": 0.16374269005847952, ""R1_P"": 0.3888888888888889, ""R1_R"": 0.1037037037037037, ""R2_F1"": 0.04733727810650888, ""R2_P"": 0.11428571428571428, ""R2_R"": 0.029850746268656716, ""R3_F1"": 0.011976047904191616, ""R3_P"": 0.029411764705882353, ""R3_R"": 0.007518796992481203, ""RL_F1"": 0.09356725146198831, ""RL_P"": 0.2222222222222222, ""RL_R"": 0.05925925925925926, ""BS_F1"": 0.8453391790390015, ""BS_P"": 0.8628673553466797, ""BS_R"": 0.8285089731216431, ""FAITH"": 0.9229950110117594}","Webpage generation is a practical and high-impact application of large language models (LLMs). However, real-world webpages contain heterogeneous multimodal elements such as images, videos, and charts, whose content, style, and geometry must cohere with the global layout and the semantic intent. Existing pipelines typically populate these elements via retrieval or placeholders, then generate or insert assets independently, often leading to (i) across elements, (ii) between generated media and reserved slots, and (iii) after asset creation, and (iii) after asset creation. We evaluate under different webpage generation paradigms:layout, style, and aesthetics measure global page-level quality, while image, video, and chart assess the quality and integration of local multimodal elements. The system integrates agentic coordination with native multimodal asset generation, enabling agentic coordination with native multimodal asset generation.","{""R1_F1"": 0.39999999999999997, ""R1_P"": 0.4076923076923077, ""R1_R"": 0.3925925925925926, ""R2_F1"": 0.07604562737642585, ""R2_P"": 0.07751937984496124, ""R2_R"": 0.07462686567164178, ""R3_F1"": 0.01532567049808429, ""R3_P"": 0.015625, ""R3_R"": 0.015037593984962405, ""RL_F1"": 0.17358490566037735, ""RL_P"": 0.17692307692307693, ""RL_R"": 0.17037037037037037, ""BS_F1"": 0.8524283766746521, ""BS_P"": 0.8505570292472839, ""BS_R"": 0.854308009147644, ""FAITH"": 0.8745457887649536}","Webpage generation is a practical and high-impact application of large language models (LLMs). However, real-world webpages contain heterogeneous multimodal elements such as images, videos, and charts, whose content, style, and geometry must cohere with the global layout and the semantic intent. We evaluate under different webpage generation paradigms:layout, style, and aesthetics measure global page-level quality, while image, video, and chart assess the quality and integration of local multimodal elements.","{""R1_F1"": 0.3557692307692307, ""R1_P"": 0.5068493150684932, ""R1_R"": 0.2740740740740741, ""R2_F1"": 0.07766990291262135, ""R2_P"": 0.1111111111111111, ""R2_R"": 0.05970149253731343, ""R3_F1"": 0.009803921568627449, ""R3_P"": 0.014084507042253521, ""R3_R"": 0.007518796992481203, ""RL_F1"": 0.18269230769230768, ""RL_P"": 0.2602739726027397, ""RL_R"": 0.14074074074074075, ""BS_F1"": 0.8582649230957031, ""BS_P"": 0.8686676025390625, ""BS_R"": 0.8481084108352661, ""FAITH"": 0.9518503149350485}",lora_t5_r32_alpha64
3,"While LLMs have demonstrated remarkable potential in Question Answering (QA), evaluating personalization remains a critical bottleneck. Existing paradigms predominantly rely on lexical-level similarity or manual heuristics, often lacking sufficient data-driven validation. We address this by mining Community-Individual Preference Divergence (CIPD), where individual choices override consensus, to distill six key personalization factors as evaluative dimensions. Accordingly, we introduce CoPA, a benchmark with 1,985 user profiles for fine-grained, factor-level assessment. By quantifying the alignment between model outputs and user-specific cognitive preferences inferred from interaction patterns, CoPA provides a more comprehensive and discriminative standard for evaluating personalized QA than generic metrics. The code is available at .","Personalized Question Answering (QA) marks a paradigm shift from static, generic responses to dynamic, user-centric knowledge delivery .","{""R1_F1"": 0.15625, ""R1_P"": 0.5555555555555556, ""R1_R"": 0.09090909090909091, ""R2_F1"": 0.031746031746031744, ""R2_P"": 0.11764705882352941, ""R2_R"": 0.01834862385321101, ""R3_F1"": 0.016129032258064516, ""R3_P"": 0.0625, ""R3_R"": 0.009259259259259259, ""RL_F1"": 0.10937499999999997, ""RL_P"": 0.3888888888888889, ""RL_R"": 0.06363636363636363, ""BS_F1"": 0.8520329594612122, ""BS_P"": 0.8883365988731384, ""BS_R"": 0.818580150604248, ""FAITH"": 0.980903148651123}","Personalized Question Answering (QA) is a paradigm shift from static, generic responses to dynamic, user-centric knowledge delivery. However, existing evaluation protocols for personalized generative responses remain largely dependent on large language models (LLMs) at multiple stages, including principle induction, factor distillation, and evaluation. We propose a framework that leverages Large Language Models (LLMs) at multiple stages, including principle induction, factor distillation, and evaluation. Our framework incorporates a human-in-the-loop validation mechanism to ensure the quality of the generated outputs. The evaluation protocol is based on a theoretical basis, utilizing a human-in-the-loop validation mechanism. To address this gap, we propose a framework that integrates LLM-as-a-Judge (LLM-as-a-Judge), a model-driven evaluation protocol that captures user preference and a measurable evaluation metric.","{""R1_F1"": 0.35684647302904565, ""R1_P"": 0.3282442748091603, ""R1_R"": 0.39090909090909093, ""R2_F1"": 0.02510460251046025, ""R2_P"": 0.023076923076923078, ""R2_R"": 0.027522935779816515, ""R3_F1"": 0.008438818565400843, ""R3_P"": 0.007751937984496124, ""R3_R"": 0.009259259259259259, ""RL_F1"": 0.1576763485477178, ""RL_P"": 0.1450381679389313, ""RL_R"": 0.17272727272727273, ""BS_F1"": 0.8501026034355164, ""BS_P"": 0.8523115515708923, ""BS_R"": 0.847905158996582, ""FAITH"": 0.7245996445417404}","Personalized Question Answering (QA) is a paradigm shift from static, generic responses to dynamic, user-centric knowledge delivery. However, existing evaluation protocols for personalized generative responses remain largely dependent on large language models (LLMs) at multiple stages, including principle induction, factor distillation, and evaluation. Our framework incorporates a human-in-the-loop validation mechanism to ensure the quality of the generated outputs.","{""R1_F1"": 0.3488372093023256, ""R1_P"": 0.4838709677419355, ""R1_R"": 0.2727272727272727, ""R2_F1"": 0.023529411764705885, ""R2_P"": 0.03278688524590164, ""R2_R"": 0.01834862385321101, ""R3_F1"": 0.011904761904761904, ""R3_P"": 0.016666666666666666, ""R3_R"": 0.009259259259259259, ""RL_F1"": 0.13953488372093023, ""RL_P"": 0.1935483870967742, ""RL_R"": 0.10909090909090909, ""BS_F1"": 0.8605775833129883, ""BS_P"": 0.8771815299987793, ""BS_R"": 0.844590425491333, ""FAITH"": 0.7335980435212454}",lora_t5_r32_alpha64
4,"Large vision-language models (VLMs) are enabling interactive video reasoning, giving rise to streaming long-video understanding. In this setting, frames arrive continuously, while the system preserves long-term context and generates responses under strict latency constraints. A central challenge is KVCache management:as video streams grow, KVCache expands rapidly, increasing computation and memory overhead. Existing retrieval-based approaches exploit attention sparsity and offload inactive KVCache from GPU to CPU memory, but their token-level design causes high management overhead and fragmented data movement. We present Mosaic, the first cluster-driven VLM inference system for streaming long-video understanding. Our key insight is that VLM KVCache exhibits an implicit cross-modal clustering structure:retrieved KV states form groups jointly shaped by visual coherence and semantic relevance. Based on this observation, Mosaic uses cross-modal clusters as the basic unit of KVCache organization, maintenance, and retrieval. Evaluations show that Mosaic outperforms state-of-the-art baselines, achieving up to speedup.","early studies centered on static image-text pairs, but many of these emerging applications operate over continuous video streams . to overcome memory bottlenecks, a promising approach is to offload KVCache to CPU memory and retrieve it dynamically based on attention sparsity .","{""R1_F1"": 0.22, ""R1_P"": 0.5365853658536586, ""R1_R"": 0.13836477987421383, ""R2_F1"": 0.06060606060606061, ""R2_P"": 0.15, ""R2_R"": 0.0379746835443038, ""R3_F1"": 0.010204081632653062, ""R3_P"": 0.02564102564102564, ""R3_R"": 0.006369426751592357, ""RL_F1"": 0.14, ""RL_P"": 0.34146341463414637, ""RL_R"": 0.0880503144654088, ""BS_F1"": 0.8441630601882935, ""BS_P"": 0.8598871231079102, ""BS_R"": 0.8290036916732788, ""FAITH"": 0.9622853994369507}","Large vision-language models (VLMs) are increasingly able to jointly reasoning over text and visual inputs. However, their performance is limited by the complexity of the VLM inference system. To address this challenge, we propose a cluster-driven VLM inference system for streaming long video understanding. By leveraging the cross-modal clustering of VLM KVCache, we achieve both higher accuracy and better system performance. We introduce a cluster-driven VLM inference system for streaming long video understanding. The system enables efficient KVCache organization, maintenance, and retrieval under offloading.","{""R1_F1"": 0.45344129554655865, ""R1_P"": 0.6363636363636364, ""R1_R"": 0.3522012578616352, ""R2_F1"": 0.21224489795918366, ""R2_P"": 0.2988505747126437, ""R2_R"": 0.16455696202531644, ""R3_F1"": 0.14814814814814814, ""R3_P"": 0.20930232558139536, ""R3_R"": 0.11464968152866242, ""RL_F1"": 0.2591093117408907, ""RL_P"": 0.36363636363636365, ""RL_R"": 0.20125786163522014, ""BS_F1"": 0.8851311206817627, ""BS_P"": 0.9065354466438293, ""BS_R"": 0.8647142648696899, ""FAITH"": 0.8034728666146597}","Large vision-language models (VLMs) are increasingly able to jointly reasoning over text and visual inputs. However, their performance is limited by the complexity of the VLM inference system. To address this challenge, we propose a cluster-driven VLM inference system for streaming long video understanding. By leveraging the cross-modal clustering of VLM KVCache, we achieve both higher accuracy and better system performance. The system enables efficient KVCache organization, maintenance, and retrieval under offloading.","{""R1_F1"": 0.43589743589743585, ""R1_P"": 0.68, ""R1_R"": 0.32075471698113206, ""R2_F1"": 0.1982758620689655, ""R2_P"": 0.3108108108108108, ""R2_R"": 0.14556962025316456, ""R3_F1"": 0.13913043478260873, ""R3_P"": 0.2191780821917808, ""R3_R"": 0.10191082802547771, ""RL_F1"": 0.26495726495726496, ""RL_P"": 0.41333333333333333, ""RL_R"": 0.1949685534591195, ""BS_F1"": 0.8825253248214722, ""BS_P"": 0.9032689332962036, ""BS_R"": 0.862713098526001, ""FAITH"": 0.7672101497650147}",lora_t5_r32_alpha64
5,"Functional magnetic resonance imaging (fMRI) is widely used for studying and diagnosing brain disorders, with functional connectivity (FC) matrices providing powerful representations of large-scale neural interactions. However, existing diagnostic models are trained either on a single site or under full multi-site access, making them unsuitable for real-world scenarios where clinical data arrive sequentially from different institutions. This results in limited generalization and severe catastrophic forgetting. This paper presents the first continual learning framework specifically designed for fMRI-based diagnosis across heterogeneous clinical sites. Our framework introduces a structure-aware variational autoencoder that synthesizes realistic FC matrices for both patient and control groups. Built on this generative backbone, we develop a multi-level knowledge distillation strategy that aligns predictions and graph representations between new-site data and replayed samples. To further enhance efficiency, we incorporate a hierarchical contextual bandit scheme for adaptive replay sampling. Experiments on multi-site datasets for major depressive disorder (MDD), schizophrenia (SZ), and autism spectrum disorder (ASD) show that the proposed generative model enhances data augmentation quality, and the overall continual learning framework substantially outperforms existing methods in mitigating catastrophic forgetting. Our code is available at .",functional magnetic resonance imaging (fMRI) is a non-invasive technique that measures brain activity through blood-oxygen-level-dependent (BOLD) signals . existing fMRI-based diagnostic models exhibit limited reliability for practical clinical deployment .,"{""R1_F1"": 0.16, ""R1_P"": 0.5454545454545454, ""R1_R"": 0.09375, ""R2_F1"": 0.06278026905829596, ""R2_P"": 0.21875, ""R2_R"": 0.03664921465968586, ""R3_F1"": 0.03619909502262443, ""R3_P"": 0.12903225806451613, ""R3_R"": 0.021052631578947368, ""RL_F1"": 0.11555555555555555, ""RL_P"": 0.3939393939393939, ""RL_R"": 0.06770833333333333, ""BS_F1"": 0.8342001438140869, ""BS_P"": 0.8615247011184692, ""BS_R"": 0.8085556030273438, ""FAITH"": 0.9822739362716675}","Functional magnetic resonance imaging (fMRI) is a non-invasive technique that measures brain activity through blood-oxygen-level-dependent (BOLD) signals. However, existing fMRI-based diagnostic models still exhibit limited reliability for practical clinical deployment. We introduce FORGE, the first continual learning framework for fMRI-based brain disorder diagnosis. FCM-VAE is a structure-aware generative model that synthesizes high-quality functional connectivity matrices, providing a viable solution for privacy-preserving replay in clinical environments. To address this gap, we introduce FCM-VAE, a structure-aware generative model that synthesizes high-quality functional connectivity matrices and adaptive sampling, ensuring knowledge retention as new sites arrive. Experiments on three large-scale neuroimaging datasets demonstrate consistent improvements in accuracy and substantial reductions in forgetting compared with state-of-the-art approaches.","{""R1_F1"": 0.454828660436137, ""R1_P"": 0.5658914728682171, ""R1_R"": 0.3802083333333333, ""R2_F1"": 0.14420062695924765, ""R2_P"": 0.1796875, ""R2_R"": 0.12041884816753927, ""R3_F1"": 0.05678233438485805, ""R3_P"": 0.07086614173228346, ""R3_R"": 0.04736842105263158, ""RL_F1"": 0.2679127725856698, ""RL_P"": 0.3333333333333333, ""RL_R"": 0.22395833333333334, ""BS_F1"": 0.8699231147766113, ""BS_P"": 0.8819900155067444, ""BS_R"": 0.8581820726394653, ""FAITH"": 0.9616275231043497}","Functional magnetic resonance imaging (fMRI) is a non-invasive technique that measures brain activity through blood-oxygen-level-dependent (BOLD) signals. However, existing fMRI-based diagnostic models still exhibit limited reliability for practical clinical deployment. We introduce FORGE, the first continual learning framework for fMRI-based brain disorder diagnosis. FCM-VAE is a structure-aware generative model that synthesizes high-quality functional connectivity matrices, providing a viable solution for privacy-preserving replay in clinical environments. Experiments on three large-scale neuroimaging datasets demonstrate consistent improvements in accuracy and substantial reductions in forgetting compared with state-of-the-art approaches.","{""R1_F1"": 0.4054982817869416, ""R1_P"": 0.5959595959595959, ""R1_R"": 0.3072916666666667, ""R2_F1"": 0.1522491349480969, ""R2_P"": 0.22448979591836735, ""R2_R"": 0.11518324607329843, ""R3_F1"": 0.0627177700348432, ""R3_P"": 0.09278350515463918, ""R3_R"": 0.04736842105263158, ""RL_F1"": 0.26116838487972505, ""RL_P"": 0.3838383838383838, ""RL_R"": 0.19791666666666666, ""BS_F1"": 0.8687300086021423, ""BS_P"": 0.8851275444030762, ""BS_R"": 0.8529289960861206, ""FAITH"": 0.9655927062034607}",lora_t5_r32_alpha64
6,"We study the Stokes–Poisson–Boltzmann equations with Dirichlet and Navier boundary conditions. The system consists of the incompressible Stokes equations coupled with a nonlinear Poisson–Boltzmann equation through electrostatic forcing and convective transport effects. To handle the Navier boundary conditions in a unified framework, we employ Nitsche’s method for their weak imposition within a conforming finite element setting. We derive a consistent and stable discrete formulation and establish the well-posedness of the resulting problem. By carefully choosing the penalty parameters, the bilinear form is shown to be coercive and continuous. A priori error estimates are proved in the natural energy norms, yielding optimal-order convergence under suitable regularity assumptions. Furthermore, we develop residual-based a posteriori error estimators that incorporate element residuals, inter-element jump residuals, and boundary residuals arising from the Nitsche formulation. The estimators are shown to be reliable and locally efficient. Numerical experiments confirm the theoretical results and demonstrate the robustness and accuracy of the proposed method for the Stokes–Poisson–Boltzmann system.","electrically charged fluid flows play an important role in several chemical applications, such as the design of nanopores for biomedical devices and the modelling of water purification systems . in this process, the motion of an electrolyte is driven by thin electric double layers that attract and repel ions near charged surfaces .","{""R1_F1"": 0.13636363636363635, ""R1_P"": 0.29411764705882354, ""R1_R"": 0.08875739644970414, ""R2_F1"": 0.0, ""R2_P"": 0.0, ""R2_R"": 0.0, ""R3_F1"": 0.0, ""R3_P"": 0.0, ""R3_R"": 0.0, ""RL_F1"": 0.0909090909090909, ""RL_P"": 0.19607843137254902, ""RL_R"": 0.05917159763313609, ""BS_F1"": 0.7929309010505676, ""BS_P"": 0.806043803691864, ""BS_R"": 0.7802377939224243, ""FAITH"": 0.9824761748313904}","Electro-osmosis is one of the simplest mechanisms for transporting electrically charged fluid without mechanical pumping. In many simplified situations, the electric charge density can be directly related to the electrostatic potential through simplified forms of the Poisson–Boltzmann equation. In this paper, we propose a finite element scheme that uses a fixed-point theorem combined with the Babuka-Brezzi theory and the Minty-Browder theorem. The proposed method is based on a discrete energy norm, where the energy norm is governed by the electric charge density and the electrostatic potential within the double layer. Furthermore, a residual-based a posteriori error estimator is developed and analyzed, with its reliability and efficiency rigorously established.","{""R1_F1"": 0.40989399293286216, ""R1_P"": 0.5087719298245614, ""R1_R"": 0.3431952662721893, ""R2_F1"": 0.099644128113879, ""R2_P"": 0.12389380530973451, ""R2_R"": 0.08333333333333333, ""R3_F1"": 0.04301075268817204, ""R3_P"": 0.05357142857142857, ""R3_R"": 0.03592814371257485, ""RL_F1"": 0.22614840989399296, ""RL_P"": 0.2807017543859649, ""RL_R"": 0.1893491124260355, ""BS_F1"": 0.8520253300666809, ""BS_P"": 0.858901858329773, ""BS_R"": 0.8452581167221069, ""FAITH"": 0.8819461703300476}","Electro-osmosis is one of the simplest mechanisms for transporting electrically charged fluid without mechanical pumping. In many simplified situations, the electric charge density can be directly related to the electrostatic potential through simplified forms of the Poisson–Boltzmann equation. In this paper, we propose a finite element scheme that uses a fixed-point theorem combined with the Babuka-Brezzi theory and the Minty-Browder theorem. Furthermore, a residual-based a posteriori error estimator is developed and analyzed, with its reliability and efficiency rigorously established.","{""R1_F1"": 0.35433070866141736, ""R1_P"": 0.5294117647058824, ""R1_R"": 0.26627218934911245, ""R2_F1"": 0.0873015873015873, ""R2_P"": 0.13095238095238096, ""R2_R"": 0.06547619047619048, ""R3_F1"": 0.04, ""R3_P"": 0.060240963855421686, ""R3_R"": 0.029940119760479042, ""RL_F1"": 0.21259842519685038, ""RL_P"": 0.3176470588235294, ""RL_R"": 0.15976331360946747, ""BS_F1"": 0.8500415086746216, ""BS_P"": 0.8580573201179504, ""BS_R"": 0.8421741724014282, ""FAITH"": 0.9327214360237122}",lora_t5_r32_alpha64
7,"Existing age estimation methods treat each face as an independent sample, learning a global mapping from appearance to age. This ignores a well-documented phenomenon:individuals age at different rates due to genetics, lifestyle, and health, making the mapping from face to age identity-dependent. When reference images of the same person with known ages are available, we can exploit this context to personalize the estimate. The only existing benchmark for this task (NIST FRVT) is closed-source and limited to a single reference image. In this work, we introduce OpenPAE, the first open benchmark for -shot personalized age estimation with strict evaluation protocols. We establish a hierarchy of increasingly sophisticated baselines:from arithmetic offset, through closed-form Bayesian linear regression, to a conditional attentive neural process. Our experiments show that personalization consistently improves performance, that the gains are not merely domain adaptation, and that nonlinear methods significantly outperform simpler alternatives. We release all models, code, protocols, and evaluation splits.","standard approaches learn a global mapping from facial appearance to age, treating each face as an independent sample drawn from a shared population . the difference between a person’s apparent age and their chronological age is heavily modulated by genetics, health, and lifestyle .","{""R1_F1"": 0.2857142857142857, ""R1_P"": 0.6744186046511628, ""R1_R"": 0.18125, ""R2_F1"": 0.11940298507462686, ""R2_P"": 0.2857142857142857, ""R2_R"": 0.07547169811320754, ""R3_F1"": 0.09045226130653265, ""R3_P"": 0.21951219512195122, ""R3_R"": 0.056962025316455694, ""RL_F1"": 0.15763546798029557, ""RL_P"": 0.37209302325581395, ""RL_R"": 0.1, ""BS_F1"": 0.8604599833488464, ""BS_P"": 0.8904221057891846, ""BS_R"": 0.8324486017227173, ""FAITH"": 0.9519244730472565}","We propose Attention Global (Attn-G) as a benchmark to standardize evaluation across diverse, cross-domain datasets. The benchmark is based on a CSFD dataset with a single target dataset, a CSFD dataset, and a KANFace dataset. The CSFD dataset contains almost entirely of age differences within years, enabling the model to consistently improve upon the global baseline. However, when confronted with the heavy temporal tails of AgeDB or KANFace, these large age differences fall out-of-distribution, causing the model to perform worse than the unconditioned global predictor. To address this challenge, we propose a benchmark that explicitly separate identity-specific personalization from dataset bias and age prior correction. Extensive baseline evaluation demonstrates that human aging trajectories are highly complex and identity-dependent; effectively modeling them requires deep models and joint-context aggregation rather than simple arithmetic offsets.","{""R1_F1"": 0.3812709030100334, ""R1_P"": 0.41007194244604317, ""R1_R"": 0.35625, ""R2_F1"": 0.02693602693602694, ""R2_P"": 0.028985507246376812, ""R2_R"": 0.025157232704402517, ""R3_F1"": 0.0, ""R3_P"": 0.0, ""R3_R"": 0.0, ""RL_F1"": 0.16722408026755853, ""RL_P"": 0.17985611510791366, ""RL_R"": 0.15625, ""BS_F1"": 0.8431141972541809, ""BS_P"": 0.8429437875747681, ""BS_R"": 0.8432846069335938, ""FAITH"": 0.5887693266073862}","We propose Attention Global (Attn-G) as a benchmark to standardize evaluation across diverse, cross-domain datasets. The benchmark is based on a CSFD dataset with a single target dataset, a CSFD dataset, and a KANFace dataset. The CSFD dataset contains almost entirely of age differences within years, enabling the model to consistently improve upon the global baseline. To address this challenge, we propose a benchmark that explicitly separate identity-specific personalization from dataset bias and age prior correction. Extensive baseline evaluation demonstrates that human aging trajectories are highly complex and identity-dependent; effectively modeling them requires deep models and joint-context aggregation rather than simple arithmetic offsets.","{""R1_F1"": 0.36567164179104483, ""R1_P"": 0.4537037037037037, ""R1_R"": 0.30625, ""R2_F1"": 0.030075187969924814, ""R2_P"": 0.037383177570093455, ""R2_R"": 0.025157232704402517, ""R3_F1"": 0.0, ""R3_P"": 0.0, ""R3_R"": 0.0, ""RL_F1"": 0.16417910447761197, ""RL_P"": 0.2037037037037037, ""RL_R"": 0.1375, ""BS_F1"": 0.8439666628837585, ""BS_P"": 0.8475598096847534, ""BS_R"": 0.8404037952423096, ""FAITH"": 0.5396427273750305}",lora_t5_r32_alpha64
8,"We consider a coded caching problem with multiple demands under a privacy constraint. In this problem, a server with access to files serves users over a shared link, and each user requests distinct files. The privacy constraint requires that each user obtain no information about the demands of the other users. We propose a new achievable scheme for arbitrary numbers of files and users. The scheme is obtained via a transformation from a non-private coded caching scheme under uncoded placement for files and users, where each user requests one file and the demands are restricted to a subset of all possible demands. We then derive a converse bound, and the proposed scheme is shown to be order optimal within a factor of 6 of this bound.","coded caching, formulated by Maddah-Ali and Niesen in , has received significant attention . the system consists of two phases:a placement phase, where each user fills its cache as a function of the files, and a delivery phase . in the delivery phase, each user requests one file, and the server broadcasts a message to ensure that each user can decode its requested file .","{""R1_F1"": 0.35789473684210527, ""R1_P"": 0.5396825396825397, ""R1_R"": 0.2677165354330709, ""R2_F1"": 0.1382978723404255, ""R2_P"": 0.20967741935483872, ""R2_R"": 0.10317460317460317, ""R3_F1"": 0.07526881720430108, ""R3_P"": 0.11475409836065574, ""R3_R"": 0.056, ""RL_F1"": 0.2105263157894737, ""RL_P"": 0.31746031746031744, ""RL_R"": 0.15748031496062992, ""BS_F1"": 0.8369458317756653, ""BS_P"": 0.8383491039276123, ""BS_R"": 0.8355472087860107, ""FAITH"": 0.9475433826446533}","Demand-private coded caching with multiple demands is a fundamental problem, where each user requests one file and the server broadcasts a message to ensure that each user can decode its requested file based on its own cache content and the worst-case rate of the broadcast message. In this paper, we propose a new achievable scheme for demand-private coded caching with multiple demands. The proposed scheme is based on a transformation from an RD-NP-UCC scheme to a scheme for demand-private coded caching with multiple demands. We also establish a converse bound, showing that the proposed scheme is order optimal within a factor of , thereby covering regimes that were previously open.","{""R1_F1"": 0.5537190082644627, ""R1_P"": 0.5826086956521739, ""R1_R"": 0.5275590551181102, ""R2_F1"": 0.31666666666666665, ""R2_P"": 0.3333333333333333, ""R2_R"": 0.30158730158730157, ""R3_F1"": 0.18487394957983191, ""R3_P"": 0.19469026548672566, ""R3_R"": 0.176, ""RL_F1"": 0.4132231404958678, ""RL_P"": 0.43478260869565216, ""RL_R"": 0.3937007874015748, ""BS_F1"": 0.8921025991439819, ""BS_P"": 0.890698254108429, ""BS_R"": 0.8935114741325378, ""FAITH"": 0.45428676903247833}","Demand-private coded caching with multiple demands is a fundamental problem, where each user requests one file and the server broadcasts a message to ensure that each user can decode its requested file based on its own cache content and the worst-case rate of the broadcast message.","{""R1_F1"": 0.3542857142857143, ""R1_P"": 0.6458333333333334, ""R1_R"": 0.2440944881889764, ""R2_F1"": 0.17341040462427743, ""R2_P"": 0.3191489361702128, ""R2_R"": 0.11904761904761904, ""R3_F1"": 0.10526315789473685, ""R3_P"": 0.1956521739130435, ""R3_R"": 0.072, ""RL_F1"": 0.25142857142857145, ""RL_P"": 0.4583333333333333, ""RL_R"": 0.1732283464566929, ""BS_F1"": 0.8595552444458008, ""BS_P"": 0.8745859861373901, ""BS_R"": 0.8450323939323425, ""FAITH"": -1.0}",lora_t5_r32_alpha64
9,"Traditional neural network models for intent inference rely heavily on observable states and struggle to generalize across diverse tasks and dynamic environments. Recent advances in Vision–Language Models (VLMs) and Vision–Language–Action (VLA) models introduce common-sense reasoning through large-scale multimodal pretraining, enabling zero-shot performance across tasks. However, these models still lack explicit mechanisms to represent and update belief, limiting their ability to reason like humans or capture the evolving human intent over long-horizon. To address this, we propose a belief-aware VLM framework that integrates retrieval-based memory and reinforcement learning. Instead of learning an explicit belief model, we approximate belief using a vector-based memory that retrieves relevant multimodal context, which is incorporated into the VLM for reasoning. We further refine decision-making using a reinforcement learning policy over the VLM latent space. We evaluate our approach on publicly available VQA datasets such as HD-EPIC and demonstrate consistent improvements over zero-shot baselines, highlighting the importance of belief-aware reasoning.","classic frameworks such as Markov Decision Processes (MDPs) and Partially Observable MDPs (POMDPs) explicitly model latent states and belief updates . these formulations have also inspired cognitive models of human reasoning, where agents maintain and update beliefs about others’ intents .","{""R1_F1"": 0.1941747572815534, ""R1_P"": 0.5128205128205128, ""R1_R"": 0.11976047904191617, ""R2_F1"": 0.03921568627450981, ""R2_P"": 0.10526315789473684, ""R2_R"": 0.024096385542168676, ""R3_F1"": 0.009900990099009901, ""R3_P"": 0.02702702702702703, ""R3_R"": 0.006060606060606061, ""RL_F1"": 0.08737864077669905, ""RL_P"": 0.23076923076923078, ""RL_R"": 0.05389221556886228, ""BS_F1"": 0.8347879648208618, ""BS_P"": 0.8533022403717041, ""BS_R"": 0.8170600533485413, ""FAITH"": 0.960046648979187}","We present a belief-aware vision–language model for egocentric video reasoning that explicitly incorporates latent states and belief updates to capture intent and contextual dependencies. Our approach leverages a retrieval-based memory of past multimodal experiences and refins the policy with reinforcement learning, enabling more consistent and goal-directed decision-making compared to standard VLMs. Experiments on the HD-EPIC dataset demonstrate significant improvements over strong baselines across diverse VQA tasks, particularly in scenarios requiring temporal reasoning and intent inference.","{""R1_F1"": 0.47580645161290325, ""R1_P"": 0.7283950617283951, ""R1_R"": 0.3532934131736527, ""R2_F1"": 0.1219512195121951, ""R2_P"": 0.1875, ""R2_R"": 0.09036144578313253, ""R3_F1"": 0.02459016393442623, ""R3_P"": 0.0379746835443038, ""R3_R"": 0.01818181818181818, ""RL_F1"": 0.21774193548387097, ""RL_P"": 0.3333333333333333, ""RL_R"": 0.16167664670658682, ""BS_F1"": 0.8811242580413818, ""BS_P"": 0.8930052518844604, ""BS_R"": 0.8695552349090576, ""FAITH"": 0.9399314125378927}","We present a belief-aware vision–language model for egocentric video reasoning that explicitly incorporates latent states and belief updates to capture intent and contextual dependencies. Our approach leverages a retrieval-based memory of past multimodal experiences and refins the policy with reinforcement learning, enabling more consistent and goal-directed decision-making compared to standard VLMs. Experiments on the HD-EPIC dataset demonstrate significant improvements over strong baselines across diverse VQA tasks, particularly in scenarios requiring temporal reasoning and intent inference.","{""R1_F1"": 0.47580645161290325, ""R1_P"": 0.7283950617283951, ""R1_R"": 0.3532934131736527, ""R2_F1"": 0.1219512195121951, ""R2_P"": 0.1875, ""R2_R"": 0.09036144578313253, ""R3_F1"": 0.02459016393442623, ""R3_P"": 0.0379746835443038, ""R3_R"": 0.01818181818181818, ""RL_F1"": 0.21774193548387097, ""RL_P"": 0.3333333333333333, ""RL_R"": 0.16167664670658682, ""BS_F1"": 0.8811242580413818, ""BS_P"": 0.8930052518844604, ""BS_R"": 0.8695552349090576, ""FAITH"": 0.9399314125378927}",lora_t5_r32_alpha64
10,"Continual Learning (CL) aims to train neural networks on a dynamic stream of tasks without forgetting previously learned knowledge. Among optimization-based approaches, C-Flat has emerged as a promising solution due to its plug-and-play nature and its ability to encourage uniformly low-loss regions for both new and old tasks. However, C-Flat requires three additional gradient computations per iteration, imposing substantial overhead on the optimization process. In this work, we propose C-Flat Turbo, a faster yet stronger optimizer that significantly reduces the training cost. We show that the gradients associated with first-order flatness contain direction-invariant components relative to the proxy-model gradients, enabling us to skip redundant gradient computations in the perturbed ascent steps. Moreover, we observe that these flatness-promoting gradients progressively stabilize across tasks, which motivates a linear scheduling strategy with an adaptive trigger to allocate larger turbo steps for later tasks. Experiments show that C-Flat Turbo is 1.0× to 1.25× faster than C-Flat across a wide range of CL methods, while achieving comparable or even improved accuracy.",continual learning (CL) is a process of learning incrementally . a major obstacle is catastrophic forgetting . various approaches have been proposed to address this challenge .,"{""R1_F1"": 0.13658536585365852, ""R1_P"": 0.5833333333333334, ""R1_R"": 0.07734806629834254, ""R2_F1"": 0.019704433497536946, ""R2_P"": 0.08695652173913043, ""R2_R"": 0.011111111111111112, ""R3_F1"": 0.009950248756218907, ""R3_P"": 0.045454545454545456, ""R3_R"": 0.00558659217877095, ""RL_F1"": 0.0878048780487805, ""RL_P"": 0.375, ""RL_R"": 0.049723756906077346, ""BS_F1"": 0.8258817195892334, ""BS_P"": 0.8542956113815308, ""BS_R"": 0.7992970943450928, ""FAITH"": 0.9363462726275126}","Continuous learning (CL) is a continuous learning process that requires continuous learning to absorb new knowledge incrementally. While memory-based, regularization-based, expansion-based, and pre-trained model (PTM)-based methods have demonstrated strong resistance to catastrophic forgetting, their adaptive optimization for flat regions has been widely studied. However, existing approaches often fail to account for the flatness component of the oracle gradient, limiting its effectiveness. To address this challenge, we propose C-Flat Turbo, an adaptive optimization framework that optimizes for flat regions while minimizing forgetting. We evaluate C-Flat Turbo on a variety of CL methods, including memory-based, regularization-based, expansion-based, and pre-trained model (PTM)-based methods. Our results show that adaptively modifying the oracle gradient can yield tangible efficiency gains in continual learning.","{""R1_F1"": 0.41935483870967744, ""R1_P"": 0.5038759689922481, ""R1_R"": 0.35911602209944754, ""R2_F1"": 0.0844155844155844, ""R2_P"": 0.1015625, ""R2_R"": 0.07222222222222222, ""R3_F1"": 0.03921568627450981, ""R3_P"": 0.047244094488188976, ""R3_R"": 0.0335195530726257, ""RL_F1"": 0.1935483870967742, ""RL_P"": 0.23255813953488372, ""RL_R"": 0.16574585635359115, ""BS_F1"": 0.8592092990875244, ""BS_P"": 0.8665429353713989, ""BS_R"": 0.8519988656044006, ""FAITH"": 0.8035407463709513}","Continuous learning (CL) is a continuous learning process that requires continuous learning to absorb new knowledge incrementally. While memory-based, regularization-based, expansion-based, and pre-trained model (PTM)-based methods have demonstrated strong resistance to catastrophic forgetting, their adaptive optimization for flat regions has been widely studied. However, existing approaches often fail to account for the flatness component of the oracle gradient, limiting its effectiveness. Our results show that adaptively modifying the oracle gradient can yield tangible efficiency gains in continual learning.","{""R1_F1"": 0.3257575757575758, ""R1_P"": 0.5180722891566265, ""R1_R"": 0.23756906077348067, ""R2_F1"": 0.022900763358778626, ""R2_P"": 0.036585365853658534, ""R2_R"": 0.016666666666666666, ""R3_F1"": 0.007692307692307691, ""R3_P"": 0.012345679012345678, ""R3_R"": 0.00558659217877095, ""RL_F1"": 0.14393939393939392, ""RL_P"": 0.2289156626506024, ""RL_R"": 0.10497237569060773, ""BS_F1"": 0.8507787585258484, ""BS_P"": 0.8667455315589905, ""BS_R"": 0.8353897333145142, ""FAITH"": 0.7598154693841934}",lora_t5_r32_alpha64
1,"Conventional RGB-based high dynamic range (HDR) imaging faces a fundamental trade-off between motion artifacts in multi-exposure captures and irreversible information loss in single-shot techniques. Modulo sensors offer a promising alternative by encoding theoretically unbounded dynamic range into wrapped measurements. However, existing modulo solutions remain bottlenecked by iterative unwrapping overhead and hardware constraints limiting them to low-speed, grayscale capture. In this work, we present a complete modulo-based HDR imaging system that enables high-speed, full-color HDR acquisition by synergistically advancing both the sensing formulation and the unwrapping algorithm. At the core of our approach is an exposure-decoupled formulation of modulo imaging that allows multiple measurements to be interleaved in time, preserving a clean, observation-wise measurement model. Building upon this, we introduce an iteration-free unwrapping algorithm that integrates diffusion-based generative priors with the physical least absolute remainder property of modulo images, supporting highly efficient, physics-consistent HDR reconstruction. Finally, to validate the practical viability of our system, we demonstrate a proof-of-concept hardware implementation based on modulo-encoded spike streams. This setup preserves the native high temporal resolution of spike cameras, achieving 1000 FPS full-color imaging while reducing output data bandwidth from approximately 20 Gbps to 6 Gbps. Extensive evaluations indicate that our coordinated approach successfully overcomes key systemic bottlenecks, demonstrating the feasibility of deploying modulo imaging in dynamic scenarios.",high dynamic range (HDR) imaging has become an essential area of study . we introduce a cyclic encoding that embeds into a sinusoidal space . it can operate robustly for FPS HDR imaging with a s unwrapping time per frame .,"{""R1_F1"": 0.15613382899628253, ""R1_P"": 0.5526315789473685, ""R1_R"": 0.09090909090909091, ""R2_F1"": 0.0449438202247191, ""R2_P"": 0.16216216216216217, ""R2_R"": 0.02608695652173913, ""R3_F1"": 0.022641509433962263, ""R3_P"": 0.08333333333333333, ""R3_R"": 0.013100436681222707, ""RL_F1"": 0.09665427509293681, ""RL_P"": 0.34210526315789475, ""RL_R"": 0.05627705627705628, ""BS_F1"": 0.8384864926338196, ""BS_P"": 0.8616694808006287, ""BS_R"": 0.8165181875228882, ""FAITH"": 0.9865121046702067}","High dynamic range (HDR) imaging is essential for preserving perceptual visual quality but also for ensuring robustness of downstream computer vision tasks. Existing methods typically reconstruct HDR content from conventional LDR observations, but they often fail to account for the intrinsic periodicity of modulo-based HDR imaging. To address this limitation, we propose a cyclic unwrapping algorithm that explicitly reasones about the modulo periodicity of HDR images. We first introduce a cyclic encoding that embeds into a sinusoidal space, enabling the refiner to explicitly reason about modulo periodicity. This design is highly consistent with the intrinsic periodic structure of modulo-based HDR imaging, where irradiance values differing by integer multiples of the modulo period are physically indistinguishable. Extensive experiments on synthetic benchmarks, downstream application scenarios, and real-captured data collectively demonstrate the practical viability of our system.","{""R1_F1"": 0.39673913043478265, ""R1_P"": 0.5328467153284672, ""R1_R"": 0.31601731601731603, ""R2_F1"": 0.09836065573770492, ""R2_P"": 0.1323529411764706, ""R2_R"": 0.0782608695652174, ""R3_F1"": 0.054945054945054944, ""R3_P"": 0.07407407407407407, ""R3_R"": 0.043668122270742356, ""RL_F1"": 0.16847826086956522, ""RL_P"": 0.22627737226277372, ""RL_R"": 0.1341991341991342, ""BS_F1"": 0.8548270463943481, ""BS_P"": 0.8618443608283997, ""BS_R"": 0.8479230403900146, ""FAITH"": 0.8998899459838867}","High dynamic range (HDR) imaging is essential for preserving perceptual visual quality but also for ensuring robustness of downstream computer vision tasks. Existing methods typically reconstruct HDR content from conventional LDR observations, but they often fail to account for the intrinsic periodicity of modulo-based HDR imaging. To address this limitation, we propose a cyclic unwrapping algorithm that explicitly reasones about the modulo periodicity of HDR images. We first introduce a cyclic encoding that embeds into a sinusoidal space, enabling the refiner to explicitly reason about modulo periodicity. Extensive experiments on synthetic benchmarks, downstream application scenarios, and real-captured data collectively demonstrate the practical viability of our system.","{""R1_F1"": 0.3421828908554572, ""R1_P"": 0.5370370370370371, ""R1_R"": 0.2510822510822511, ""R2_F1"": 0.09495548961424331, ""R2_P"": 0.14953271028037382, ""R2_R"": 0.06956521739130435, ""R3_F1"": 0.05970149253731344, ""R3_P"": 0.09433962264150944, ""R3_R"": 0.043668122270742356, ""RL_F1"": 0.1710914454277286, ""RL_P"": 0.26851851851851855, ""RL_R"": 0.12554112554112554, ""BS_F1"": 0.854995608329773, ""BS_P"": 0.866608738899231, ""BS_R"": 0.8436896204948425, ""FAITH"": 0.8886477828025818}",lora_t5_r256_alpha512
2,"The rapid progress of Artificial Intelligence Generated Content (AIGC) tools enables images, videos, and visualizations to be created on demand for webpage design, offering a flexible and increasingly adopted paradigm for modern UI/UX. However, directly integrating such tools into automated webpage generation often leads to style inconsistency and poor global coherence, as elements are generated in isolation. We propose MM-WebAgent, a hierarchical agentic framework for multimodal webpage generation that coordinates AIGC-based element generation through hierarchical planning and iterative self-reflection. MM-WebAgent jointly optimizes global layout, local multimodal content, and their integration, producing coherent and visually consistent webpages. We further introduce MM-WebGEN-Bench and a multi-level evaluation protocol for systematic assessment. Experiments demonstrate that MM-WebAgent outperforms code-generation and agent-based baselines, especially on multimodal element generation and integration.","webpage generation is a practical and high-impact application of large language models . real-world webpages contain heterogeneous multimodal elements such as images, videos, and charts . most existing pipelines populate these elements via retrieval or placeholders .","{""R1_F1"": 0.16374269005847952, ""R1_P"": 0.3888888888888889, ""R1_R"": 0.1037037037037037, ""R2_F1"": 0.04733727810650888, ""R2_P"": 0.11428571428571428, ""R2_R"": 0.029850746268656716, ""R3_F1"": 0.011976047904191616, ""R3_P"": 0.029411764705882353, ""R3_R"": 0.007518796992481203, ""RL_F1"": 0.09356725146198831, ""RL_P"": 0.2222222222222222, ""RL_R"": 0.05925925925925926, ""BS_F1"": 0.8453391790390015, ""BS_P"": 0.8628673553466797, ""BS_R"": 0.8285089731216431, ""FAITH"": 0.9229950110117594}","Webpage generation is a practical and high-impact application of large language models (LLMs). However, real-world webpages contain heterogeneous multimodal elements such as images, videos, and charts, whose content, style, and geometry must cohere with the global layout and the semantic intent. Existing pipelines often populate these elements via retrieval or placeholders, and then generate or insert them independently. We present a novel framework that integrates multimodal content generation with agentic workflows, enabling agentic coordination with native multimodal asset generation. The system evaluates page-level quality across six evaluation dimensions, including layout, style, and aesthetics, while image, video, and chart assess the quality and integration of local multimodal elements. The system achieves the best performance on both global and local metrics, with an average score of 0.75. This results highlight the limitations of code-only generation and demonstrate the advantages of treating multimodal content generation as a first-class action within the agent loop.","{""R1_F1"": 0.39175257731958757, ""R1_P"": 0.36538461538461536, ""R1_R"": 0.4222222222222222, ""R2_F1"": 0.06228373702422146, ""R2_P"": 0.05806451612903226, ""R2_R"": 0.06716417910447761, ""R3_F1"": 0.006968641114982579, ""R3_P"": 0.006493506493506494, ""R3_R"": 0.007518796992481203, ""RL_F1"": 0.17869415807560135, ""RL_P"": 0.16666666666666666, ""RL_R"": 0.1925925925925926, ""BS_F1"": 0.8679080605506897, ""BS_P"": 0.8698605298995972, ""BS_R"": 0.8659643530845642, ""FAITH"": 0.9230105110577175}","Webpage generation is a practical and high-impact application of large language models (LLMs). However, real-world webpages contain heterogeneous multimodal elements such as images, videos, and charts, whose content, style, and geometry must cohere with the global layout and the semantic intent. Existing pipelines often populate these elements via retrieval or placeholders, and then generate or insert them independently. We present a novel framework that integrates multimodal content generation with agentic workflows, enabling agentic coordination with native multimodal asset generation. The system evaluates page-level quality across six evaluation dimensions, including layout, style, and aesthetics, while image, video, and chart assess the quality and integration of local multimodal elements. The system achieves the best performance on both global and local metrics, with an average score of 0.75.","{""R1_F1"": 0.393939393939394, ""R1_P"": 0.40310077519379844, ""R1_R"": 0.3851851851851852, ""R2_F1"": 0.061068702290076333, ""R2_P"": 0.0625, ""R2_R"": 0.05970149253731343, ""R3_F1"": 0.007692307692307692, ""R3_P"": 0.007874015748031496, ""R3_R"": 0.007518796992481203, ""RL_F1"": 0.1893939393939394, ""RL_P"": 0.1937984496124031, ""RL_R"": 0.18518518518518517, ""BS_F1"": 0.8686169385910034, ""BS_P"": 0.8727754950523376, ""BS_R"": 0.8644978404045105, ""FAITH"": 0.9154011209805807}",lora_t5_r256_alpha512
3,"While LLMs have demonstrated remarkable potential in Question Answering (QA), evaluating personalization remains a critical bottleneck. Existing paradigms predominantly rely on lexical-level similarity or manual heuristics, often lacking sufficient data-driven validation. We address this by mining Community-Individual Preference Divergence (CIPD), where individual choices override consensus, to distill six key personalization factors as evaluative dimensions. Accordingly, we introduce CoPA, a benchmark with 1,985 user profiles for fine-grained, factor-level assessment. By quantifying the alignment between model outputs and user-specific cognitive preferences inferred from interaction patterns, CoPA provides a more comprehensive and discriminative standard for evaluating personalized QA than generic metrics. The code is available at .","Personalized Question Answering (QA) marks a paradigm shift from static, generic responses to dynamic, user-centric knowledge delivery .","{""R1_F1"": 0.15625, ""R1_P"": 0.5555555555555556, ""R1_R"": 0.09090909090909091, ""R2_F1"": 0.031746031746031744, ""R2_P"": 0.11764705882352941, ""R2_R"": 0.01834862385321101, ""R3_F1"": 0.016129032258064516, ""R3_P"": 0.0625, ""R3_R"": 0.009259259259259259, ""RL_F1"": 0.10937499999999997, ""RL_P"": 0.3888888888888889, ""RL_R"": 0.06363636363636363, ""BS_F1"": 0.8520329594612122, ""BS_P"": 0.8883365988731384, ""BS_R"": 0.818580150604248, ""FAITH"": 0.980903148651123}","Large Language Models (LLMs) have significantly advanced personalized Question Answering (QA), enabling dynamic, user-centric knowledge delivery. However, existing evaluation methods often fail to capture user preference and the inherent model biases of LLMs. To address these limitations, we propose a framework that leverages Large Language Models (LLMs) as a Judge Model to evaluate personalized QA responses. The framework consists of three stages:(1) Principle induction, (2) Factor distillation, and (3) Evaluation. We introduce a robust evaluation protocol that incorporates lexical overlap and contextually relevant factors, and (3) Factor Distillation, which integrates a human-in-the-loop validation mechanism. Experiments demonstrate that our framework achieves high accuracy and reliability, while achieving superior performance across diverse application domains.","{""R1_F1"": 0.3436123348017621, ""R1_P"": 0.3333333333333333, ""R1_R"": 0.35454545454545455, ""R2_F1"": 0.053333333333333344, ""R2_P"": 0.05172413793103448, ""R2_R"": 0.05504587155963303, ""R3_F1"": 0.017937219730941707, ""R3_P"": 0.017391304347826087, ""R3_R"": 0.018518518518518517, ""RL_F1"": 0.16740088105726875, ""RL_P"": 0.1623931623931624, ""RL_R"": 0.17272727272727273, ""BS_F1"": 0.857032060623169, ""BS_P"": 0.8600273132324219, ""BS_R"": 0.8540576100349426, ""FAITH"": 0.6757194995880127}","Large Language Models (LLMs) have significantly advanced personalized Question Answering (QA), enabling dynamic, user-centric knowledge delivery. However, existing evaluation methods often fail to capture user preference and the inherent model biases of LLMs. The framework consists of three stages:(1) Principle induction, (2) Factor distillation, and (3) Evaluation. We introduce a robust evaluation protocol that incorporates lexical overlap and contextually relevant factors, and (3) Factor Distillation, which integrates a human-in-the-loop validation mechanism. Experiments demonstrate that our framework achieves high accuracy and reliability, while achieving superior performance across diverse application domains.","{""R1_F1"": 0.3235294117647059, ""R1_P"": 0.35106382978723405, ""R1_R"": 0.3, ""R2_F1"": 0.039603960396039604, ""R2_P"": 0.043010752688172046, ""R2_R"": 0.03669724770642202, ""R3_F1"": 0.009999999999999998, ""R3_P"": 0.010869565217391304, ""R3_R"": 0.009259259259259259, ""RL_F1"": 0.16666666666666669, ""RL_P"": 0.18085106382978725, ""RL_R"": 0.15454545454545454, ""BS_F1"": 0.8503209948539734, ""BS_P"": 0.8557904958724976, ""BS_R"": 0.8449209332466125, ""FAITH"": 0.6569229125976562}",lora_t5_r256_alpha512
4,"Large vision-language models (VLMs) are enabling interactive video reasoning, giving rise to streaming long-video understanding. In this setting, frames arrive continuously, while the system preserves long-term context and generates responses under strict latency constraints. A central challenge is KVCache management:as video streams grow, KVCache expands rapidly, increasing computation and memory overhead. Existing retrieval-based approaches exploit attention sparsity and offload inactive KVCache from GPU to CPU memory, but their token-level design causes high management overhead and fragmented data movement. We present Mosaic, the first cluster-driven VLM inference system for streaming long-video understanding. Our key insight is that VLM KVCache exhibits an implicit cross-modal clustering structure:retrieved KV states form groups jointly shaped by visual coherence and semantic relevance. Based on this observation, Mosaic uses cross-modal clusters as the basic unit of KVCache organization, maintenance, and retrieval. Evaluations show that Mosaic outperforms state-of-the-art baselines, achieving up to speedup.","early studies centered on static image-text pairs, but many of these emerging applications operate over continuous video streams . to overcome memory bottlenecks, a promising approach is to offload KVCache to CPU memory and retrieve it dynamically based on attention sparsity .","{""R1_F1"": 0.22, ""R1_P"": 0.5365853658536586, ""R1_R"": 0.13836477987421383, ""R2_F1"": 0.06060606060606061, ""R2_P"": 0.15, ""R2_R"": 0.0379746835443038, ""R3_F1"": 0.010204081632653062, ""R3_P"": 0.02564102564102564, ""R3_R"": 0.006369426751592357, ""RL_F1"": 0.14, ""RL_P"": 0.34146341463414637, ""RL_R"": 0.0880503144654088, ""BS_F1"": 0.8441630601882935, ""BS_P"": 0.8598871231079102, ""BS_R"": 0.8290036916732788, ""FAITH"": 0.9622853994369507}","Large vision-language models (VLMs) are increasingly deployed over continuous video streams, where visual inputs arrive as temporally ordered frame sequences. Existing methods typically organize KVCache at the token level, which incurs substantial system overhead. To address these limitations, we propose a cluster-driven VLM inference system for streaming long video understanding. By leveraging the cross-modal clustering of VLM KVCache, we achieve higher accuracy and better system performance. However, existing approaches often fail to optimize KVCache distribution across multiple modalities, resulting in significant computational and memory bottlenecks. To address these challenges, we propose a cluster-driven VLM inference system that leverages cross-modal KVCache clustering to optimize KVCache organization, maintenance, and retrieval. We further introduce a lightweight GPU-resident index, enabling efficient KVCache retrieval under offloading.","{""R1_F1"": 0.46853146853146854, ""R1_P"": 0.5275590551181102, ""R1_R"": 0.42138364779874216, ""R2_F1"": 0.18309859154929575, ""R2_P"": 0.20634920634920634, ""R2_R"": 0.16455696202531644, ""R3_F1"": 0.12056737588652483, ""R3_P"": 0.136, ""R3_R"": 0.10828025477707007, ""RL_F1"": 0.2657342657342657, ""RL_P"": 0.2992125984251969, ""RL_R"": 0.2389937106918239, ""BS_F1"": 0.8866995573043823, ""BS_P"": 0.8972270488739014, ""BS_R"": 0.8764163851737976, ""FAITH"": 0.9259589314460754}","Large vision-language models (VLMs) are increasingly deployed over continuous video streams, where visual inputs arrive as temporally ordered frame sequences. Existing methods typically organize KVCache at the token level, which incurs substantial system overhead. To address these limitations, we propose a cluster-driven VLM inference system for streaming long video understanding. By leveraging the cross-modal clustering of VLM KVCache, we achieve higher accuracy and better system performance. However, existing approaches often fail to optimize KVCache distribution across multiple modalities, resulting in significant computational and memory bottlenecks. We further introduce a lightweight GPU-resident index, enabling efficient KVCache retrieval under offloading.","{""R1_F1"": 0.4444444444444444, ""R1_P"": 0.5686274509803921, ""R1_R"": 0.36477987421383645, ""R2_F1"": 0.16216216216216214, ""R2_P"": 0.2079207920792079, ""R2_R"": 0.13291139240506328, ""R3_F1"": 0.10894941634241247, ""R3_P"": 0.14, ""R3_R"": 0.08917197452229299, ""RL_F1"": 0.26053639846743293, ""RL_P"": 0.3333333333333333, ""RL_R"": 0.2138364779874214, ""BS_F1"": 0.8844034671783447, ""BS_P"": 0.8954449892044067, ""BS_R"": 0.873630940914154, ""FAITH"": 0.9229901134967804}",lora_t5_r256_alpha512
5,"Functional magnetic resonance imaging (fMRI) is widely used for studying and diagnosing brain disorders, with functional connectivity (FC) matrices providing powerful representations of large-scale neural interactions. However, existing diagnostic models are trained either on a single site or under full multi-site access, making them unsuitable for real-world scenarios where clinical data arrive sequentially from different institutions. This results in limited generalization and severe catastrophic forgetting. This paper presents the first continual learning framework specifically designed for fMRI-based diagnosis across heterogeneous clinical sites. Our framework introduces a structure-aware variational autoencoder that synthesizes realistic FC matrices for both patient and control groups. Built on this generative backbone, we develop a multi-level knowledge distillation strategy that aligns predictions and graph representations between new-site data and replayed samples. To further enhance efficiency, we incorporate a hierarchical contextual bandit scheme for adaptive replay sampling. Experiments on multi-site datasets for major depressive disorder (MDD), schizophrenia (SZ), and autism spectrum disorder (ASD) show that the proposed generative model enhances data augmentation quality, and the overall continual learning framework substantially outperforms existing methods in mitigating catastrophic forgetting. Our code is available at .",functional magnetic resonance imaging (fMRI) is a non-invasive technique that measures brain activity through blood-oxygen-level-dependent (BOLD) signals . existing fMRI-based diagnostic models exhibit limited reliability for practical clinical deployment .,"{""R1_F1"": 0.16, ""R1_P"": 0.5454545454545454, ""R1_R"": 0.09375, ""R2_F1"": 0.06278026905829596, ""R2_P"": 0.21875, ""R2_R"": 0.03664921465968586, ""R3_F1"": 0.03619909502262443, ""R3_P"": 0.12903225806451613, ""R3_R"": 0.021052631578947368, ""RL_F1"": 0.11555555555555555, ""RL_P"": 0.3939393939393939, ""RL_R"": 0.06770833333333333, ""BS_F1"": 0.8342001438140869, ""BS_P"": 0.8615247011184692, ""BS_R"": 0.8085556030273438, ""FAITH"": 0.9822739362716675}","Functional magnetic resonance imaging (fMRI) is a non-invasive technique that measures brain activity through blood-oxygen-level-dependent (BOLD) signals. However, existing fMRI-based diagnostic models still exhibit limited reliability for practical clinical deployment. We introduce FORGE, the first continual learning framework for fMRI-based brain disorder diagnosis. FCM-VAE is a structure-aware generative model that synthesizes high-quality functional connectivity matrices, providing a viable solution for privacy-preserving replay in clinical environments. To address this limitation, we introduce a dual-level distillation and adaptive sampling mechanism that stabilizes learning through dual-level distillation and adaptive sampling, ensuring knowledge retention as new sites arrive. Experiments on three large-scale neuroimaging datasets demonstrate consistent improvements in accuracy and significant reductions in forgetting compared with state-of-the-art approaches.","{""R1_F1"": 0.45962732919254656, ""R1_P"": 0.5692307692307692, ""R1_R"": 0.3854166666666667, ""R2_F1"": 0.14999999999999997, ""R2_P"": 0.18604651162790697, ""R2_R"": 0.1256544502617801, ""R3_F1"": 0.056603773584905655, ""R3_P"": 0.0703125, ""R3_R"": 0.04736842105263158, ""RL_F1"": 0.2732919254658385, ""RL_P"": 0.3384615384615385, ""RL_R"": 0.22916666666666666, ""BS_F1"": 0.8749697804450989, ""BS_P"": 0.8855384588241577, ""BS_R"": 0.8646503686904907, ""FAITH"": 0.9355777303377787}","Functional magnetic resonance imaging (fMRI) is a non-invasive technique that measures brain activity through blood-oxygen-level-dependent (BOLD) signals. However, existing fMRI-based diagnostic models still exhibit limited reliability for practical clinical deployment. We introduce FORGE, the first continual learning framework for fMRI-based brain disorder diagnosis. FCM-VAE is a structure-aware generative model that synthesizes high-quality functional connectivity matrices, providing a viable solution for privacy-preserving replay in clinical environments. Experiments on three large-scale neuroimaging datasets demonstrate consistent improvements in accuracy and significant reductions in forgetting compared with state-of-the-art approaches.","{""R1_F1"": 0.3986254295532646, ""R1_P"": 0.5858585858585859, ""R1_R"": 0.3020833333333333, ""R2_F1"": 0.1522491349480969, ""R2_P"": 0.22448979591836735, ""R2_R"": 0.11518324607329843, ""R3_F1"": 0.0627177700348432, ""R3_P"": 0.09278350515463918, ""R3_R"": 0.04736842105263158, ""RL_F1"": 0.25429553264604815, ""RL_P"": 0.37373737373737376, ""RL_R"": 0.19270833333333334, ""BS_F1"": 0.8685791492462158, ""BS_P"": 0.8849676847457886, ""BS_R"": 0.852786660194397, ""FAITH"": 0.968465530872345}",lora_t5_r256_alpha512
6,"We study the Stokes–Poisson–Boltzmann equations with Dirichlet and Navier boundary conditions. The system consists of the incompressible Stokes equations coupled with a nonlinear Poisson–Boltzmann equation through electrostatic forcing and convective transport effects. To handle the Navier boundary conditions in a unified framework, we employ Nitsche’s method for their weak imposition within a conforming finite element setting. We derive a consistent and stable discrete formulation and establish the well-posedness of the resulting problem. By carefully choosing the penalty parameters, the bilinear form is shown to be coercive and continuous. A priori error estimates are proved in the natural energy norms, yielding optimal-order convergence under suitable regularity assumptions. Furthermore, we develop residual-based a posteriori error estimators that incorporate element residuals, inter-element jump residuals, and boundary residuals arising from the Nitsche formulation. The estimators are shown to be reliable and locally efficient. Numerical experiments confirm the theoretical results and demonstrate the robustness and accuracy of the proposed method for the Stokes–Poisson–Boltzmann system.","electrically charged fluid flows play an important role in several chemical applications, such as the design of nanopores for biomedical devices and the modelling of water purification systems . in this process, the motion of an electrolyte is driven by thin electric double layers that attract and repel ions near charged surfaces .","{""R1_F1"": 0.13636363636363635, ""R1_P"": 0.29411764705882354, ""R1_R"": 0.08875739644970414, ""R2_F1"": 0.0, ""R2_P"": 0.0, ""R2_R"": 0.0, ""R3_F1"": 0.0, ""R3_P"": 0.0, ""R3_R"": 0.0, ""RL_F1"": 0.0909090909090909, ""RL_P"": 0.19607843137254902, ""RL_R"": 0.05917159763313609, ""BS_F1"": 0.7929309010505676, ""BS_P"": 0.806043803691864, ""BS_R"": 0.7802377939224243, ""FAITH"": 0.9824761748313904}","Electro-osmosis is a fundamental process for transporting electrically charged fluids without mechanical pumping. In many simplified situations, the electric charge density and pressure gradients are not strong enough to influence the distribution of the electrostatic potential within the double layer. In this paper, we propose a discrete solution method that incorporates Banach’s fixed-point theorem combined with the Babuka-Brezzi theory and the Minty-Browder theorem. We prove the existence and uniqueness of the discrete solution using Banach’s fixed-point theorem combined with the Babuka-Brezzi theory and the Minty-Browder theorem. Furthermore, we develop optimal a priori error estimates for the proposed finite element scheme and prove the optimal convergence of the method in the energy norm. Finally, a residual-based a posteriori error estimator is developed and analyzed, with its reliability and efficiency rigorously evaluated.","{""R1_F1"": 0.45307443365695793, ""R1_P"": 0.5, ""R1_R"": 0.41420118343195267, ""R2_F1"": 0.1302931596091205, ""R2_P"": 0.14388489208633093, ""R2_R"": 0.11904761904761904, ""R3_F1"": 0.04590163934426229, ""R3_P"": 0.050724637681159424, ""R3_R"": 0.041916167664670656, ""RL_F1"": 0.23300970873786409, ""RL_P"": 0.2571428571428571, ""RL_R"": 0.21301775147928995, ""BS_F1"": 0.8533892631530762, ""BS_P"": 0.8611077666282654, ""BS_R"": 0.8458079099655151, ""FAITH"": 0.6156517366568247}","Electro-osmosis is a fundamental process for transporting electrically charged fluids without mechanical pumping. In many simplified situations, the electric charge density and pressure gradients are not strong enough to influence the distribution of the electrostatic potential within the double layer. In this paper, we propose a discrete solution method that incorporates Banach’s fixed-point theorem combined with the Babuka-Brezzi theory and the Minty-Browder theorem. Furthermore, we develop optimal a priori error estimates for the proposed finite element scheme and prove the optimal convergence of the method in the energy norm. Finally, a residual-based a posteriori error estimator is developed and analyzed, with its reliability and efficiency rigorously evaluated.","{""R1_F1"": 0.4397163120567376, ""R1_P"": 0.5486725663716814, ""R1_R"": 0.3668639053254438, ""R2_F1"": 0.13571428571428573, ""R2_P"": 0.16964285714285715, ""R2_R"": 0.1130952380952381, ""R3_F1"": 0.050359712230215826, ""R3_P"": 0.06306306306306306, ""R3_R"": 0.041916167664670656, ""RL_F1"": 0.2269503546099291, ""RL_P"": 0.2831858407079646, ""RL_R"": 0.1893491124260355, ""BS_F1"": 0.8510653376579285, ""BS_P"": 0.8635449409484863, ""BS_R"": 0.8389412760734558, ""FAITH"": 0.54528306722641}",lora_t5_r256_alpha512
7,"Existing age estimation methods treat each face as an independent sample, learning a global mapping from appearance to age. This ignores a well-documented phenomenon:individuals age at different rates due to genetics, lifestyle, and health, making the mapping from face to age identity-dependent. When reference images of the same person with known ages are available, we can exploit this context to personalize the estimate. The only existing benchmark for this task (NIST FRVT) is closed-source and limited to a single reference image. In this work, we introduce OpenPAE, the first open benchmark for -shot personalized age estimation with strict evaluation protocols. We establish a hierarchy of increasingly sophisticated baselines:from arithmetic offset, through closed-form Bayesian linear regression, to a conditional attentive neural process. Our experiments show that personalization consistently improves performance, that the gains are not merely domain adaptation, and that nonlinear methods significantly outperform simpler alternatives. We release all models, code, protocols, and evaluation splits.","standard approaches learn a global mapping from facial appearance to age, treating each face as an independent sample drawn from a shared population . the difference between a person’s apparent age and their chronological age is heavily modulated by genetics, health, and lifestyle .","{""R1_F1"": 0.2857142857142857, ""R1_P"": 0.6744186046511628, ""R1_R"": 0.18125, ""R2_F1"": 0.11940298507462686, ""R2_P"": 0.2857142857142857, ""R2_R"": 0.07547169811320754, ""R3_F1"": 0.09045226130653265, ""R3_P"": 0.21951219512195122, ""R3_R"": 0.056962025316455694, ""RL_F1"": 0.15763546798029557, ""RL_P"": 0.37209302325581395, ""RL_R"": 0.1, ""BS_F1"": 0.8604599833488464, ""BS_P"": 0.8904221057891846, ""BS_R"": 0.8324486017227173, ""FAITH"": 0.9519244730472565}","We introduce Attention Global (Attn-G), a novel benchmark for face-based age estimation. The benchmark is trained exclusively on the CSFD dataset and tested across diverse target datasets. The benchmark explicitly separates true identity-specific personalization from dataset bias and age prior correction. Our extensive baseline evaluation demonstrates that human aging trajectories are highly complex and identity-dependent; effectively modeling them requires deep models and joint-context aggregation rather than simple arithmetic offsets. We provide an experimental setup to explicitly separate true identity-specific personalization from dataset bias and age prior correction.","{""R1_F1"": 0.3162055335968379, ""R1_P"": 0.43010752688172044, ""R1_R"": 0.25, ""R2_F1"": 0.04780876494023904, ""R2_P"": 0.06521739130434782, ""R2_R"": 0.03773584905660377, ""R3_F1"": 0.0, ""R3_P"": 0.0, ""R3_R"": 0.0, ""RL_F1"": 0.15019762845849802, ""RL_P"": 0.20430107526881722, ""RL_R"": 0.11875, ""BS_F1"": 0.8438441753387451, ""BS_P"": 0.8479688763618469, ""BS_R"": 0.839759349822998, ""FAITH"": 0.957693874835968}","We introduce Attention Global (Attn-G), a novel benchmark for face-based age estimation. The benchmark is trained exclusively on the CSFD dataset and tested across diverse target datasets. The benchmark explicitly separates true identity-specific personalization from dataset bias and age prior correction. Our extensive baseline evaluation demonstrates that human aging trajectories are highly complex and identity-dependent; effectively modeling them requires deep models and joint-context aggregation rather than simple arithmetic offsets.","{""R1_F1"": 0.2905982905982906, ""R1_P"": 0.4594594594594595, ""R1_R"": 0.2125, ""R2_F1"": 0.05172413793103448, ""R2_P"": 0.0821917808219178, ""R2_R"": 0.03773584905660377, ""R3_F1"": 0.0, ""R3_P"": 0.0, ""R3_R"": 0.0, ""RL_F1"": 0.1623931623931624, ""RL_P"": 0.25675675675675674, ""RL_R"": 0.11875, ""BS_F1"": 0.8492208123207092, ""BS_P"": 0.8590838313102722, ""BS_R"": 0.8395816087722778, ""FAITH"": 0.9509110152721405}",lora_t5_r256_alpha512
8,"We consider a coded caching problem with multiple demands under a privacy constraint. In this problem, a server with access to files serves users over a shared link, and each user requests distinct files. The privacy constraint requires that each user obtain no information about the demands of the other users. We propose a new achievable scheme for arbitrary numbers of files and users. The scheme is obtained via a transformation from a non-private coded caching scheme under uncoded placement for files and users, where each user requests one file and the demands are restricted to a subset of all possible demands. We then derive a converse bound, and the proposed scheme is shown to be order optimal within a factor of 6 of this bound.","coded caching, formulated by Maddah-Ali and Niesen in , has received significant attention . the system consists of two phases:a placement phase, where each user fills its cache as a function of the files, and a delivery phase . in the delivery phase, each user requests one file, and the server broadcasts a message to ensure that each user can decode its requested file .","{""R1_F1"": 0.35789473684210527, ""R1_P"": 0.5396825396825397, ""R1_R"": 0.2677165354330709, ""R2_F1"": 0.1382978723404255, ""R2_P"": 0.20967741935483872, ""R2_R"": 0.10317460317460317, ""R3_F1"": 0.07526881720430108, ""R3_P"": 0.11475409836065574, ""R3_R"": 0.056, ""RL_F1"": 0.2105263157894737, ""RL_P"": 0.31746031746031744, ""RL_R"": 0.15748031496062992, ""BS_F1"": 0.8369458317756653, ""BS_P"": 0.8383491039276123, ""BS_R"": 0.8355472087860107, ""FAITH"": 0.9475433826446533}","Demand-private coded caching with multiple demands is a fundamental problem in which a server accessing a library of files serves users over an error-free shared link, where each user requests one file and the server broadcasts a message to ensure that each user can decode its requested file based on its own cache content and the broadcast message. In this paper, we propose a new achievable scheme for demand-private coded caching with multiple demands. The proposed scheme is based on a transformation from an RD-NP-UCC scheme to a scheme for demand-private coded caching with multiple demands. We also establish a converse bound, showing that the proposed scheme is order optimal within a factor of .","{""R1_F1"": 0.6072874493927125, ""R1_P"": 0.625, ""R1_R"": 0.5905511811023622, ""R2_F1"": 0.35102040816326535, ""R2_P"": 0.36134453781512604, ""R2_R"": 0.3412698412698413, ""R3_F1"": 0.19753086419753088, ""R3_P"": 0.2033898305084746, ""R3_R"": 0.192, ""RL_F1"": 0.4615384615384615, ""RL_P"": 0.475, ""RL_R"": 0.44881889763779526, ""BS_F1"": 0.901287317276001, ""BS_P"": 0.8993221521377563, ""BS_R"": 0.9032610654830933, ""FAITH"": 0.46996375918388367}","Demand-private coded caching with multiple demands is a fundamental problem in which a server accessing a library of files serves users over an error-free shared link, where each user requests one file and the server broadcasts a message to ensure that each user can decode its requested file based on its own cache content and the broadcast message.","{""R1_F1"": 0.42780748663101603, ""R1_P"": 0.6666666666666666, ""R1_R"": 0.31496062992125984, ""R2_F1"": 0.2162162162162162, ""R2_P"": 0.3389830508474576, ""R2_R"": 0.15873015873015872, ""R3_F1"": 0.12021857923497267, ""R3_P"": 0.1896551724137931, ""R3_R"": 0.088, ""RL_F1"": 0.31016042780748665, ""RL_P"": 0.48333333333333334, ""RL_R"": 0.2283464566929134, ""BS_F1"": 0.8673781156539917, ""BS_P"": 0.8823994994163513, ""BS_R"": 0.852859616279602, ""FAITH"": -1.0}",lora_t5_r256_alpha512
9,"Traditional neural network models for intent inference rely heavily on observable states and struggle to generalize across diverse tasks and dynamic environments. Recent advances in Vision–Language Models (VLMs) and Vision–Language–Action (VLA) models introduce common-sense reasoning through large-scale multimodal pretraining, enabling zero-shot performance across tasks. However, these models still lack explicit mechanisms to represent and update belief, limiting their ability to reason like humans or capture the evolving human intent over long-horizon. To address this, we propose a belief-aware VLM framework that integrates retrieval-based memory and reinforcement learning. Instead of learning an explicit belief model, we approximate belief using a vector-based memory that retrieves relevant multimodal context, which is incorporated into the VLM for reasoning. We further refine decision-making using a reinforcement learning policy over the VLM latent space. We evaluate our approach on publicly available VQA datasets such as HD-EPIC and demonstrate consistent improvements over zero-shot baselines, highlighting the importance of belief-aware reasoning.","classic frameworks such as Markov Decision Processes (MDPs) and Partially Observable MDPs (POMDPs) explicitly model latent states and belief updates . these formulations have also inspired cognitive models of human reasoning, where agents maintain and update beliefs about others’ intents .","{""R1_F1"": 0.1941747572815534, ""R1_P"": 0.5128205128205128, ""R1_R"": 0.11976047904191617, ""R2_F1"": 0.03921568627450981, ""R2_P"": 0.10526315789473684, ""R2_R"": 0.024096385542168676, ""R3_F1"": 0.009900990099009901, ""R3_P"": 0.02702702702702703, ""R3_R"": 0.006060606060606061, ""RL_F1"": 0.08737864077669905, ""RL_P"": 0.23076923076923078, ""RL_R"": 0.05389221556886228, ""BS_F1"": 0.8347879648208618, ""BS_P"": 0.8533022403717041, ""BS_R"": 0.8170600533485413, ""FAITH"": 0.960046648979187}","We present a belief-aware vision–language model for egocentric video reasoning that explicitly incorporates latent belief to capture intent and contextual dependencies. Our approach leverages a retrieval-based memory of past multimodal experiences and refines the policy with reinforcement learning, enabling consistent and goal-directed decision-making. Experiments on the HD-EPIC dataset demonstrate significant improvements over strong baselines across diverse VQA tasks, particularly in scenarios requiring temporal reasoning and intent inference. These results highlight the importance of modeling belief for human-like reasoning and suggest a promising direction for integrating cognitive principles into large multimodal models.","{""R1_F1"": 0.5433962264150943, ""R1_P"": 0.7346938775510204, ""R1_R"": 0.4311377245508982, ""R2_F1"": 0.12927756653992395, ""R2_P"": 0.17525773195876287, ""R2_R"": 0.10240963855421686, ""R3_F1"": 0.038314176245210725, ""R3_P"": 0.052083333333333336, ""R3_R"": 0.030303030303030304, ""RL_F1"": 0.22641509433962265, ""RL_P"": 0.30612244897959184, ""RL_R"": 0.17964071856287425, ""BS_F1"": 0.8822158575057983, ""BS_P"": 0.8937767744064331, ""BS_R"": 0.8709502220153809, ""FAITH"": 0.9639730751514435}","We present a belief-aware vision–language model for egocentric video reasoning that explicitly incorporates latent belief to capture intent and contextual dependencies. Our approach leverages a retrieval-based memory of past multimodal experiences and refines the policy with reinforcement learning, enabling consistent and goal-directed decision-making. Experiments on the HD-EPIC dataset demonstrate significant improvements over strong baselines across diverse VQA tasks, particularly in scenarios requiring temporal reasoning and intent inference. These results highlight the importance of modeling belief for human-like reasoning and suggest a promising direction for integrating cognitive principles into large multimodal models.","{""R1_F1"": 0.5433962264150943, ""R1_P"": 0.7346938775510204, ""R1_R"": 0.4311377245508982, ""R2_F1"": 0.12927756653992395, ""R2_P"": 0.17525773195876287, ""R2_R"": 0.10240963855421686, ""R3_F1"": 0.038314176245210725, ""R3_P"": 0.052083333333333336, ""R3_R"": 0.030303030303030304, ""RL_F1"": 0.22641509433962265, ""RL_P"": 0.30612244897959184, ""RL_R"": 0.17964071856287425, ""BS_F1"": 0.8822158575057983, ""BS_P"": 0.8937767744064331, ""BS_R"": 0.8709502220153809, ""FAITH"": 0.9639730751514435}",lora_t5_r256_alpha512
10,"Continual Learning (CL) aims to train neural networks on a dynamic stream of tasks without forgetting previously learned knowledge. Among optimization-based approaches, C-Flat has emerged as a promising solution due to its plug-and-play nature and its ability to encourage uniformly low-loss regions for both new and old tasks. However, C-Flat requires three additional gradient computations per iteration, imposing substantial overhead on the optimization process. In this work, we propose C-Flat Turbo, a faster yet stronger optimizer that significantly reduces the training cost. We show that the gradients associated with first-order flatness contain direction-invariant components relative to the proxy-model gradients, enabling us to skip redundant gradient computations in the perturbed ascent steps. Moreover, we observe that these flatness-promoting gradients progressively stabilize across tasks, which motivates a linear scheduling strategy with an adaptive trigger to allocate larger turbo steps for later tasks. Experiments show that C-Flat Turbo is 1.0× to 1.25× faster than C-Flat across a wide range of CL methods, while achieving comparable or even improved accuracy.",continual learning (CL) is a process of learning incrementally . a major obstacle is catastrophic forgetting . various approaches have been proposed to address this challenge .,"{""R1_F1"": 0.13658536585365852, ""R1_P"": 0.5833333333333334, ""R1_R"": 0.07734806629834254, ""R2_F1"": 0.019704433497536946, ""R2_P"": 0.08695652173913043, ""R2_R"": 0.011111111111111112, ""R3_F1"": 0.009950248756218907, ""R3_P"": 0.045454545454545456, ""R3_R"": 0.00558659217877095, ""RL_F1"": 0.0878048780487805, ""RL_P"": 0.375, ""RL_R"": 0.049723756906077346, ""BS_F1"": 0.8258817195892334, ""BS_P"": 0.8542956113815308, ""BS_R"": 0.7992970943450928, ""FAITH"": 0.9363462726275126}","In continuous learning (CL), catastrophic forgetting is a major obstacle due to the lack of generalization and generalization capabilities of pre-trained models (PTMs). However, existing methods often fail to adapt to changing parameters, limiting their effectiveness. To address this challenge, we propose C-Flat Turbo, a novel optimization framework for continual learning (CIL). C-Flat Turbo optimizes for flat regions by adaptively changing the oracle gradient. We find that C-Flat Turbo significantly improves efficiency by reducing the cost of estimating the flatness component. Our results show that adaptively changing the oracle gradient can yield tangible efficiency gains in continual learning, and that C-Flat Turbo can be seamlessly integrated into a wide range of CL methods.","{""R1_F1"": 0.44147157190635444, ""R1_P"": 0.559322033898305, ""R1_R"": 0.36464088397790057, ""R2_F1"": 0.14141414141414144, ""R2_P"": 0.1794871794871795, ""R2_R"": 0.11666666666666667, ""R3_F1"": 0.07457627118644068, ""R3_P"": 0.09482758620689655, ""R3_R"": 0.061452513966480445, ""RL_F1"": 0.25418060200668896, ""RL_P"": 0.3220338983050847, ""RL_R"": 0.20994475138121546, ""BS_F1"": 0.8613514304161072, ""BS_P"": 0.8746575117111206, ""BS_R"": 0.8484441041946411, ""FAITH"": 0.42048386732737225}","In continuous learning (CL), catastrophic forgetting is a major obstacle due to the lack of generalization and generalization capabilities of pre-trained models (PTMs). However, existing methods often fail to adapt to changing parameters, limiting their effectiveness. To address this challenge, we propose C-Flat Turbo, a novel optimization framework for continual learning (CIL). C-Flat Turbo optimizes for flat regions by adaptively changing the oracle gradient. We find that C-Flat Turbo significantly improves efficiency by reducing the cost of estimating the flatness component.","{""R1_F1"": 0.39849624060150374, ""R1_P"": 0.6235294117647059, ""R1_R"": 0.292817679558011, ""R2_F1"": 0.10606060606060606, ""R2_P"": 0.16666666666666666, ""R2_R"": 0.07777777777777778, ""R3_F1"": 0.05343511450381679, ""R3_P"": 0.08433734939759036, ""R3_R"": 0.03910614525139665, ""RL_F1"": 0.19548872180451127, ""RL_P"": 0.3058823529411765, ""RL_R"": 0.143646408839779, ""BS_F1"": 0.8619713187217712, ""BS_P"": 0.878031849861145, ""BS_R"": 0.8464877605438232, ""FAITH"": 0.3103292465209961}",lora_t5_r256_alpha512
1,"Conventional RGB-based high dynamic range (HDR) imaging faces a fundamental trade-off between motion artifacts in multi-exposure captures and irreversible information loss in single-shot techniques. Modulo sensors offer a promising alternative by encoding theoretically unbounded dynamic range into wrapped measurements. However, existing modulo solutions remain bottlenecked by iterative unwrapping overhead and hardware constraints limiting them to low-speed, grayscale capture. In this work, we present a complete modulo-based HDR imaging system that enables high-speed, full-color HDR acquisition by synergistically advancing both the sensing formulation and the unwrapping algorithm. At the core of our approach is an exposure-decoupled formulation of modulo imaging that allows multiple measurements to be interleaved in time, preserving a clean, observation-wise measurement model. Building upon this, we introduce an iteration-free unwrapping algorithm that integrates diffusion-based generative priors with the physical least absolute remainder property of modulo images, supporting highly efficient, physics-consistent HDR reconstruction. Finally, to validate the practical viability of our system, we demonstrate a proof-of-concept hardware implementation based on modulo-encoded spike streams. This setup preserves the native high temporal resolution of spike cameras, achieving 1000 FPS full-color imaging while reducing output data bandwidth from approximately 20 Gbps to 6 Gbps. Extensive evaluations indicate that our coordinated approach successfully overcomes key systemic bottlenecks, demonstrating the feasibility of deploying modulo imaging in dynamic scenarios.",high dynamic range (HDR) imaging has become an essential area of study . we introduce a cyclic encoding that embeds into a sinusoidal space . it can operate robustly for FPS HDR imaging with a s unwrapping time per frame .,"{""R1_F1"": 0.15613382899628253, ""R1_P"": 0.5526315789473685, ""R1_R"": 0.09090909090909091, ""R2_F1"": 0.0449438202247191, ""R2_P"": 0.16216216216216217, ""R2_R"": 0.02608695652173913, ""R3_F1"": 0.022641509433962263, ""R3_P"": 0.08333333333333333, ""R3_R"": 0.013100436681222707, ""RL_F1"": 0.09665427509293681, ""RL_P"": 0.34210526315789475, ""RL_R"": 0.05627705627705628, ""BS_F1"": 0.8384864926338196, ""BS_P"": 0.8616694808006287, ""BS_R"": 0.8165181875228882, ""FAITH"": 0.9865121046702067}","High dynamic range (HDR) imaging is essential for preserving perceptual quality but also for ensuring the robustness of downstream computer vision tasks. Existing methods typically reconstruct HDR content from conventional LDR observations, but they often fail to account for the intrinsic periodic structure of modulo-based HDR imaging. To address this challenge, we propose a modulo-based unwrapping algorithm that combines a cyclic encoding with a cyclic encoding, enabling the refiner to explicitly reason about modulo periodicity. This design is highly consistent with the intrinsic periodic structure of modulo-based HDR imaging, where irradiance values differ by integer multiples of the modulo period are physically indistinguishable. Extensive experiments on synthetic benchmarks, downstream application scenarios, and real-captured data collectively demonstrate the practical viability of our system.","{""R1_F1"": 0.380952380952381, ""R1_P"": 0.5396825396825397, ""R1_R"": 0.2943722943722944, ""R2_F1"": 0.10140845070422536, ""R2_P"": 0.144, ""R2_R"": 0.0782608695652174, ""R3_F1"": 0.05665722379603399, ""R3_P"": 0.08064516129032258, ""R3_R"": 0.043668122270742356, ""RL_F1"": 0.1680672268907563, ""RL_P"": 0.23809523809523808, ""RL_R"": 0.12987012987012986, ""BS_F1"": 0.8560720682144165, ""BS_P"": 0.8653784394264221, ""BS_R"": 0.8469637632369995, ""FAITH"": 0.8619807958602905}","High dynamic range (HDR) imaging is essential for preserving perceptual quality but also for ensuring the robustness of downstream computer vision tasks. Existing methods typically reconstruct HDR content from conventional LDR observations, but they often fail to account for the intrinsic periodic structure of modulo-based HDR imaging. To address this challenge, we propose a modulo-based unwrapping algorithm that combines a cyclic encoding with a cyclic encoding, enabling the refiner to explicitly reason about modulo periodicity. Extensive experiments on synthetic benchmarks, downstream application scenarios, and real-captured data collectively demonstrate the practical viability of our system.","{""R1_F1"": 0.323170731707317, ""R1_P"": 0.5463917525773195, ""R1_R"": 0.22943722943722944, ""R2_F1"": 0.09815950920245399, ""R2_P"": 0.16666666666666666, ""R2_R"": 0.06956521739130435, ""R3_F1"": 0.0617283950617284, ""R3_P"": 0.10526315789473684, ""R3_R"": 0.043668122270742356, ""RL_F1"": 0.15853658536585366, ""RL_P"": 0.26804123711340205, ""RL_R"": 0.11255411255411256, ""BS_F1"": 0.8584457039833069, ""BS_P"": 0.8728254437446594, ""BS_R"": 0.8445320129394531, ""FAITH"": 0.8380493968725204}",lora_t5_r512_alpha1024
2,"The rapid progress of Artificial Intelligence Generated Content (AIGC) tools enables images, videos, and visualizations to be created on demand for webpage design, offering a flexible and increasingly adopted paradigm for modern UI/UX. However, directly integrating such tools into automated webpage generation often leads to style inconsistency and poor global coherence, as elements are generated in isolation. We propose MM-WebAgent, a hierarchical agentic framework for multimodal webpage generation that coordinates AIGC-based element generation through hierarchical planning and iterative self-reflection. MM-WebAgent jointly optimizes global layout, local multimodal content, and their integration, producing coherent and visually consistent webpages. We further introduce MM-WebGEN-Bench and a multi-level evaluation protocol for systematic assessment. Experiments demonstrate that MM-WebAgent outperforms code-generation and agent-based baselines, especially on multimodal element generation and integration.","webpage generation is a practical and high-impact application of large language models . real-world webpages contain heterogeneous multimodal elements such as images, videos, and charts . most existing pipelines populate these elements via retrieval or placeholders .","{""R1_F1"": 0.16374269005847952, ""R1_P"": 0.3888888888888889, ""R1_R"": 0.1037037037037037, ""R2_F1"": 0.04733727810650888, ""R2_P"": 0.11428571428571428, ""R2_R"": 0.029850746268656716, ""R3_F1"": 0.011976047904191616, ""R3_P"": 0.029411764705882353, ""R3_R"": 0.007518796992481203, ""RL_F1"": 0.09356725146198831, ""RL_P"": 0.2222222222222222, ""RL_R"": 0.05925925925925926, ""BS_F1"": 0.8453391790390015, ""BS_P"": 0.8628673553466797, ""BS_R"": 0.8285089731216431, ""FAITH"": 0.9229950110117594}","Webpage generation is a practical and high-impact application of large language models (LLMs). However, real-world webpages contain heterogeneous multimodal elements such as images, videos, and charts, whose content, style, and geometry must cohere with the global layout and the semantic intent. Existing pipelines typically populate these elements via retrieval or placeholders, then generate or insert assets independently. This leads to (i) cross-linking between generated media and reserved slots, and (ii) inconsistent integration of multimodal elements within the agent loop. To address this limitation, we introduce Multimodal Agent, a novel framework that integrates multimodal content generation as a first-class action within the agent loop. We evaluate our system across six evaluation dimensions:layout, style, and aesthetics measure global page-level quality, while image, video, and chart assess the quality and integration of local multimodal elements. The system achieves the best performance on both global and local metrics, with an average score of 0.75. Furthermore, it shows substantial improvements on multimodal element metrics, including image, video, and chart. These results highlight the limitations of code-only generation pipelines and demonstrate the advantages of treating multimodal content generation as a first-class action within the agent loop.","{""R1_F1"": 0.37125748502994016, ""R1_P"": 0.31155778894472363, ""R1_R"": 0.45925925925925926, ""R2_F1"": 0.060240963855421686, ""R2_P"": 0.050505050505050504, ""R2_R"": 0.07462686567164178, ""R3_F1"": 0.01212121212121212, ""R3_P"": 0.01015228426395939, ""R3_R"": 0.015037593984962405, ""RL_F1"": 0.15568862275449102, ""RL_P"": 0.1306532663316583, ""RL_R"": 0.1925925925925926, ""BS_F1"": 0.8601118326187134, ""BS_P"": 0.8576871752738953, ""BS_R"": 0.8625501394271851, ""FAITH"": 0.625343898932139}","Webpage generation is a practical and high-impact application of large language models (LLMs). However, real-world webpages contain heterogeneous multimodal elements such as images, videos, and charts, whose content, style, and geometry must cohere with the global layout and the semantic intent. Existing pipelines typically populate these elements via retrieval or placeholders, then generate or insert assets independently. This leads to (i) cross-linking between generated media and reserved slots, and (ii) inconsistent integration of multimodal elements within the agent loop. We evaluate our system across six evaluation dimensions:layout, style, and aesthetics measure global page-level quality, while image, video, and chart assess the quality and integration of local multimodal elements. The system achieves the best performance on both global and local metrics, with an average score of 0.75.","{""R1_F1"": 0.3445692883895132, ""R1_P"": 0.3484848484848485, ""R1_R"": 0.34074074074074073, ""R2_F1"": 0.06037735849056603, ""R2_P"": 0.061068702290076333, ""R2_R"": 0.05970149253731343, ""R3_F1"": 0.0076045627376425855, ""R3_P"": 0.007692307692307693, ""R3_R"": 0.007518796992481203, ""RL_F1"": 0.16479400749063672, ""RL_P"": 0.16666666666666666, ""RL_R"": 0.16296296296296298, ""BS_F1"": 0.8572520613670349, ""BS_P"": 0.8588250875473022, ""BS_R"": 0.8556846976280212, ""FAITH"": 0.6208629310131073}",lora_t5_r512_alpha1024
3,"While LLMs have demonstrated remarkable potential in Question Answering (QA), evaluating personalization remains a critical bottleneck. Existing paradigms predominantly rely on lexical-level similarity or manual heuristics, often lacking sufficient data-driven validation. We address this by mining Community-Individual Preference Divergence (CIPD), where individual choices override consensus, to distill six key personalization factors as evaluative dimensions. Accordingly, we introduce CoPA, a benchmark with 1,985 user profiles for fine-grained, factor-level assessment. By quantifying the alignment between model outputs and user-specific cognitive preferences inferred from interaction patterns, CoPA provides a more comprehensive and discriminative standard for evaluating personalized QA than generic metrics. The code is available at .","Personalized Question Answering (QA) marks a paradigm shift from static, generic responses to dynamic, user-centric knowledge delivery .","{""R1_F1"": 0.15625, ""R1_P"": 0.5555555555555556, ""R1_R"": 0.09090909090909091, ""R2_F1"": 0.031746031746031744, ""R2_P"": 0.11764705882352941, ""R2_R"": 0.01834862385321101, ""R3_F1"": 0.016129032258064516, ""R3_P"": 0.0625, ""R3_R"": 0.009259259259259259, ""RL_F1"": 0.10937499999999997, ""RL_P"": 0.3888888888888889, ""RL_R"": 0.06363636363636363, ""BS_F1"": 0.8520329594612122, ""BS_P"": 0.8883365988731384, ""BS_R"": 0.818580150604248, ""FAITH"": 0.980903148651123}","Large Language Models (LLMs) have advanced personalized Question Answering (QA) by generating personalized, user-centric responses. However, existing evaluation methods often fail to capture the user’s personal preference, resulting in epistemic circularity and model biases. To address these challenges, we propose a framework that leverages Large Language Models (LLMs) as a Judge to generate personalized QA responses. Our framework incorporates two key components:(1) the principle induction, (2) the factor distillation, and (3) the evaluation of the generated responses under a rigorous theoretical grounding. We evaluate our framework on a wide range of application domains, spanning a wide range of applications. Our framework is validated through a multi-stage evaluation pipeline, enabling reliable evaluation of personalized QA.","{""R1_F1"": 0.3508771929824561, ""R1_P"": 0.3389830508474576, ""R1_R"": 0.36363636363636365, ""R2_F1"": 0.035398230088495575, ""R2_P"": 0.03418803418803419, ""R2_R"": 0.03669724770642202, ""R3_F1"": 0.008928571428571428, ""R3_P"": 0.008620689655172414, ""R3_R"": 0.009259259259259259, ""RL_F1"": 0.16666666666666663, ""RL_P"": 0.16101694915254236, ""RL_R"": 0.17272727272727273, ""BS_F1"": 0.8583596348762512, ""BS_P"": 0.8627974390983582, ""BS_R"": 0.8539671897888184, ""FAITH"": 0.473614643017451}","Large Language Models (LLMs) have advanced personalized Question Answering (QA) by generating personalized, user-centric responses. However, existing evaluation methods often fail to capture the user’s personal preference, resulting in epistemic circularity and model biases. Our framework incorporates two key components:(1) the principle induction, (2) the factor distillation, and (3) the evaluation of the generated responses under a rigorous theoretical grounding. Our framework is validated through a multi-stage evaluation pipeline, enabling reliable evaluation of personalized QA.","{""R1_F1"": 0.3597883597883597, ""R1_P"": 0.43037974683544306, ""R1_R"": 0.3090909090909091, ""R2_F1"": 0.0427807486631016, ""R2_P"": 0.05128205128205128, ""R2_R"": 0.03669724770642202, ""R3_F1"": 0.010810810810810811, ""R3_P"": 0.012987012987012988, ""R3_R"": 0.009259259259259259, ""RL_F1"": 0.17989417989417986, ""RL_P"": 0.21518987341772153, ""RL_R"": 0.15454545454545454, ""BS_F1"": 0.8614699244499207, ""BS_P"": 0.8692355155944824, ""BS_R"": 0.8538419008255005, ""FAITH"": 0.7540656924247742}",lora_t5_r512_alpha1024
4,"Large vision-language models (VLMs) are enabling interactive video reasoning, giving rise to streaming long-video understanding. In this setting, frames arrive continuously, while the system preserves long-term context and generates responses under strict latency constraints. A central challenge is KVCache management:as video streams grow, KVCache expands rapidly, increasing computation and memory overhead. Existing retrieval-based approaches exploit attention sparsity and offload inactive KVCache from GPU to CPU memory, but their token-level design causes high management overhead and fragmented data movement. We present Mosaic, the first cluster-driven VLM inference system for streaming long-video understanding. Our key insight is that VLM KVCache exhibits an implicit cross-modal clustering structure:retrieved KV states form groups jointly shaped by visual coherence and semantic relevance. Based on this observation, Mosaic uses cross-modal clusters as the basic unit of KVCache organization, maintenance, and retrieval. Evaluations show that Mosaic outperforms state-of-the-art baselines, achieving up to speedup.","early studies centered on static image-text pairs, but many of these emerging applications operate over continuous video streams . to overcome memory bottlenecks, a promising approach is to offload KVCache to CPU memory and retrieve it dynamically based on attention sparsity .","{""R1_F1"": 0.22, ""R1_P"": 0.5365853658536586, ""R1_R"": 0.13836477987421383, ""R2_F1"": 0.06060606060606061, ""R2_P"": 0.15, ""R2_R"": 0.0379746835443038, ""R3_F1"": 0.010204081632653062, ""R3_P"": 0.02564102564102564, ""R3_R"": 0.006369426751592357, ""RL_F1"": 0.14, ""RL_P"": 0.34146341463414637, ""RL_R"": 0.0880503144654088, ""BS_F1"": 0.8441630601882935, ""BS_P"": 0.8598871231079102, ""BS_R"": 0.8290036916732788, ""FAITH"": 0.9622853994369507}","Large vision-language models (VLMs) have emerged as a promising paradigm for streaming long video understanding. However, existing VLM inference methods typically organize KVCache at the token level, which incurs substantial system overhead. To address this, we propose StreamKVCache, a cluster-driven VLM inference system that enables efficient KVCache organization, maintenance, and retrieval under offloading. Specifically, StreamKVCache enables efficient KVCache organization, maintenance, and retrieval under offloading. Specifically, StreamKVCache enables efficient KVCache organization, maintenance, and retrieval, leading to improved overall system performance.","{""R1_F1"": 0.36666666666666664, ""R1_P"": 0.5432098765432098, ""R1_R"": 0.27672955974842767, ""R2_F1"": 0.14285714285714288, ""R2_P"": 0.2125, ""R2_R"": 0.10759493670886076, ""R3_F1"": 0.10169491525423728, ""R3_P"": 0.1518987341772152, ""R3_R"": 0.07643312101910828, ""RL_F1"": 0.25, ""RL_P"": 0.37037037037037035, ""RL_R"": 0.18867924528301888, ""BS_F1"": 0.8760891556739807, ""BS_P"": 0.8944924473762512, ""BS_R"": 0.8584278225898743, ""FAITH"": 0.8632269024848938}","Large vision-language models (VLMs) have emerged as a promising paradigm for streaming long video understanding. However, existing VLM inference methods typically organize KVCache at the token level, which incurs substantial system overhead. To address this, we propose StreamKVCache, a cluster-driven VLM inference system that enables efficient KVCache organization, maintenance, and retrieval under offloading.","{""R1_F1"": 0.34579439252336447, ""R1_P"": 0.6727272727272727, ""R1_R"": 0.23270440251572327, ""R2_F1"": 0.16037735849056603, ""R2_P"": 0.3148148148148148, ""R2_R"": 0.10759493670886076, ""R3_F1"": 0.11428571428571428, ""R3_P"": 0.22641509433962265, ""R3_R"": 0.07643312101910828, ""RL_F1"": 0.24299065420560745, ""RL_P"": 0.4727272727272727, ""RL_R"": 0.16352201257861634, ""BS_F1"": 0.8881067633628845, ""BS_P"": 0.916968584060669, ""BS_R"": 0.8610063791275024, ""FAITH"": 0.8979621926943461}",lora_t5_r512_alpha1024
5,"Functional magnetic resonance imaging (fMRI) is widely used for studying and diagnosing brain disorders, with functional connectivity (FC) matrices providing powerful representations of large-scale neural interactions. However, existing diagnostic models are trained either on a single site or under full multi-site access, making them unsuitable for real-world scenarios where clinical data arrive sequentially from different institutions. This results in limited generalization and severe catastrophic forgetting. This paper presents the first continual learning framework specifically designed for fMRI-based diagnosis across heterogeneous clinical sites. Our framework introduces a structure-aware variational autoencoder that synthesizes realistic FC matrices for both patient and control groups. Built on this generative backbone, we develop a multi-level knowledge distillation strategy that aligns predictions and graph representations between new-site data and replayed samples. To further enhance efficiency, we incorporate a hierarchical contextual bandit scheme for adaptive replay sampling. Experiments on multi-site datasets for major depressive disorder (MDD), schizophrenia (SZ), and autism spectrum disorder (ASD) show that the proposed generative model enhances data augmentation quality, and the overall continual learning framework substantially outperforms existing methods in mitigating catastrophic forgetting. Our code is available at .",functional magnetic resonance imaging (fMRI) is a non-invasive technique that measures brain activity through blood-oxygen-level-dependent (BOLD) signals . existing fMRI-based diagnostic models exhibit limited reliability for practical clinical deployment .,"{""R1_F1"": 0.16, ""R1_P"": 0.5454545454545454, ""R1_R"": 0.09375, ""R2_F1"": 0.06278026905829596, ""R2_P"": 0.21875, ""R2_R"": 0.03664921465968586, ""R3_F1"": 0.03619909502262443, ""R3_P"": 0.12903225806451613, ""R3_R"": 0.021052631578947368, ""RL_F1"": 0.11555555555555555, ""RL_P"": 0.3939393939393939, ""RL_R"": 0.06770833333333333, ""BS_F1"": 0.8342001438140869, ""BS_P"": 0.8615247011184692, ""BS_R"": 0.8085556030273438, ""FAITH"": 0.9822739362716675}","Functional magnetic resonance imaging (fMRI)-based brain disorder diagnosis remains challenging due to the limited reliability of existing fMRI-based diagnostic models. We propose FORGE, the first continual learning framework for fMRI-based brain disorder diagnosis. FCM-VAE is a structure-aware generative model that synthesizes high-quality functional connectivity matrices, providing a viable solution for privacy-preserving replay in clinical environments. For example, FCM-VAE synthesizes high-quality matrices from a graph, enabling a structured learning mechanism that stabilizes learning through dual-level distillation and adaptive sampling, ensuring knowledge retention as new sites arrive. Experiments on three large-scale neuroimaging datasets demonstrate consistent improvements in accuracy and significantly reduced forgetting compared with state-of-the-art approaches.","{""R1_F1"": 0.4580645161290322, ""R1_P"": 0.6016949152542372, ""R1_R"": 0.3697916666666667, ""R2_F1"": 0.13636363636363638, ""R2_P"": 0.1794871794871795, ""R2_R"": 0.1099476439790576, ""R3_F1"": 0.05228758169934641, ""R3_P"": 0.06896551724137931, ""R3_R"": 0.042105263157894736, ""RL_F1"": 0.2451612903225806, ""RL_P"": 0.3220338983050847, ""RL_R"": 0.19791666666666666, ""BS_F1"": 0.8752552270889282, ""BS_P"": 0.8920129537582397, ""BS_R"": 0.8591156005859375, ""FAITH"": 0.9427294850349426}","Functional magnetic resonance imaging (fMRI)-based brain disorder diagnosis remains challenging due to the limited reliability of existing fMRI-based diagnostic models. We propose FORGE, the first continual learning framework for fMRI-based brain disorder diagnosis. FCM-VAE is a structure-aware generative model that synthesizes high-quality functional connectivity matrices, providing a viable solution for privacy-preserving replay in clinical environments. For example, FCM-VAE synthesizes high-quality matrices from a graph, enabling a structured learning mechanism that stabilizes learning through dual-level distillation and adaptive sampling, ensuring knowledge retention as new sites arrive. Experiments on three large-scale neuroimaging datasets demonstrate consistent improvements in accuracy and significantly reduced forgetting compared with state-of-the-art approaches.","{""R1_F1"": 0.4580645161290322, ""R1_P"": 0.6016949152542372, ""R1_R"": 0.3697916666666667, ""R2_F1"": 0.13636363636363638, ""R2_P"": 0.1794871794871795, ""R2_R"": 0.1099476439790576, ""R3_F1"": 0.05228758169934641, ""R3_P"": 0.06896551724137931, ""R3_R"": 0.042105263157894736, ""RL_F1"": 0.2451612903225806, ""RL_P"": 0.3220338983050847, ""RL_R"": 0.19791666666666666, ""BS_F1"": 0.8752552270889282, ""BS_P"": 0.8920129537582397, ""BS_R"": 0.8591156005859375, ""FAITH"": 0.9427294850349426}",lora_t5_r512_alpha1024
6,"We study the Stokes–Poisson–Boltzmann equations with Dirichlet and Navier boundary conditions. The system consists of the incompressible Stokes equations coupled with a nonlinear Poisson–Boltzmann equation through electrostatic forcing and convective transport effects. To handle the Navier boundary conditions in a unified framework, we employ Nitsche’s method for their weak imposition within a conforming finite element setting. We derive a consistent and stable discrete formulation and establish the well-posedness of the resulting problem. By carefully choosing the penalty parameters, the bilinear form is shown to be coercive and continuous. A priori error estimates are proved in the natural energy norms, yielding optimal-order convergence under suitable regularity assumptions. Furthermore, we develop residual-based a posteriori error estimators that incorporate element residuals, inter-element jump residuals, and boundary residuals arising from the Nitsche formulation. The estimators are shown to be reliable and locally efficient. Numerical experiments confirm the theoretical results and demonstrate the robustness and accuracy of the proposed method for the Stokes–Poisson–Boltzmann system.","electrically charged fluid flows play an important role in several chemical applications, such as the design of nanopores for biomedical devices and the modelling of water purification systems . in this process, the motion of an electrolyte is driven by thin electric double layers that attract and repel ions near charged surfaces .","{""R1_F1"": 0.13636363636363635, ""R1_P"": 0.29411764705882354, ""R1_R"": 0.08875739644970414, ""R2_F1"": 0.0, ""R2_P"": 0.0, ""R2_R"": 0.0, ""R3_F1"": 0.0, ""R3_P"": 0.0, ""R3_R"": 0.0, ""RL_F1"": 0.0909090909090909, ""RL_P"": 0.19607843137254902, ""RL_R"": 0.05917159763313609, ""BS_F1"": 0.7929309010505676, ""BS_P"": 0.806043803691864, ""BS_R"": 0.7802377939224243, ""FAITH"": 0.9824761748313904}","Electro-osmosis is a process where electrolyte flows are driven by thin electric double layers that attract and repel ions near charged surfaces. In many simplified situations, the electric charge density and pressure gradients are not strong enough to directly influence the distribution of the electrostatic potential within the double layer. In this paper, we propose a finite element scheme for electro-osmosis, where the fluid flow and pressure gradients can be directly related to the electrostatic potential through simplified forms of the Poisson–Boltzmann equation. The proposed method is based on a fixed-point theorem with Banach’s fixed-point theorem combined with the Babuka-Brezzi theory and the Minty-Browder theorem. Under suitable small data assumptions, we establish the existence and uniqueness of the discrete solution using Banach’s fixed-point theorem combined with the Babuka-Brezzi theory and the Minty-Browder theorem. Furthermore, we develop optimal a priori error estimates for the proposed finite element scheme and prove the optimal convergence of the method in the energy norm. Finally, a residual-based a posteriori error estimator is developed and evaluated, with its reliability and efficiency rigorously verified.","{""R1_F1"": 0.4791086350974931, ""R1_P"": 0.45263157894736844, ""R1_R"": 0.5088757396449705, ""R2_F1"": 0.13445378151260504, ""R2_P"": 0.12698412698412698, ""R2_R"": 0.14285714285714285, ""R3_F1"": 0.050704225352112685, ""R3_P"": 0.047872340425531915, ""R3_R"": 0.05389221556886228, ""RL_F1"": 0.21727019498607242, ""RL_P"": 0.20526315789473684, ""RL_R"": 0.23076923076923078, ""BS_F1"": 0.8513180613517761, ""BS_P"": 0.8505685329437256, ""BS_R"": 0.8520690202713013, ""FAITH"": 0.6142335619245257}","Electro-osmosis is a process where electrolyte flows are driven by thin electric double layers that attract and repel ions near charged surfaces. In many simplified situations, the electric charge density and pressure gradients are not strong enough to directly influence the distribution of the electrostatic potential within the double layer. The proposed method is based on a fixed-point theorem with Banach’s fixed-point theorem combined with the Babuka-Brezzi theory and the Minty-Browder theorem. Finally, a residual-based a posteriori error estimator is developed and evaluated, with its reliability and efficiency rigorously verified.","{""R1_F1"": 0.29323308270676696, ""R1_P"": 0.4020618556701031, ""R1_R"": 0.23076923076923078, ""R2_F1"": 0.06818181818181818, ""R2_P"": 0.09375, ""R2_R"": 0.05357142857142857, ""R3_F1"": 0.03816793893129771, ""R3_P"": 0.05263157894736842, ""R3_R"": 0.029940119760479042, ""RL_F1"": 0.16541353383458648, ""RL_P"": 0.2268041237113402, ""RL_R"": 0.1301775147928994, ""BS_F1"": 0.8336256742477417, ""BS_P"": 0.8413123488426208, ""BS_R"": 0.8260780572891235, ""FAITH"": 0.426610067486763}",lora_t5_r512_alpha1024
7,"Existing age estimation methods treat each face as an independent sample, learning a global mapping from appearance to age. This ignores a well-documented phenomenon:individuals age at different rates due to genetics, lifestyle, and health, making the mapping from face to age identity-dependent. When reference images of the same person with known ages are available, we can exploit this context to personalize the estimate. The only existing benchmark for this task (NIST FRVT) is closed-source and limited to a single reference image. In this work, we introduce OpenPAE, the first open benchmark for -shot personalized age estimation with strict evaluation protocols. We establish a hierarchy of increasingly sophisticated baselines:from arithmetic offset, through closed-form Bayesian linear regression, to a conditional attentive neural process. Our experiments show that personalization consistently improves performance, that the gains are not merely domain adaptation, and that nonlinear methods significantly outperform simpler alternatives. We release all models, code, protocols, and evaluation splits.","standard approaches learn a global mapping from facial appearance to age, treating each face as an independent sample drawn from a shared population . the difference between a person’s apparent age and their chronological age is heavily modulated by genetics, health, and lifestyle .","{""R1_F1"": 0.2857142857142857, ""R1_P"": 0.6744186046511628, ""R1_R"": 0.18125, ""R2_F1"": 0.11940298507462686, ""R2_P"": 0.2857142857142857, ""R2_R"": 0.07547169811320754, ""R3_F1"": 0.09045226130653265, ""R3_P"": 0.21951219512195122, ""R3_R"": 0.056962025316455694, ""RL_F1"": 0.15763546798029557, ""RL_P"": 0.37209302325581395, ""RL_R"": 0.1, ""BS_F1"": 0.8604599833488464, ""BS_P"": 0.8904221057891846, ""BS_R"": 0.8324486017227173, ""FAITH"": 0.9519244730472565}","We introduce Attention Global (Attn-G), a global age estimation framework that learns a global mapping from facial appearance to age, treating each face as an independent sample drawn from a shared population. Attention Global (Attn-G) tests the nonlinearity of Attention Global in strict isolation. The model operates on the exact same CLS-token embedding as the Global model and BLR, but it is not identity-invariant. We propose a benchmark that explicitly separates true identity-specific personalization from dataset bias and age prior correction. Our baseline evaluation demonstrates that human aging trajectories are highly complex and identity-dependent; effectively modeling them requires deep models and joint context aggregation rather than simple arithmetic offsets.","{""R1_F1"": 0.42181818181818176, ""R1_P"": 0.5043478260869565, ""R1_R"": 0.3625, ""R2_F1"": 0.11721611721611722, ""R2_P"": 0.14035087719298245, ""R2_R"": 0.10062893081761007, ""R3_F1"": 0.06642066420664207, ""R3_P"": 0.07964601769911504, ""R3_R"": 0.056962025316455694, ""RL_F1"": 0.19636363636363635, ""RL_P"": 0.23478260869565218, ""RL_R"": 0.16875, ""BS_F1"": 0.8534014821052551, ""BS_P"": 0.8533034324645996, ""BS_R"": 0.8534995913505554, ""FAITH"": 0.14387967586517333}","We introduce Attention Global (Attn-G), a global age estimation framework that learns a global mapping from facial appearance to age, treating each face as an independent sample drawn from a shared population. Attention Global (Attn-G) tests the nonlinearity of Attention Global in strict isolation. The model operates on the exact same CLS-token embedding as the Global model and BLR, but it is not identity-invariant. Our baseline evaluation demonstrates that human aging trajectories are highly complex and identity-dependent; effectively modeling them requires deep models and joint context aggregation rather than simple arithmetic offsets.","{""R1_F1"": 0.38910505836575876, ""R1_P"": 0.5154639175257731, ""R1_R"": 0.3125, ""R2_F1"": 0.12549019607843137, ""R2_P"": 0.16666666666666666, ""R2_R"": 0.10062893081761007, ""R3_F1"": 0.07114624505928854, ""R3_P"": 0.09473684210526316, ""R3_R"": 0.056962025316455694, ""RL_F1"": 0.17898832684824903, ""RL_P"": 0.23711340206185566, ""RL_R"": 0.14375, ""BS_F1"": 0.8527416586875916, ""BS_P"": 0.8571358919143677, ""BS_R"": 0.8483923077583313, ""FAITH"": -0.06640133261680603}",lora_t5_r512_alpha1024
8,"We consider a coded caching problem with multiple demands under a privacy constraint. In this problem, a server with access to files serves users over a shared link, and each user requests distinct files. The privacy constraint requires that each user obtain no information about the demands of the other users. We propose a new achievable scheme for arbitrary numbers of files and users. The scheme is obtained via a transformation from a non-private coded caching scheme under uncoded placement for files and users, where each user requests one file and the demands are restricted to a subset of all possible demands. We then derive a converse bound, and the proposed scheme is shown to be order optimal within a factor of 6 of this bound.","coded caching, formulated by Maddah-Ali and Niesen in , has received significant attention . the system consists of two phases:a placement phase, where each user fills its cache as a function of the files, and a delivery phase . in the delivery phase, each user requests one file, and the server broadcasts a message to ensure that each user can decode its requested file .","{""R1_F1"": 0.35789473684210527, ""R1_P"": 0.5396825396825397, ""R1_R"": 0.2677165354330709, ""R2_F1"": 0.1382978723404255, ""R2_P"": 0.20967741935483872, ""R2_R"": 0.10317460317460317, ""R3_F1"": 0.07526881720430108, ""R3_P"": 0.11475409836065574, ""R3_R"": 0.056, ""RL_F1"": 0.2105263157894737, ""RL_P"": 0.31746031746031744, ""RL_R"": 0.15748031496062992, ""BS_F1"": 0.8369458317756653, ""BS_P"": 0.8383491039276123, ""BS_R"": 0.8355472087860107, ""FAITH"": 0.9475433826446533}","Demand-private coded caching with multiple demands is a fundamental problem in shared caching, where each user requests a file and the server broadcasts a message to ensure that each user can decode its requested file based on its own cache content and the broadcast message. However, the tradeoff between the cache size and the worst-case rate of the broadcast message remains a fundamental problem. In this paper, we propose a new achievable scheme for demand-private coded caching with multiple demands. The proposed scheme is based on a transformation from an RD-NP-UCC scheme to a scheme for demand-private coded caching with multiple demands. We also establish a converse bound, showing that the proposed scheme is order optimal within a factor of , thereby covering regimes previously open.","{""R1_F1"": 0.558139534883721, ""R1_P"": 0.549618320610687, ""R1_R"": 0.5669291338582677, ""R2_F1"": 0.28125, ""R2_P"": 0.27692307692307694, ""R2_R"": 0.2857142857142857, ""R3_F1"": 0.14960629921259844, ""R3_P"": 0.14728682170542637, ""R3_R"": 0.152, ""RL_F1"": 0.39534883720930225, ""RL_P"": 0.3893129770992366, ""RL_R"": 0.4015748031496063, ""BS_F1"": 0.8854417204856873, ""BS_P"": 0.8800463080406189, ""BS_R"": 0.8909037113189697, ""FAITH"": 0.495232367515564}","Demand-private coded caching with multiple demands is a fundamental problem in shared caching, where each user requests a file and the server broadcasts a message to ensure that each user can decode its requested file based on its own cache content and the broadcast message. However, the tradeoff between the cache size and the worst-case rate of the broadcast message remains a fundamental problem.","{""R1_F1"": 0.40414507772020725, ""R1_P"": 0.5909090909090909, ""R1_R"": 0.30708661417322836, ""R2_F1"": 0.13612565445026176, ""R2_P"": 0.2, ""R2_R"": 0.10317460317460317, ""R3_F1"": 0.0634920634920635, ""R3_P"": 0.09375, ""R3_R"": 0.048, ""RL_F1"": 0.2590673575129534, ""RL_P"": 0.3787878787878788, ""RL_R"": 0.1968503937007874, ""BS_F1"": 0.8546003699302673, ""BS_P"": 0.8629261255264282, ""BS_R"": 0.8464337587356567, ""FAITH"": -0.18027368187904358}",lora_t5_r512_alpha1024
9,"Traditional neural network models for intent inference rely heavily on observable states and struggle to generalize across diverse tasks and dynamic environments. Recent advances in Vision–Language Models (VLMs) and Vision–Language–Action (VLA) models introduce common-sense reasoning through large-scale multimodal pretraining, enabling zero-shot performance across tasks. However, these models still lack explicit mechanisms to represent and update belief, limiting their ability to reason like humans or capture the evolving human intent over long-horizon. To address this, we propose a belief-aware VLM framework that integrates retrieval-based memory and reinforcement learning. Instead of learning an explicit belief model, we approximate belief using a vector-based memory that retrieves relevant multimodal context, which is incorporated into the VLM for reasoning. We further refine decision-making using a reinforcement learning policy over the VLM latent space. We evaluate our approach on publicly available VQA datasets such as HD-EPIC and demonstrate consistent improvements over zero-shot baselines, highlighting the importance of belief-aware reasoning.","classic frameworks such as Markov Decision Processes (MDPs) and Partially Observable MDPs (POMDPs) explicitly model latent states and belief updates . these formulations have also inspired cognitive models of human reasoning, where agents maintain and update beliefs about others’ intents .","{""R1_F1"": 0.1941747572815534, ""R1_P"": 0.5128205128205128, ""R1_R"": 0.11976047904191617, ""R2_F1"": 0.03921568627450981, ""R2_P"": 0.10526315789473684, ""R2_R"": 0.024096385542168676, ""R3_F1"": 0.009900990099009901, ""R3_P"": 0.02702702702702703, ""R3_R"": 0.006060606060606061, ""RL_F1"": 0.08737864077669905, ""RL_P"": 0.23076923076923078, ""RL_R"": 0.05389221556886228, ""BS_F1"": 0.8347879648208618, ""BS_P"": 0.8533022403717041, ""BS_R"": 0.8170600533485413, ""FAITH"": 0.960046648979187}","We present a belief-aware vision–language model for egocentric video reasoning that explicitly incorporates latent belief to capture inferred intents and contextual dependencies. Our approach leverages a retrieval-based memory of past multimodal experiences and refines the policy with reinforcement learning, enabling more consistent and goal-directed decision-making than standard VLMs. Experiments on the HD-EPIC dataset demonstrate significant improvements over strong baselines across diverse VQA tasks, particularly in scenarios requiring temporal reasoning and intent inference. These results highlight the importance of modeling belief for human-like reasoning and suggest a promising direction for integrating cognitive principles into large multimodal models.","{""R1_F1"": 0.5407407407407407, ""R1_P"": 0.7087378640776699, ""R1_R"": 0.437125748502994, ""R2_F1"": 0.12686567164179102, ""R2_P"": 0.16666666666666666, ""R2_R"": 0.10240963855421686, ""R3_F1"": 0.03759398496240602, ""R3_P"": 0.04950495049504951, ""R3_R"": 0.030303030303030304, ""RL_F1"": 0.2296296296296296, ""RL_P"": 0.30097087378640774, ""RL_R"": 0.18562874251497005, ""BS_F1"": 0.8818520903587341, ""BS_P"": 0.8911588788032532, ""BS_R"": 0.8727377653121948, ""FAITH"": 0.9099751859903336}","We present a belief-aware vision–language model for egocentric video reasoning that explicitly incorporates latent belief to capture inferred intents and contextual dependencies. Our approach leverages a retrieval-based memory of past multimodal experiences and refines the policy with reinforcement learning, enabling more consistent and goal-directed decision-making than standard VLMs. Experiments on the HD-EPIC dataset demonstrate significant improvements over strong baselines across diverse VQA tasks, particularly in scenarios requiring temporal reasoning and intent inference. These results highlight the importance of modeling belief for human-like reasoning and suggest a promising direction for integrating cognitive principles into large multimodal models.","{""R1_F1"": 0.5407407407407407, ""R1_P"": 0.7087378640776699, ""R1_R"": 0.437125748502994, ""R2_F1"": 0.12686567164179102, ""R2_P"": 0.16666666666666666, ""R2_R"": 0.10240963855421686, ""R3_F1"": 0.03759398496240602, ""R3_P"": 0.04950495049504951, ""R3_R"": 0.030303030303030304, ""RL_F1"": 0.2296296296296296, ""RL_P"": 0.30097087378640774, ""RL_R"": 0.18562874251497005, ""BS_F1"": 0.8818520903587341, ""BS_P"": 0.8911588788032532, ""BS_R"": 0.8727377653121948, ""FAITH"": 0.9099751859903336}",lora_t5_r512_alpha1024
10,"Continual Learning (CL) aims to train neural networks on a dynamic stream of tasks without forgetting previously learned knowledge. Among optimization-based approaches, C-Flat has emerged as a promising solution due to its plug-and-play nature and its ability to encourage uniformly low-loss regions for both new and old tasks. However, C-Flat requires three additional gradient computations per iteration, imposing substantial overhead on the optimization process. In this work, we propose C-Flat Turbo, a faster yet stronger optimizer that significantly reduces the training cost. We show that the gradients associated with first-order flatness contain direction-invariant components relative to the proxy-model gradients, enabling us to skip redundant gradient computations in the perturbed ascent steps. Moreover, we observe that these flatness-promoting gradients progressively stabilize across tasks, which motivates a linear scheduling strategy with an adaptive trigger to allocate larger turbo steps for later tasks. Experiments show that C-Flat Turbo is 1.0× to 1.25× faster than C-Flat across a wide range of CL methods, while achieving comparable or even improved accuracy.",continual learning (CL) is a process of learning incrementally . a major obstacle is catastrophic forgetting . various approaches have been proposed to address this challenge .,"{""R1_F1"": 0.13658536585365852, ""R1_P"": 0.5833333333333334, ""R1_R"": 0.07734806629834254, ""R2_F1"": 0.019704433497536946, ""R2_P"": 0.08695652173913043, ""R2_R"": 0.011111111111111112, ""R3_F1"": 0.009950248756218907, ""R3_P"": 0.045454545454545456, ""R3_R"": 0.00558659217877095, ""RL_F1"": 0.0878048780487805, ""RL_P"": 0.375, ""RL_R"": 0.049723756906077346, ""BS_F1"": 0.8258817195892334, ""BS_P"": 0.8542956113815308, ""BS_R"": 0.7992970943450928, ""FAITH"": 0.9363462726275126}","We present C-Flat Turbo, a continuous learning optimization framework for continual learning (CL). C-Flat Turbo optimizes the oracle gradient using a flatness-oriented oracle gradient, which can be adaptively modified to adapt to parameter changes. However, its efficiency remains limited by the overhead of estimating the flatness component, which is a major challenge in continuous learning (CL). To address this, we propose a novel optimization strategy that leverages the flatness component of the oracle gradient to improve generalization and mitigating forgetting. Our results demonstrate that adaptively modifying the oracle gradient can yield tangible efficiency gains in continual learning.","{""R1_F1"": 0.398576512455516, ""R1_P"": 0.56, ""R1_R"": 0.30939226519337015, ""R2_F1"": 0.057347670250896064, ""R2_P"": 0.08080808080808081, ""R2_R"": 0.044444444444444446, ""R3_F1"": 0.028880866425992784, ""R3_P"": 0.04081632653061224, ""R3_R"": 0.0223463687150838, ""RL_F1"": 0.18505338078291816, ""RL_P"": 0.26, ""RL_R"": 0.143646408839779, ""BS_F1"": 0.8566118478775024, ""BS_P"": 0.8713454008102417, ""BS_R"": 0.8423684239387512, ""FAITH"": 0.8968318819999694}","We present C-Flat Turbo, a continuous learning optimization framework for continual learning (CL). C-Flat Turbo optimizes the oracle gradient using a flatness-oriented oracle gradient, which can be adaptively modified to adapt to parameter changes. However, its efficiency remains limited by the overhead of estimating the flatness component, which is a major challenge in continuous learning (CL).","{""R1_F1"": 0.29999999999999993, ""R1_P"": 0.6101694915254238, ""R1_R"": 0.19889502762430938, ""R2_F1"": 0.05882352941176471, ""R2_P"": 0.1206896551724138, ""R2_R"": 0.03888888888888889, ""R3_F1"": 0.03389830508474576, ""R3_P"": 0.07017543859649122, ""R3_R"": 0.0223463687150838, ""RL_F1"": 0.1583333333333333, ""RL_P"": 0.3220338983050847, ""RL_R"": 0.10497237569060773, ""BS_F1"": 0.8575850129127502, ""BS_P"": 0.8791294097900391, ""BS_R"": 0.8370712995529175, ""FAITH"": 0.8702038129170736}",lora_t5_r512_alpha1024
1,"Conventional RGB-based high dynamic range (HDR) imaging faces a fundamental trade-off between motion artifacts in multi-exposure captures and irreversible information loss in single-shot techniques. Modulo sensors offer a promising alternative by encoding theoretically unbounded dynamic range into wrapped measurements. However, existing modulo solutions remain bottlenecked by iterative unwrapping overhead and hardware constraints limiting them to low-speed, grayscale capture. In this work, we present a complete modulo-based HDR imaging system that enables high-speed, full-color HDR acquisition by synergistically advancing both the sensing formulation and the unwrapping algorithm. At the core of our approach is an exposure-decoupled formulation of modulo imaging that allows multiple measurements to be interleaved in time, preserving a clean, observation-wise measurement model. Building upon this, we introduce an iteration-free unwrapping algorithm that integrates diffusion-based generative priors with the physical least absolute remainder property of modulo images, supporting highly efficient, physics-consistent HDR reconstruction. Finally, to validate the practical viability of our system, we demonstrate a proof-of-concept hardware implementation based on modulo-encoded spike streams. This setup preserves the native high temporal resolution of spike cameras, achieving 1000 FPS full-color imaging while reducing output data bandwidth from approximately 20 Gbps to 6 Gbps. Extensive evaluations indicate that our coordinated approach successfully overcomes key systemic bottlenecks, demonstrating the feasibility of deploying modulo imaging in dynamic scenarios.",high dynamic range (HDR) imaging has become an essential area of study . we introduce a cyclic encoding that embeds into a sinusoidal space . it can operate robustly for FPS HDR imaging with a s unwrapping time per frame .,"{""R1_F1"": 0.15613382899628253, ""R1_P"": 0.5526315789473685, ""R1_R"": 0.09090909090909091, ""R2_F1"": 0.0449438202247191, ""R2_P"": 0.16216216216216217, ""R2_R"": 0.02608695652173913, ""R3_F1"": 0.022641509433962263, ""R3_P"": 0.08333333333333333, ""R3_R"": 0.013100436681222707, ""RL_F1"": 0.09665427509293681, ""RL_P"": 0.34210526315789475, ""RL_R"": 0.05627705627705628, ""BS_F1"": 0.8384864926338196, ""BS_P"": 0.8616694808006287, ""BS_R"": 0.8165181875228882, ""FAITH"": 0.9865121046702067}","High dynamic range (HDR) imaging has become an essential area of study for preserving perceptual visual quality and ensuring the robustness of downstream computer vision tasks. Existing methods typically reconstruct HDR content from conventional LDR observations, but they often suffer from cyclic encodings that are not compatible with modulo-based HDR imaging. To address this limitation, we propose a novel modulo-based unwrapping algorithm that encodes modulo periodicity into a sinusoidal space, enabling the refiner to explicitly reason about modulo periodicity. The proposed unwrapping algorithm focuses on the modulo imaging formulation and does not explicitly address the demosaicing problem. Extensive experiments on synthetic benchmarks, downstream application scenarios, and real-captured data collectively demonstrate the practical viability of our system.","{""R1_F1"": 0.3657142857142857, ""R1_P"": 0.5378151260504201, ""R1_R"": 0.27705627705627706, ""R2_F1"": 0.10344827586206896, ""R2_P"": 0.15254237288135594, ""R2_R"": 0.0782608695652174, ""R3_F1"": 0.057803468208092484, ""R3_P"": 0.08547008547008547, ""R3_R"": 0.043668122270742356, ""RL_F1"": 0.1714285714285714, ""RL_P"": 0.25210084033613445, ""RL_R"": 0.12987012987012986, ""BS_F1"": 0.8571529984474182, ""BS_P"": 0.867070198059082, ""BS_R"": 0.847460150718689, ""FAITH"": 0.8084653675556183}","High dynamic range (HDR) imaging has become an essential area of study for preserving perceptual visual quality and ensuring the robustness of downstream computer vision tasks. Existing methods typically reconstruct HDR content from conventional LDR observations, but they often suffer from cyclic encodings that are not compatible with modulo-based HDR imaging. To address this limitation, we propose a novel modulo-based unwrapping algorithm that encodes modulo periodicity into a sinusoidal space, enabling the refiner to explicitly reason about modulo periodicity. The proposed unwrapping algorithm focuses on the modulo imaging formulation and does not explicitly address the demosaicing problem. Extensive experiments on synthetic benchmarks, downstream application scenarios, and real-captured data collectively demonstrate the practical viability of our system.","{""R1_F1"": 0.3657142857142857, ""R1_P"": 0.5378151260504201, ""R1_R"": 0.27705627705627706, ""R2_F1"": 0.10344827586206896, ""R2_P"": 0.15254237288135594, ""R2_R"": 0.0782608695652174, ""R3_F1"": 0.057803468208092484, ""R3_P"": 0.08547008547008547, ""R3_R"": 0.043668122270742356, ""RL_F1"": 0.1714285714285714, ""RL_P"": 0.25210084033613445, ""RL_R"": 0.12987012987012986, ""BS_F1"": 0.8571529984474182, ""BS_P"": 0.867070198059082, ""BS_R"": 0.847460150718689, ""FAITH"": 0.8084653675556183}",lora_t5_r128_alpha256
2,"The rapid progress of Artificial Intelligence Generated Content (AIGC) tools enables images, videos, and visualizations to be created on demand for webpage design, offering a flexible and increasingly adopted paradigm for modern UI/UX. However, directly integrating such tools into automated webpage generation often leads to style inconsistency and poor global coherence, as elements are generated in isolation. We propose MM-WebAgent, a hierarchical agentic framework for multimodal webpage generation that coordinates AIGC-based element generation through hierarchical planning and iterative self-reflection. MM-WebAgent jointly optimizes global layout, local multimodal content, and their integration, producing coherent and visually consistent webpages. We further introduce MM-WebGEN-Bench and a multi-level evaluation protocol for systematic assessment. Experiments demonstrate that MM-WebAgent outperforms code-generation and agent-based baselines, especially on multimodal element generation and integration.","webpage generation is a practical and high-impact application of large language models . real-world webpages contain heterogeneous multimodal elements such as images, videos, and charts . most existing pipelines populate these elements via retrieval or placeholders .","{""R1_F1"": 0.16374269005847952, ""R1_P"": 0.3888888888888889, ""R1_R"": 0.1037037037037037, ""R2_F1"": 0.04733727810650888, ""R2_P"": 0.11428571428571428, ""R2_R"": 0.029850746268656716, ""R3_F1"": 0.011976047904191616, ""R3_P"": 0.029411764705882353, ""R3_R"": 0.007518796992481203, ""RL_F1"": 0.09356725146198831, ""RL_P"": 0.2222222222222222, ""RL_R"": 0.05925925925925926, ""BS_F1"": 0.8453391790390015, ""BS_P"": 0.8628673553466797, ""BS_R"": 0.8285089731216431, ""FAITH"": 0.9229950110117594}","Webpage generation is a practical and high-impact application of large language models (LLMs). However, real-world webpages contain heterogeneous multimodal elements such as images, videos, and charts, whose content, style, and geometry must cohere with the global layout and the semantic intent. Existing pipelines typically populate these elements via retrieval or placeholders, then generate or insert assets independently. To address this limitation, we propose a novel framework that enables agentic coordination with native multimodal asset generation. The system evaluates each element to identify potential visual or semantic issues and generates corresponding refinement instructions via specialized agents, such as image editing models, or localized HTML/CSS updates. We evaluate our system under different webpage generation paradigms:layout, style, and aesthetics measure global page-level quality, while image, video, and chart assess the quality and integration of local multimodal elements. The system achieves the best performance on both global and local metrics, with an average score of 0.75. In particular, it shows substantial improvements on multimodal element metrics, including image, video, and chart. These results highlight the limitations of code-only generation pipelines and demonstrate the advantages of treating multimodal content generation as a first-class action within the agent loop.","{""R1_F1"": 0.3869047619047619, ""R1_P"": 0.32338308457711445, ""R1_R"": 0.48148148148148145, ""R2_F1"": 0.06586826347305388, ""R2_P"": 0.055, ""R2_R"": 0.08208955223880597, ""R3_F1"": 0.012048192771084336, ""R3_P"": 0.010050251256281407, ""R3_R"": 0.015037593984962405, ""RL_F1"": 0.17261904761904764, ""RL_P"": 0.14427860696517414, ""RL_R"": 0.21481481481481482, ""BS_F1"": 0.8626532554626465, ""BS_P"": 0.8596826791763306, ""BS_R"": 0.8656445145606995, ""FAITH"": 0.9325012962023417}","Webpage generation is a practical and high-impact application of large language models (LLMs). However, real-world webpages contain heterogeneous multimodal elements such as images, videos, and charts, whose content, style, and geometry must cohere with the global layout and the semantic intent. Existing pipelines typically populate these elements via retrieval or placeholders, then generate or insert assets independently. To address this limitation, we propose a novel framework that enables agentic coordination with native multimodal asset generation. The system evaluates each element to identify potential visual or semantic issues and generates corresponding refinement instructions via specialized agents, such as image editing models, or localized HTML/CSS updates. We evaluate our system under different webpage generation paradigms:layout, style, and aesthetics measure global page-level quality, while image, video, and chart assess the quality and integration of local multimodal elements. The system achieves the best performance on both global and local metrics, with an average score of 0.75. These results highlight the limitations of code-only generation pipelines and demonstrate the advantages of treating multimodal content generation as a first-class action within the agent loop.","{""R1_F1"": 0.39252336448598124, ""R1_P"": 0.3387096774193548, ""R1_R"": 0.4666666666666667, ""R2_F1"": 0.06269592476489029, ""R2_P"": 0.05405405405405406, ""R2_R"": 0.07462686567164178, ""R3_F1"": 0.006309148264984226, ""R3_P"": 0.005434782608695652, ""R3_R"": 0.007518796992481203, ""RL_F1"": 0.17445482866043613, ""RL_P"": 0.15053763440860216, ""RL_R"": 0.2074074074074074, ""BS_F1"": 0.8627007007598877, ""BS_P"": 0.8599027395248413, ""BS_R"": 0.8655168414115906, ""FAITH"": 0.9261103942990303}",lora_t5_r128_alpha256
3,"While LLMs have demonstrated remarkable potential in Question Answering (QA), evaluating personalization remains a critical bottleneck. Existing paradigms predominantly rely on lexical-level similarity or manual heuristics, often lacking sufficient data-driven validation. We address this by mining Community-Individual Preference Divergence (CIPD), where individual choices override consensus, to distill six key personalization factors as evaluative dimensions. Accordingly, we introduce CoPA, a benchmark with 1,985 user profiles for fine-grained, factor-level assessment. By quantifying the alignment between model outputs and user-specific cognitive preferences inferred from interaction patterns, CoPA provides a more comprehensive and discriminative standard for evaluating personalized QA than generic metrics. The code is available at .","Personalized Question Answering (QA) marks a paradigm shift from static, generic responses to dynamic, user-centric knowledge delivery .","{""R1_F1"": 0.15625, ""R1_P"": 0.5555555555555556, ""R1_R"": 0.09090909090909091, ""R2_F1"": 0.031746031746031744, ""R2_P"": 0.11764705882352941, ""R2_R"": 0.01834862385321101, ""R3_F1"": 0.016129032258064516, ""R3_P"": 0.0625, ""R3_R"": 0.009259259259259259, ""RL_F1"": 0.10937499999999997, ""RL_P"": 0.3888888888888889, ""RL_R"": 0.06363636363636363, ""BS_F1"": 0.8520329594612122, ""BS_P"": 0.8883365988731384, ""BS_R"": 0.818580150604248, ""FAITH"": 0.980903148651123}","Personalized Question Answering (QA) is a paradigm shift from static, generic responses to dynamic, user-centric knowledge delivery. While Large Language Models (LLMs) have significantly advanced the field, establishing a reliable evaluation protocol for personalized QA remains a critical challenge. We present a framework that leverages Large Language Models (LLMs) at multiple stages:principle induction, factor distillation, and evaluation. Our framework relies heavily on Large Language Models (LLMs) at multiple stages, including principle induction, factor distillation, and evaluation. The framework employs a human-in-the-loop validation mechanism to ensure the quality of the generated outputs. We evaluate our framework on a wide range of application domains, including physics, physics, and physics.","{""R1_F1"": 0.3603603603603604, ""R1_P"": 0.35714285714285715, ""R1_R"": 0.36363636363636365, ""R2_F1"": 0.05454545454545454, ""R2_P"": 0.05405405405405406, ""R2_R"": 0.05504587155963303, ""R3_F1"": 0.018348623853211007, ""R3_P"": 0.01818181818181818, ""R3_R"": 0.018518518518518517, ""RL_F1"": 0.15315315315315314, ""RL_P"": 0.15178571428571427, ""RL_R"": 0.15454545454545454, ""BS_F1"": 0.8474830985069275, ""BS_P"": 0.8520269393920898, ""BS_R"": 0.8429875373840332, ""FAITH"": 0.5550243705511093}","Personalized Question Answering (QA) is a paradigm shift from static, generic responses to dynamic, user-centric knowledge delivery. While Large Language Models (LLMs) have significantly advanced the field, establishing a reliable evaluation protocol for personalized QA remains a critical challenge. The framework employs a human-in-the-loop validation mechanism to ensure the quality of the generated outputs. We evaluate our framework on a wide range of application domains, including physics, physics, and physics.","{""R1_F1"": 0.34782608695652173, ""R1_P"": 0.43243243243243246, ""R1_R"": 0.2909090909090909, ""R2_F1"": 0.06593406593406594, ""R2_P"": 0.0821917808219178, ""R2_R"": 0.05504587155963303, ""R3_F1"": 0.02222222222222222, ""R3_P"": 0.027777777777777776, ""R3_R"": 0.018518518518518517, ""RL_F1"": 0.15217391304347824, ""RL_P"": 0.1891891891891892, ""RL_R"": 0.12727272727272726, ""BS_F1"": 0.8586505055427551, ""BS_P"": 0.875892162322998, ""BS_R"": 0.8420745134353638, ""FAITH"": 0.345806248486042}",lora_t5_r128_alpha256
4,"Large vision-language models (VLMs) are enabling interactive video reasoning, giving rise to streaming long-video understanding. In this setting, frames arrive continuously, while the system preserves long-term context and generates responses under strict latency constraints. A central challenge is KVCache management:as video streams grow, KVCache expands rapidly, increasing computation and memory overhead. Existing retrieval-based approaches exploit attention sparsity and offload inactive KVCache from GPU to CPU memory, but their token-level design causes high management overhead and fragmented data movement. We present Mosaic, the first cluster-driven VLM inference system for streaming long-video understanding. Our key insight is that VLM KVCache exhibits an implicit cross-modal clustering structure:retrieved KV states form groups jointly shaped by visual coherence and semantic relevance. Based on this observation, Mosaic uses cross-modal clusters as the basic unit of KVCache organization, maintenance, and retrieval. Evaluations show that Mosaic outperforms state-of-the-art baselines, achieving up to speedup.","early studies centered on static image-text pairs, but many of these emerging applications operate over continuous video streams . to overcome memory bottlenecks, a promising approach is to offload KVCache to CPU memory and retrieve it dynamically based on attention sparsity .","{""R1_F1"": 0.22, ""R1_P"": 0.5365853658536586, ""R1_R"": 0.13836477987421383, ""R2_F1"": 0.06060606060606061, ""R2_P"": 0.15, ""R2_R"": 0.0379746835443038, ""R3_F1"": 0.010204081632653062, ""R3_P"": 0.02564102564102564, ""R3_R"": 0.006369426751592357, ""RL_F1"": 0.14, ""RL_P"": 0.34146341463414637, ""RL_R"": 0.0880503144654088, ""BS_F1"": 0.8441630601882935, ""BS_P"": 0.8598871231079102, ""BS_R"": 0.8290036916732788, ""FAITH"": 0.9622853994369507}","Large vision-language models (VLMs) are increasingly deployed in streaming video environments, where visual inputs arrive as temporally ordered frame sequences. However, existing approaches primarily focus on static image-text pairs, limiting their ability to efficiently retrieve KVCache. To address these limitations, we propose StreamingKVCache, a cluster-driven VLM inference system that leverages cross-modal clustering of VLM KVCache. StreamingKVCache is a lightweight GPU-resident index, enabling efficient KVCache organization, maintenance, and retrieval under offloading. We introduce StreamKVCache, an algorithm-system co-design centered on cross-modal KVCache clustering in VLMs, achieving both higher accuracy and better system performance.","{""R1_F1"": 0.4186046511627907, ""R1_P"": 0.5454545454545454, ""R1_R"": 0.33962264150943394, ""R2_F1"": 0.1328125, ""R2_P"": 0.17346938775510204, ""R2_R"": 0.10759493670886076, ""R3_F1"": 0.08661417322834646, ""R3_P"": 0.1134020618556701, ""R3_R"": 0.07006369426751592, ""RL_F1"": 0.24031007751937988, ""RL_P"": 0.31313131313131315, ""RL_R"": 0.1949685534591195, ""BS_F1"": 0.8799676299095154, ""BS_P"": 0.8913736343383789, ""BS_R"": 0.8688497543334961, ""FAITH"": 0.8561548829078675}","Large vision-language models (VLMs) are increasingly deployed in streaming video environments, where visual inputs arrive as temporally ordered frame sequences. However, existing approaches primarily focus on static image-text pairs, limiting their ability to efficiently retrieve KVCache. To address these limitations, we propose StreamingKVCache, a cluster-driven VLM inference system that leverages cross-modal clustering of VLM KVCache. StreamingKVCache is a lightweight GPU-resident index, enabling efficient KVCache organization, maintenance, and retrieval under offloading. We introduce StreamKVCache, an algorithm-system co-design centered on cross-modal KVCache clustering in VLMs, achieving both higher accuracy and better system performance.","{""R1_F1"": 0.4186046511627907, ""R1_P"": 0.5454545454545454, ""R1_R"": 0.33962264150943394, ""R2_F1"": 0.1328125, ""R2_P"": 0.17346938775510204, ""R2_R"": 0.10759493670886076, ""R3_F1"": 0.08661417322834646, ""R3_P"": 0.1134020618556701, ""R3_R"": 0.07006369426751592, ""RL_F1"": 0.24031007751937988, ""RL_P"": 0.31313131313131315, ""RL_R"": 0.1949685534591195, ""BS_F1"": 0.8799676299095154, ""BS_P"": 0.8913736343383789, ""BS_R"": 0.8688497543334961, ""FAITH"": 0.8561548829078675}",lora_t5_r128_alpha256
5,"Functional magnetic resonance imaging (fMRI) is widely used for studying and diagnosing brain disorders, with functional connectivity (FC) matrices providing powerful representations of large-scale neural interactions. However, existing diagnostic models are trained either on a single site or under full multi-site access, making them unsuitable for real-world scenarios where clinical data arrive sequentially from different institutions. This results in limited generalization and severe catastrophic forgetting. This paper presents the first continual learning framework specifically designed for fMRI-based diagnosis across heterogeneous clinical sites. Our framework introduces a structure-aware variational autoencoder that synthesizes realistic FC matrices for both patient and control groups. Built on this generative backbone, we develop a multi-level knowledge distillation strategy that aligns predictions and graph representations between new-site data and replayed samples. To further enhance efficiency, we incorporate a hierarchical contextual bandit scheme for adaptive replay sampling. Experiments on multi-site datasets for major depressive disorder (MDD), schizophrenia (SZ), and autism spectrum disorder (ASD) show that the proposed generative model enhances data augmentation quality, and the overall continual learning framework substantially outperforms existing methods in mitigating catastrophic forgetting. Our code is available at .",functional magnetic resonance imaging (fMRI) is a non-invasive technique that measures brain activity through blood-oxygen-level-dependent (BOLD) signals . existing fMRI-based diagnostic models exhibit limited reliability for practical clinical deployment .,"{""R1_F1"": 0.16, ""R1_P"": 0.5454545454545454, ""R1_R"": 0.09375, ""R2_F1"": 0.06278026905829596, ""R2_P"": 0.21875, ""R2_R"": 0.03664921465968586, ""R3_F1"": 0.03619909502262443, ""R3_P"": 0.12903225806451613, ""R3_R"": 0.021052631578947368, ""RL_F1"": 0.11555555555555555, ""RL_P"": 0.3939393939393939, ""RL_R"": 0.06770833333333333, ""BS_F1"": 0.8342001438140869, ""BS_P"": 0.8615247011184692, ""BS_R"": 0.8085556030273438, ""FAITH"": 0.9822739362716675}","Functional magnetic resonance imaging (fMRI) is a non-invasive technique that measures brain activity through blood-oxygen-level-dependent (BOLD) signals. However, existing fMRI-based diagnostic models still exhibit limited reliability for practical clinical deployment. We introduce FORGE, the first continual learning framework for fMRI-based brain disorder diagnosis. FCM-VAE is a structure-aware generative model that synthesizes high-quality functional connectivity matrices, providing a viable solution for privacy-preserving replay in clinical environments. For the REST-meta-MDD dataset, we train on three large-scale neuroimaging datasets and demonstrate significant improvements in accuracy and memory retention.","{""R1_F1"": 0.40689655172413797, ""R1_P"": 0.6020408163265306, ""R1_R"": 0.3072916666666667, ""R2_F1"": 0.14583333333333334, ""R2_P"": 0.21649484536082475, ""R2_R"": 0.1099476439790576, ""R3_F1"": 0.06293706293706293, ""R3_P"": 0.09375, ""R3_R"": 0.04736842105263158, ""RL_F1"": 0.2413793103448276, ""RL_P"": 0.35714285714285715, ""RL_R"": 0.18229166666666666, ""BS_F1"": 0.867271900177002, ""BS_P"": 0.8814799785614014, ""BS_R"": 0.853514552116394, ""FAITH"": 0.9643256306648255}","Functional magnetic resonance imaging (fMRI) is a non-invasive technique that measures brain activity through blood-oxygen-level-dependent (BOLD) signals. However, existing fMRI-based diagnostic models still exhibit limited reliability for practical clinical deployment. We introduce FORGE, the first continual learning framework for fMRI-based brain disorder diagnosis. FCM-VAE is a structure-aware generative model that synthesizes high-quality functional connectivity matrices, providing a viable solution for privacy-preserving replay in clinical environments. For the REST-meta-MDD dataset, we train on three large-scale neuroimaging datasets and demonstrate significant improvements in accuracy and memory retention.","{""R1_F1"": 0.40689655172413797, ""R1_P"": 0.6020408163265306, ""R1_R"": 0.3072916666666667, ""R2_F1"": 0.14583333333333334, ""R2_P"": 0.21649484536082475, ""R2_R"": 0.1099476439790576, ""R3_F1"": 0.06293706293706293, ""R3_P"": 0.09375, ""R3_R"": 0.04736842105263158, ""RL_F1"": 0.2413793103448276, ""RL_P"": 0.35714285714285715, ""RL_R"": 0.18229166666666666, ""BS_F1"": 0.867271900177002, ""BS_P"": 0.8814799785614014, ""BS_R"": 0.853514552116394, ""FAITH"": 0.9643256306648255}",lora_t5_r128_alpha256
6,"We study the Stokes–Poisson–Boltzmann equations with Dirichlet and Navier boundary conditions. The system consists of the incompressible Stokes equations coupled with a nonlinear Poisson–Boltzmann equation through electrostatic forcing and convective transport effects. To handle the Navier boundary conditions in a unified framework, we employ Nitsche’s method for their weak imposition within a conforming finite element setting. We derive a consistent and stable discrete formulation and establish the well-posedness of the resulting problem. By carefully choosing the penalty parameters, the bilinear form is shown to be coercive and continuous. A priori error estimates are proved in the natural energy norms, yielding optimal-order convergence under suitable regularity assumptions. Furthermore, we develop residual-based a posteriori error estimators that incorporate element residuals, inter-element jump residuals, and boundary residuals arising from the Nitsche formulation. The estimators are shown to be reliable and locally efficient. Numerical experiments confirm the theoretical results and demonstrate the robustness and accuracy of the proposed method for the Stokes–Poisson–Boltzmann system.","electrically charged fluid flows play an important role in several chemical applications, such as the design of nanopores for biomedical devices and the modelling of water purification systems . in this process, the motion of an electrolyte is driven by thin electric double layers that attract and repel ions near charged surfaces .","{""R1_F1"": 0.13636363636363635, ""R1_P"": 0.29411764705882354, ""R1_R"": 0.08875739644970414, ""R2_F1"": 0.0, ""R2_P"": 0.0, ""R2_R"": 0.0, ""R3_F1"": 0.0, ""R3_P"": 0.0, ""R3_R"": 0.0, ""RL_F1"": 0.0909090909090909, ""RL_P"": 0.19607843137254902, ""RL_R"": 0.05917159763313609, ""BS_F1"": 0.7929309010505676, ""BS_P"": 0.806043803691864, ""BS_R"": 0.7802377939224243, ""FAITH"": 0.9824761748313904}","Electro-osmosis is a method for transporting electrically charged fluids without mechanical pumping. However, the electric charge density and the externally applied electric field are not sufficiently strong enough to influence the distribution of the electrostatic potential within the double layer. In this paper, we propose a finite element scheme that introduces a discrete solution with a fixed-point theorem combined with the Babuka-Brezzi theory and the Minty-Browder theorem. The proposed method is developed and analyzed using a residual-based a posteriori error estimator. The results show that the proposed method achieves the optimal convergence rate in the energy norm. Furthermore, a residual-based a posteriori error estimator is developed and analyzed, with its reliability and efficiency rigorously established.","{""R1_F1"": 0.4206896551724138, ""R1_P"": 0.5041322314049587, ""R1_R"": 0.3609467455621302, ""R2_F1"": 0.1111111111111111, ""R2_P"": 0.13333333333333333, ""R2_R"": 0.09523809523809523, ""R3_F1"": 0.03496503496503497, ""R3_P"": 0.04201680672268908, ""R3_R"": 0.029940119760479042, ""RL_F1"": 0.25517241379310346, ""RL_P"": 0.30578512396694213, ""RL_R"": 0.21893491124260356, ""BS_F1"": 0.8488975763320923, ""BS_P"": 0.8635925054550171, ""BS_R"": 0.8346943855285645, ""FAITH"": 0.8539988795916239}","Electro-osmosis is a method for transporting electrically charged fluids without mechanical pumping. However, the electric charge density and the externally applied electric field are not sufficiently strong enough to influence the distribution of the electrostatic potential within the double layer. In this paper, we propose a finite element scheme that introduces a discrete solution with a fixed-point theorem combined with the Babuka-Brezzi theory and the Minty-Browder theorem. The proposed method is developed and analyzed using a residual-based a posteriori error estimator.","{""R1_F1"": 0.32941176470588235, ""R1_P"": 0.4883720930232558, ""R1_R"": 0.2485207100591716, ""R2_F1"": 0.08695652173913043, ""R2_P"": 0.12941176470588237, ""R2_R"": 0.06547619047619048, ""R3_F1"": 0.0398406374501992, ""R3_P"": 0.05952380952380952, ""R3_R"": 0.029940119760479042, ""RL_F1"": 0.20392156862745098, ""RL_P"": 0.3023255813953488, ""RL_R"": 0.15384615384615385, ""BS_F1"": 0.8356382846832275, ""BS_P"": 0.8499476909637451, ""BS_R"": 0.8218027353286743, ""FAITH"": 0.8052108883857727}",lora_t5_r128_alpha256
7,"Existing age estimation methods treat each face as an independent sample, learning a global mapping from appearance to age. This ignores a well-documented phenomenon:individuals age at different rates due to genetics, lifestyle, and health, making the mapping from face to age identity-dependent. When reference images of the same person with known ages are available, we can exploit this context to personalize the estimate. The only existing benchmark for this task (NIST FRVT) is closed-source and limited to a single reference image. In this work, we introduce OpenPAE, the first open benchmark for -shot personalized age estimation with strict evaluation protocols. We establish a hierarchy of increasingly sophisticated baselines:from arithmetic offset, through closed-form Bayesian linear regression, to a conditional attentive neural process. Our experiments show that personalization consistently improves performance, that the gains are not merely domain adaptation, and that nonlinear methods significantly outperform simpler alternatives. We release all models, code, protocols, and evaluation splits.","standard approaches learn a global mapping from facial appearance to age, treating each face as an independent sample drawn from a shared population . the difference between a person’s apparent age and their chronological age is heavily modulated by genetics, health, and lifestyle .","{""R1_F1"": 0.2857142857142857, ""R1_P"": 0.6744186046511628, ""R1_R"": 0.18125, ""R2_F1"": 0.11940298507462686, ""R2_P"": 0.2857142857142857, ""R2_R"": 0.07547169811320754, ""R3_F1"": 0.09045226130653265, ""R3_P"": 0.21951219512195122, ""R3_R"": 0.056962025316455694, ""RL_F1"": 0.15763546798029557, ""RL_P"": 0.37209302325581395, ""RL_R"": 0.1, ""BS_F1"": 0.8604599833488464, ""BS_P"": 0.8904221057891846, ""BS_R"": 0.8324486017227173, ""FAITH"": 0.9519244730472565}","Face-based age estimation is a mature problem in computer vision. While effective on average, it ignores a fundamental reality:people age at different rates. In certain applications, reference images of a target individual with known ages are available. Attention Global (Attn-G) tests the benefit of nonlinearity in strict isolation. We propose a benchmark that standardizes evaluation across diverse, cross-domain datasets. The benchmark explicitly separates true identity-specific personalization from dataset bias and age prior correction. We provide an experimental setup to explicitly separate true identity-specific personalization from dataset bias and age prior correction. Our extensive baseline evaluation demonstrates that human aging trajectories are highly complex and identity-dependent; effectively modeling them requires deep models and joint-context aggregation rather than simple arithmetic offsets.","{""R1_F1"": 0.4250871080139373, ""R1_P"": 0.48031496062992124, ""R1_R"": 0.38125, ""R2_F1"": 0.09122807017543859, ""R2_P"": 0.10317460317460317, ""R2_R"": 0.08176100628930817, ""R3_F1"": 0.04240282685512368, ""R3_P"": 0.048, ""R3_R"": 0.0379746835443038, ""RL_F1"": 0.2229965156794425, ""RL_P"": 0.25196850393700787, ""RL_R"": 0.2, ""BS_F1"": 0.855567991733551, ""BS_P"": 0.8574313521385193, ""BS_R"": 0.853712797164917, ""FAITH"": 0.9553624466061592}","Face-based age estimation is a mature problem in computer vision. While effective on average, it ignores a fundamental reality:people age at different rates. In certain applications, reference images of a target individual with known ages are available. Attention Global (Attn-G) tests the benefit of nonlinearity in strict isolation. We propose a benchmark that standardizes evaluation across diverse, cross-domain datasets. The benchmark explicitly separates true identity-specific personalization from dataset bias and age prior correction. Our extensive baseline evaluation demonstrates that human aging trajectories are highly complex and identity-dependent; effectively modeling them requires deep models and joint-context aggregation rather than simple arithmetic offsets.","{""R1_F1"": 0.40298507462686567, ""R1_P"": 0.5, ""R1_R"": 0.3375, ""R2_F1"": 0.09774436090225563, ""R2_P"": 0.12149532710280374, ""R2_R"": 0.08176100628930817, ""R3_F1"": 0.04545454545454546, ""R3_P"": 0.05660377358490566, ""R3_R"": 0.0379746835443038, ""RL_F1"": 0.22388059701492538, ""RL_P"": 0.2777777777777778, ""RL_R"": 0.1875, ""BS_F1"": 0.8596716523170471, ""BS_P"": 0.8663830757141113, ""BS_R"": 0.8530635237693787, ""FAITH"": 0.9511534656797137}",lora_t5_r128_alpha256
8,"We consider a coded caching problem with multiple demands under a privacy constraint. In this problem, a server with access to files serves users over a shared link, and each user requests distinct files. The privacy constraint requires that each user obtain no information about the demands of the other users. We propose a new achievable scheme for arbitrary numbers of files and users. The scheme is obtained via a transformation from a non-private coded caching scheme under uncoded placement for files and users, where each user requests one file and the demands are restricted to a subset of all possible demands. We then derive a converse bound, and the proposed scheme is shown to be order optimal within a factor of 6 of this bound.","coded caching, formulated by Maddah-Ali and Niesen in , has received significant attention . the system consists of two phases:a placement phase, where each user fills its cache as a function of the files, and a delivery phase . in the delivery phase, each user requests one file, and the server broadcasts a message to ensure that each user can decode its requested file .","{""R1_F1"": 0.35789473684210527, ""R1_P"": 0.5396825396825397, ""R1_R"": 0.2677165354330709, ""R2_F1"": 0.1382978723404255, ""R2_P"": 0.20967741935483872, ""R2_R"": 0.10317460317460317, ""R3_F1"": 0.07526881720430108, ""R3_P"": 0.11475409836065574, ""R3_R"": 0.056, ""RL_F1"": 0.2105263157894737, ""RL_P"": 0.31746031746031744, ""RL_R"": 0.15748031496062992, ""BS_F1"": 0.8369458317756653, ""BS_P"": 0.8383491039276123, ""BS_R"": 0.8355472087860107, ""FAITH"": 0.9475433826446533}","Demand-private coded caching with multiple demands is a fundamental problem, where each user requests distinct files, and the server broadcasts a message to ensure that each user can decode its requested file based on its own cache content and the broadcast message. In this paper, we propose a new achievable scheme for demand-private coded caching with multiple demands. The proposed scheme is based on a transformation from an RD-NP-UCC scheme to a scheme for demand-private coded caching with multiple demands. We also establish a converse bound, showing that the proposed scheme is order optimal within a factor of .","{""R1_F1"": 0.5652173913043478, ""R1_P"": 0.6310679611650486, ""R1_R"": 0.5118110236220472, ""R2_F1"": 0.32456140350877194, ""R2_P"": 0.3627450980392157, ""R2_R"": 0.29365079365079366, ""R3_F1"": 0.18584070796460178, ""R3_P"": 0.2079207920792079, ""R3_R"": 0.168, ""RL_F1"": 0.4260869565217391, ""RL_P"": 0.47572815533980584, ""RL_R"": 0.3858267716535433, ""BS_F1"": 0.8978574872016907, ""BS_P"": 0.8997952938079834, ""BS_R"": 0.8959280848503113, ""FAITH"": 0.4699637293815613}","Demand-private coded caching with multiple demands is a fundamental problem, where each user requests distinct files, and the server broadcasts a message to ensure that each user can decode its requested file based on its own cache content and the broadcast message.","{""R1_F1"": 0.3411764705882353, ""R1_P"": 0.6744186046511628, ""R1_R"": 0.2283464566929134, ""R2_F1"": 0.16666666666666666, ""R2_P"": 0.3333333333333333, ""R2_R"": 0.1111111111111111, ""R3_F1"": 0.0963855421686747, ""R3_P"": 0.1951219512195122, ""R3_R"": 0.064, ""RL_F1"": 0.24705882352941175, ""RL_P"": 0.4883720930232558, ""RL_R"": 0.16535433070866143, ""BS_F1"": 0.8642116785049438, ""BS_P"": 0.8829185962677002, ""BS_R"": 0.8462810516357422, ""FAITH"": -1.0}",lora_t5_r128_alpha256
9,"Traditional neural network models for intent inference rely heavily on observable states and struggle to generalize across diverse tasks and dynamic environments. Recent advances in Vision–Language Models (VLMs) and Vision–Language–Action (VLA) models introduce common-sense reasoning through large-scale multimodal pretraining, enabling zero-shot performance across tasks. However, these models still lack explicit mechanisms to represent and update belief, limiting their ability to reason like humans or capture the evolving human intent over long-horizon. To address this, we propose a belief-aware VLM framework that integrates retrieval-based memory and reinforcement learning. Instead of learning an explicit belief model, we approximate belief using a vector-based memory that retrieves relevant multimodal context, which is incorporated into the VLM for reasoning. We further refine decision-making using a reinforcement learning policy over the VLM latent space. We evaluate our approach on publicly available VQA datasets such as HD-EPIC and demonstrate consistent improvements over zero-shot baselines, highlighting the importance of belief-aware reasoning.","classic frameworks such as Markov Decision Processes (MDPs) and Partially Observable MDPs (POMDPs) explicitly model latent states and belief updates . these formulations have also inspired cognitive models of human reasoning, where agents maintain and update beliefs about others’ intents .","{""R1_F1"": 0.1941747572815534, ""R1_P"": 0.5128205128205128, ""R1_R"": 0.11976047904191617, ""R2_F1"": 0.03921568627450981, ""R2_P"": 0.10526315789473684, ""R2_R"": 0.024096385542168676, ""R3_F1"": 0.009900990099009901, ""R3_P"": 0.02702702702702703, ""R3_R"": 0.006060606060606061, ""RL_F1"": 0.08737864077669905, ""RL_P"": 0.23076923076923078, ""RL_R"": 0.05389221556886228, ""BS_F1"": 0.8347879648208618, ""BS_P"": 0.8533022403717041, ""BS_R"": 0.8170600533485413, ""FAITH"": 0.960046648979187}","We present a belief-aware vision–language model for egocentric video reasoning that explicitly incorporates latent belief to capture intent and contextual dependencies. Our approach leverages a retrieval-based memory of past multimodal experiences and refins the policy with reinforcement learning, enabling more consistent and goal-directed decision-making compared to standard VLMs. Experiments on the HD-EPIC dataset demonstrate significant improvements over strong baselines across diverse VQA tasks, particularly in scenarios requiring temporal reasoning and intent inference.","{""R1_F1"": 0.4571428571428571, ""R1_P"": 0.717948717948718, ""R1_R"": 0.33532934131736525, ""R2_F1"": 0.11522633744855967, ""R2_P"": 0.18181818181818182, ""R2_R"": 0.08433734939759036, ""R3_F1"": 0.024896265560165973, ""R3_P"": 0.039473684210526314, ""R3_R"": 0.01818181818181818, ""RL_F1"": 0.21224489795918366, ""RL_P"": 0.3333333333333333, ""RL_R"": 0.15568862275449102, ""BS_F1"": 0.8807186484336853, ""BS_P"": 0.8935511708259583, ""BS_R"": 0.8682495355606079, ""FAITH"": 0.9555002649625143}","We present a belief-aware vision–language model for egocentric video reasoning that explicitly incorporates latent belief to capture intent and contextual dependencies. Our approach leverages a retrieval-based memory of past multimodal experiences and refins the policy with reinforcement learning, enabling more consistent and goal-directed decision-making compared to standard VLMs. Experiments on the HD-EPIC dataset demonstrate significant improvements over strong baselines across diverse VQA tasks, particularly in scenarios requiring temporal reasoning and intent inference.","{""R1_F1"": 0.4571428571428571, ""R1_P"": 0.717948717948718, ""R1_R"": 0.33532934131736525, ""R2_F1"": 0.11522633744855967, ""R2_P"": 0.18181818181818182, ""R2_R"": 0.08433734939759036, ""R3_F1"": 0.024896265560165973, ""R3_P"": 0.039473684210526314, ""R3_R"": 0.01818181818181818, ""RL_F1"": 0.21224489795918366, ""RL_P"": 0.3333333333333333, ""RL_R"": 0.15568862275449102, ""BS_F1"": 0.8807186484336853, ""BS_P"": 0.8935511708259583, ""BS_R"": 0.8682495355606079, ""FAITH"": 0.9555002649625143}",lora_t5_r128_alpha256
10,"Continual Learning (CL) aims to train neural networks on a dynamic stream of tasks without forgetting previously learned knowledge. Among optimization-based approaches, C-Flat has emerged as a promising solution due to its plug-and-play nature and its ability to encourage uniformly low-loss regions for both new and old tasks. However, C-Flat requires three additional gradient computations per iteration, imposing substantial overhead on the optimization process. In this work, we propose C-Flat Turbo, a faster yet stronger optimizer that significantly reduces the training cost. We show that the gradients associated with first-order flatness contain direction-invariant components relative to the proxy-model gradients, enabling us to skip redundant gradient computations in the perturbed ascent steps. Moreover, we observe that these flatness-promoting gradients progressively stabilize across tasks, which motivates a linear scheduling strategy with an adaptive trigger to allocate larger turbo steps for later tasks. Experiments show that C-Flat Turbo is 1.0× to 1.25× faster than C-Flat across a wide range of CL methods, while achieving comparable or even improved accuracy.",continual learning (CL) is a process of learning incrementally . a major obstacle is catastrophic forgetting . various approaches have been proposed to address this challenge .,"{""R1_F1"": 0.13658536585365852, ""R1_P"": 0.5833333333333334, ""R1_R"": 0.07734806629834254, ""R2_F1"": 0.019704433497536946, ""R2_P"": 0.08695652173913043, ""R2_R"": 0.011111111111111112, ""R3_F1"": 0.009950248756218907, ""R3_P"": 0.045454545454545456, ""R3_R"": 0.00558659217877095, ""RL_F1"": 0.0878048780487805, ""RL_P"": 0.375, ""RL_R"": 0.049723756906077346, ""BS_F1"": 0.8258817195892334, ""BS_P"": 0.8542956113815308, ""BS_R"": 0.7992970943450928, ""FAITH"": 0.9363462726275126}","In continuous learning (CL), catastrophic forgetting is a major obstacle due to the high generalization and robustness of pre-trained models (PTMs). However, existing approaches have shown that optimizing for flat regions can significantly reduce forgetting. We propose C-Flat Turbo, a novel optimization framework that adapts the oracle gradient to the flatness component of the oracle gradient. Our results show that adaptively modifying the oracle gradient can yield tangible efficiency gains in continual learning (CL). We further demonstrate that C-Flat Turbo is more efficient than standard optimizers due to the overhead of estimating the flatness component. Extensive experiments demonstrate that C-Flat Turbo can be seamlessly plugged into a wide range of CL methods to provide consistent training speedups.","{""R1_F1"": 0.45695364238410596, ""R1_P"": 0.5702479338842975, ""R1_R"": 0.3812154696132597, ""R2_F1"": 0.14, ""R2_P"": 0.175, ""R2_R"": 0.11666666666666667, ""R3_F1"": 0.08053691275167785, ""R3_P"": 0.10084033613445378, ""R3_R"": 0.0670391061452514, ""RL_F1"": 0.271523178807947, ""RL_P"": 0.33884297520661155, ""RL_R"": 0.2265193370165746, ""BS_F1"": 0.867415189743042, ""BS_P"": 0.8797308802604675, ""BS_R"": 0.8554396629333496, ""FAITH"": 0.3802440861860911}","In continuous learning (CL), catastrophic forgetting is a major obstacle due to the high generalization and robustness of pre-trained models (PTMs). However, existing approaches have shown that optimizing for flat regions can significantly reduce forgetting. We propose C-Flat Turbo, a novel optimization framework that adapts the oracle gradient to the flatness component of the oracle gradient.","{""R1_F1"": 0.34309623430962344, ""R1_P"": 0.7068965517241379, ""R1_R"": 0.2265193370165746, ""R2_F1"": 0.08438818565400844, ""R2_P"": 0.17543859649122806, ""R2_R"": 0.05555555555555555, ""R3_F1"": 0.0425531914893617, ""R3_P"": 0.08928571428571429, ""R3_R"": 0.027932960893854747, ""RL_F1"": 0.20083682008368198, ""RL_P"": 0.41379310344827586, ""RL_R"": 0.13259668508287292, ""BS_F1"": 0.8545631170272827, ""BS_P"": 0.8733960390090942, ""BS_R"": 0.8365252017974854, ""FAITH"": 0.7654457489649454}",lora_t5_r128_alpha256
